

0000	      ;	; Processor:	    M6502
0000	      ;
0000		      ;.segment	RAM
0000	      unk_0_0:;	0 .BYTE	uninited & unexplored ;	FillCRAM+2↓o
0001 ??	      byte_0_1:.BYTE 0 ; (uninited)	  ; TapeMotorControl↓r
0001						  ; TapeMotorControl+6↓r
0001						  ; TapeMotorControl+A↓w
0001						  ; TapeMotorControl+15↓r
0001						  ; TapeMotorControl+19↓w
0001						  ; Entry+3↓w Restart0+3↓w
0001						  ; ShowTitle+6E↓r
0001						  ; ShowTitle+74↓w
0001						  ; ShowTitle+85↓r
0001						  ; ShowTitle+8B↓w
0001						  ; UpdateTextScore+1↓r
0001						  ; UpdateTextScore+7↓w
0001						  ; UpdateTextScore+3F↓r
0001						  ; UpdateTextScore+45↓w
0002 ??	      byte_0_2:.BYTE 0 ; (uninited)	  ; RdSpriteState+5↓w
0002						  ; RdSpriteState+25↓r
0002						  ; RdSpriteState+30↓r
0002						  ; RdSpriteState+37↓r
0002						  ; RdSpriteState+3E↓r
0002						  ; RdSpriteState+45↓r
0002						  ; RdSpriteState+4C↓r
0002						  ; WrSpriteState+5↓w
0002						  ; WrSpriteState+2C↓r
0002						  ; WrSpriteState+3F↓r
0002						  ; WrSpriteState+52↓r
0002						  ; WrSpriteState+65↓r
0002						  ; WrSpriteState+78↓r
0002						  ; WrSpriteState+8B↓r
0002						  ; 2 &	3 only used in rd/wr sprite
0003 ??	      byte_0_3:.BYTE 0 ; (uninited)	  ; RdSpriteState+9↓w
0003						  ; WrSpriteState+9↓w
0003						  ; WrSpriteState+36↓r
0003						  ; WrSpriteState+49↓r
0003						  ; WrSpriteState+5C↓r
0003						  ; WrSpriteState+6F↓r
0003						  ; WrSpriteState+82↓r
0003						  ; WrSpriteState+95↓r
0004 ??	      SpriteNum:.BYTE 0	; (uninited)	  ; RdSpriteState↓r
0004						  ; WrSpriteState↓r
0004						  ; GameLoop+A4↓w GameLoop+AB↓w
0004						  ; GameLoop+D3↓w GameLoop+E7↓w
0004						  ; BlowInto001+2↓w
0004						  ; BlowInto001+9↓w
0004						  ; BlowInto001+1C↓w
0004						  ; BlowInto001+45↓w
0004						  ; dMd2_explosion+8↓w
0004						  ; dMd1_bullet+8↓w
0004						  ; dMd0_droid+10↓w
0004						  ; dMd0_droid+4A↓r
0004						  ; dMd0_droid+5C↓w
0004						  ; DoCollision+6↓w
0004						  ; DoCollision+9↓w
0004						  ; DoCollision+D↓r
0004						  ; DoCollision+1B↓w
0004						  ; DoCollision+33↓r
0004						  ; DoCollision+41↓r
0004						  ; DoCollision+45↓w
0004						  ; DoCollision+5E↓w
0004						  ; DoCollision+69↓r
0004						  ; DoCollision+107↓r
0004						  ; DoCollision2+19↓r
0004						  ; DoCollision2+1D↓w
0004						  ; DoCollision2+27↓r
0004						  ; ExplodeSprite+14↓r
0004						  ; GetDroidBySprNum↓r
0004						  ; xferInitDroid+2↓w
0004						  ; FinishTransfer2+34↓w ...
0005 ??	??    SpriteX:.BYTE 0,0	; (uninited)	  ; RdSpriteState+1B↓w
0005						  ; WrSpriteState+18↓r
0005						  ; GameLoop+B6↓r GameLoop+B8↓w
0005						  ; SetSpriteXY+C↓w
0005						  ; MovePlyFire+21↓r
0005						  ; MovePlyFire+23↓w
0005						  ; MovePlyFire+2C↓r
0005						  ; MovePlyFire+2E↓w
0005						  ; MovePlyFire+3A↓r
0005						  ; MovePlyFire+43↓r
0005						  ; MovePlyFire+45↓w
0005						  ; MovePlyFire+4E↓r
0005						  ; MovePlyFire+50↓w
0005						  ; SpriteHitWall+17↓r
0005						  ; DoFire+5E↓r	DoFire+60↓w
0005						  ; BuildIntroSprites+37↓w
0005						  ; BuildIntroSprites+58↓r
0005						  ; BuildIntroSprites+5D↓w
0005						  ; SubGameSelectSide+122↓w
0005						  ; SubGameSelectSide+147↓w
0005						  ; SubGameSelectSide+1E8↓w
0005						  ; SubGameSelectSide+1F9↓w
0005						  ; RdSpriteState+2B↓w
0005						  ; WrSpriteState+22↓r
0005						  ; WrSpriteState+26↓w
0005						  ; WrSpriteState+28↓r
0005						  ; SetSpriteXY+14↓w
0005						  ; MovePlyFire+25↓r
0005						  ; MovePlyFire+30↓r
0005						  ; MovePlyFire+36↓w ...
0007 ??	      SpriteY:.BYTE 0 ;	(uninited)	  ; RdSpriteState+20↓w
0007						  ; WrSpriteState+1D↓r
0007						  ; GameLoop+C7↓r GameLoop+C9↓w
0007						  ; SetSpriteXY+5↓w
0007						  ; MovePlyFire+E↓r
0007						  ; MovePlyFire+16↓w
0007						  ; SpriteHitWall↓r DoFire+51↓r
0007						  ; DoFire+53↓w
0007						  ; BuildIntroSprites+7B↓r
0007						  ; BuildIntroSprites+7D↓w
0007						  ; SubGameSelectSide+12C↓w
0007						  ; SubGameSelectSide+153↓w
0008 ??	      SpriteEna:.BYTE 0	; (uninited)	  ; RdSpriteState+32↓w
0008						  ; WrSpriteState+87↓r
0008						  ; GameLoop+E2↓w
0008						  ; BlowInto001+5A↓w
0008						  ; dMd1_bullet+27↓w
0008						  ; dMd1_bullet+2D↓w
0008						  ; dMd0_droid+3A↓w
0008						  ; dMd0_droid+6E↓w
0008						  ; MovePlyFire+7↓r
0008						  ; MovePlyFire+83↓w DoFire+69↓w
0008						  ; SubGameSelectSide+11E↓w
0008						  ; SubGameSelectSide+145↓w
0009 ??	      SpriteYExp:.BYTE 0 ; (uninited)	  ; RdSpriteState+39↓w
0009						  ; WrSpriteState+4E↓r
0009						  ; dMd0_droid+46↓w
000A ??	      SpritePri:.BYTE 0	; (uninited)	  ; RdSpriteState+40↓w
000A						  ; WrSpriteState+74↓r
000A						  ; dMd0_droid+48↓w
000B ??	      SpriteMC:.BYTE 0 ; (uninited)	  ; RdSpriteState+47↓w
000B						  ; WrSpriteState+3B↓r
000B						  ; BlowInto001+D↓w
000B						  ; dMd1_bullet+36↓w
000B						  ; dMd0_droid+42↓w
000B						  ; ExplodeSprite+1E↓w
000B						  ; Disruptor+C2↓w
000B						  ; BuildIntroSprites+33↓w
000B						  ; BuildIntroSprites+4F↓w
000B						  ; SubGameSelectSide+126↓w
000B						  ; SubGameSelectSide+14D↓w
000C ??	      SpriteXExp:.BYTE 0 ; (uninited)	  ; RdSpriteState+4E↓w
000C						  ; WrSpriteState+61↓r
000C						  ; dMd0_droid+44↓w
000D ??	      SpriteColor:.BYTE	0 ; (uninited)	  ; RdSpriteState+E↓w
000D						  ; WrSpriteState+B↓r FillCRAM↓w
000D						  ; FillCRAM+19↓r
000D						  ; BlowInto001+11↓w
000D						  ; dMd1_bullet+41↓w
000D						  ; dMd1_bullet+77↓w
000D						  ; dMd0_droid+3E↓w
000D						  ; ExplodeSprite+22↓w
000D						  ; xsub_Black4+F↓w
000D						  ; xsub_Black4+19↓r
000D						  ; xsub_Black4+2C↓r
000D						  ; Disruptor+C6↓w
000D						  ; conWaitInput+1B↓w
000D						  ; conWaitInput+40↓w
000D						  ; MovePlyFire+63↓w
000D						  ; BuildIntroSprites+29↓w
000D						  ; SubGameSelectSide+130↓w
000D						  ; SubGameSelectSide+14F↓w
000E ??	      SpriteImage:.BYTE	0 ; (uninited)	  ; RdSpriteState+13↓w
000E						  ; WrSpriteState+10↓r
000E						  ; GameLoop+BC↓w GameLoop+D8↓w
000E						  ; GameLoop+DA↓r
000E						  ; BlowInto001+15↓w
000E						  ; BlowInto001+4A↓w
000E						  ; BlowInto001+4C↓r
000E						  ; dMd2_explosion+15↓w
000E						  ; dMd2_explosion+17↓r
000E						  ; dMd1_bullet+32↓w
000E						  ; dMd1_bullet+43↓r
000E						  ; dMd1_bullet+49↓w
000E						  ; dMd1_bullet+4E↓w
000E						  ; dMd1_bullet+7B↓w
000E						  ; dMd0_droid+52↓w
000E						  ; ExplodeSprite+26↓w
000E						  ; Disruptor+CA↓w
000E						  ; MovePlyFire+65↓r
000E						  ; MovePlyFire+6F↓w
000E						  ; MovePlyFire+74↓w
000E						  ; MovePlyFire+88↓w DoFire+46↓w
000E						  ; BuildIntroSprites+2F↓w
000E						  ; BuildIntroSprites+42↓r
000E						  ; BuildIntroSprites+63↓w
000E						  ; BuildIntroSprites+6B↓w
000E						  ; SubGameSelectSide+134↓w
000E						  ; SubGameSelectSide+15D↓w
000F ??	      tmp1:   .BYTE 0 ;	(uninited)	  ; DoScore+6B↓w DoScore+75↓r
000F						  ; DoScore+88↓r DoScore+9A↓w
000F						  ; DoScore+A1↓w NextLevel+2D↓w
000F						  ; NextLevel+40↓r
000F						  ; NextLevel+4F↓r
000F						  ; NextLevel+53↓w
000F						  ; NextLevel+5D↓r GetNewDir+4↓w
000F						  ; GetNewDir+14↓r
000F						  ; GetNewDir+1F↓r
000F						  ; GetNewDir+23↓w
000F						  ; GetNewDir+29↓r
000F						  ; GetNewDir+33↓w
000F						  ; Disruptor+AD↓w
000F						  ; Disruptor+D3↓r
000F						  ; AnimateIntoFont+2A↓w
000F						  ; AnimateIntoFont+34↓r
000F						  ; AnimateIntoFont+36↓w
000F						  ; AnimateIntoFont+3C↓r
000F						  ; ChangeDeck+12↓w
000F						  ; ChangeDeck+1B↓r
000F						  ; GetNearChar+15↓w
000F						  ; GetNearChar+2C↓r
000F						  ; PrintDroidInfo+32↓w
000F						  ; PrintDroidInfo+3E↓r
000F						  ; DoEnemyFire+A↓w
000F						  ; AddBullet+65↓r
000F						  ; AddBullet+6C↓r
000F						  ; DrawScreen+48↓w ...
0010 ??	      currentIdx:.BYTE 0 ; (uninited)	  ; DoScore+67↓w DoScore+7C↓r
0010						  ; DoScore+8F↓w DoScore+91↓r
0010						  ; RunDroids+B↓w RunDroids+2E↓r
0010						  ; dMd2_explosion+21↓r
0010						  ; dMd1_bullet+15↓r
0010						  ; dMd1_bullet+53↓r
0010						  ; dMd1_bullet+6E↓r
0010						  ; dMd0_droid+57↓r
0010						  ; dMd0_droid+75↓r
0010						  ; DoCollision+13↓w
0010						  ; DoCollision+25↓r
0010						  ; DoCollision+43↓r
0010						  ; DoCollision+47↓w
0010						  ; DoCollision2+17↓r
0010						  ; DoCollision2+1B↓w
0010						  ; GetNewDir+49↓r Regenerate↓r
0010						  ; lift_HighlightDeck+5↓w
0010						  ; lift_HighlightDeck+23↓r
0010						  ; lift_HighlightDeck+64↓w
0010						  ; GetNearChar+17↓w
0010						  ; GetNearChar+2A↓r
0010						  ; DoEnemyFire↓r
0010						  ; DoEnemyFire+28↓r
0010						  ; AddBullet+38↓r
0010						  ; DrawScreen+44↓w
0010						  ; DrawScreen+66↓w
0010						  ; DrawScreen+9E↓w
0010						  ; DrawScreen+B6↓w ...
0011 ??	      xfer_cpuSpriteX:.BYTE 0 ;	(uninited) ; InitDeckDroids+4B↓w
0011						  ; InitDeckDroids+4F↓r
0011						  ; InitDeckDroids+6D↓r
0011						  ; RunDroids+D↓w RunDroids+30↓r
0011						  ; RunDroids+32↓r
0011						  ; xfer_DoColumn↓w
0011						  ; xfer_DoColumn+E↓r
0011						  ; xfer_DoColumn+1F↓r
0011						  ; xfer_DoColumn+4E↓r
0011						  ; xfer_DoColumn+56↓r
0011						  ; xfer_DoColumn+6E↓r
0011						  ; xfer_DoColumn+B4↓r
0011						  ; xfer_DoColumn+F1↓r
0011						  ; xferDrawCBar↓w
0011						  ; xferDrawCBar+21↓r
0011						  ; lift_HighlightDeck+21↓w
0011						  ; lift_HighlightDeck+55↓r
0011						  ; lift_HighlightDeck+9D↓r
0011						  ; CloseDoors+1E↓w
0011						  ; CloseDoors+42↓r
0011						  ; CloseDoors+47↓w
0011						  ; CloseDoors+6C↓r
0011						  ; CloseDoors+71↓w
0011						  ; CloseDoors+73↓r
0011						  ; AnimAllInsideFont+4E↓w
0011						  ; AnimAllInsideFont+53↓r
0011						  ; MirrorSprite+3B↓w
0011						  ; MirrorSprite+55↓w
0011						  ; MirrorSprite+66↓w
0011						  ; MirrorSprite+85↓w
0011						  ; SubGameSelectSide+192↓w ...
0012 ??	??    ptr_12: .BYTE 0,0	; (uninited)	  ; InitDeckDroids+18↓w
0012						  ; InitDeckDroids+20↓r
0012						  ; InitDeckDroids+29↓r
0012						  ; FindWaypoint+1B↓r
0012						  ; xfer_DoColumn+A5↓w
0012						  ; xfer_DoColumn+B9↓r
0012						  ; xfer_DoColumn+E2↓w
0012						  ; xfer_DoColumn+106↓r
0012						  ; LineOfVisibility↓r
0012						  ; LineOfVisibility+E↓r
0012						  ; LineOfVisibility+32↓r
0012						  ; LineOfVisibility+6B↓r
0012						  ; LineOfVisibility+97↓r
0012						  ; LineOfVisibility+D4↓r
0012						  ; GetDroidCharPos+2↓w
0012						  ; GetDroidCharPos+1E↓r
0012						  ; BuildLevel+44↓w
0012						  ; BuildLevel+5E↓r
0012						  ; BuildLevel+67↓r
0012						  ; BuildLevel+6C↓w
0012						  ; BuildIntroSprites+2↓w
0012						  ; BuildIntroSprites+2D↓r
0012						  ; BuildIntroSprites+67↓r
0012						  ; BuildIntroSprites+82↓r
0012						  ; xfer_PutSplitter+6↓w
0012						  ; xfer_PutSplitter+38↓r
0012						  ; xfer_PutSplitter+64↓r
0012						  ; xfer_PutJoiner+6↓w
0012						  ; xfer_PutJoiner+2C↓r
0012						  ; xfer_PutJoiner+58↓r
0012						  ; InitDeckDroids+1C↓w
0012						  ; FindWaypoint+8↓r ...
0014 ??	??    ptr_14: .BYTE 0,0	; (uninited)	  ; StartGame+D2↓w
0014						  ; StartGame+DC↓r
0014						  ; xfer_PlayLeft+14↓w
0014						  ; xfer_PlayLeft+29↓w
0014						  ; xfer_PlayLeft+46↓w
0014						  ; xfer_PlayRight+14↓w
0014						  ; xfer_PlayRight+29↓w
0014						  ; xfer_PlayRight+46↓w
0014						  ; xfer_put1+2↓w
0014						  ; LineOfVisibility+30↓r
0014						  ; LineOfVisibility+69↓r
0014						  ; LineOfVisibility+95↓r
0014						  ; LineOfVisibility+D2↓r
0014						  ; TestNextPiece+9↓r
0014						  ; TestNextPiece+B↓w
0014						  ; TestNextPiece+1A↓r
0014						  ; CalcDeltaAdd+C↓w
0014						  ; CalcDeltaAdd+16↓r
0014						  ; CalcDeltaAdd+1B↓w
0014						  ; CalcDeltaAdd+2A↓r
0014						  ; CalcDeltaAdd+30↓w
0014						  ; CalcDeltaAdd+3F↓r
0014						  ; CalcDeltaAdd+4B↓w
0014						  ; OpenDoor+4↓w OpenDoor+14↓r
0014						  ; OpenDoor+2A↓r OpenDoor+69↓r
0014						  ; OpenDoor+6D↓w OpenDoor+70↓r
0014						  ; OpenDoor+74↓w OpenDoor+87↓r
0014						  ; OpenDoor+8B↓w ...
0016 ??	      joyYDir:.BYTE 0 ;	(uninited)	  ; ReadJoystick+2↓w
0016						  ; ReadJoystick+35↓w
0016						  ; ReadJoystick+3C↓w
0016						  ; TitleLoop+ED↓r
0016						  ; TitleLoop+103↓r
0016						  ; TitleLoop+127↓r
0016						  ; TitleLoop+14E↓r
0016						  ; GameLoop+12D↓r
0016						  ; xfer_DoMove+9↓r
0016						  ; xfer_DoMove+10↓r
0016						  ; xfer_GetMove+16↓w
0016						  ; xfer_GetMove+1B↓w
0016						  ; xfer_GetMove+2C↓w
0016						  ; xfer_GetMove+31↓w
0016						  ; DoLift+24↓r	ChangeDeck+3↓r
0016						  ; conWaitInput↓r DrInfo1↓r
0016						  ; DrInfo1+8↓r	DrInfo4+2↓r
0016						  ; DoMoveMode+2B↓r
0016						  ; DoMoveMode+4C↓r DoFire+C↓r
0016						  ; DoFire+32↓r	DoFire+48↓r
0016						  ; CalcSpeed+58↓r
0016						  ; GetInitial+7↓r
0017 ??	      joyXDir:.BYTE 0 ;	(uninited)	  ; ReadJoystick+4↓w
0017						  ; ReadJoystick+1D↓w
0017						  ; ReadJoystick+24↓w
0017						  ; GameLoop+12F↓r DrInfo1+37↓r
0017						  ; DrInfo3+7↓r	DrInfo4↓r
0017						  ; DoMoveMode+2D↓r
0017						  ; DoMoveMode+4A↓r DoFire+E↓r
0017						  ; DoFire+36↓r	DoFire+3A↓r
0017						  ; DoFire+55↓r	CalcSpeed↓r
0017						  ; SubGameSelectSide+199↓r
0017						  ; GetInitial+9↓r
0018 ??	      joyFire:.BYTE 0 ;	(uninited)	  ; ReadJoystick+41↓w
0018						  ; DoCheese+2F↓r TitleLoop+E6↓r
0018						  ; TitleLoop+FC↓r
0018						  ; TitleLoop+116↓r
0018						  ; TitleLoop+14A↓r
0018						  ; GameLoop+129↓r
0018						  ; xfer_DoMove+34↓r
0018						  ; xfer_GetMove+1F↓w
0018						  ; xfer_GetMove+33↓w
0018						  ; DoLift+2B↓r	WaitNoFire+C↓r
0018						  ; ShowTitle+9C↓r
0018						  ; conWaitInput+49↓r
0018						  ; con_DroidInfo↓r
0018						  ; con_DeckInfo↓r
0018						  ; con_ShipInfo↓r
0018						  ; DoMoveMode+A↓r
0018						  ; DoMoveMode+12↓r
0018						  ; DoMoveMode+27↓r
0018						  ; PrintTokenString+50↓r
0018						  ; DoPause+65↓r DoPause+81↓r
0018						  ; SubGameSelectSide+1B9↓r
0018						  ; GetInitial+31↓r
0018						  ; GetInitial+38↓r
0019 ??	      FKeys:  .BYTE 0 ;	(uninited)	  ; ReadFKeys+14↓w
0019						  ; ReadFKeys+20↓r
0019						  ; ReadFKeys+22↓w
0019						  ; ReadFKeys+30↓r
0019						  ; ReadFKeys+34↓w DoCheese↓r
0019						  ; DoCheese+6↓r DoCheese+33↓r
0019						  ; DoCheese+39↓r
0019						  ; AdjustVolume+6↓r
0019						  ; AdjustVolume+C↓r DoBlkWhte↓r
0019						  ; DoBlkWhte+6↓r
001A ??	??    src:    .BYTE 0,0	; (uninited)	  ; StartGame+9C↓w
001A						  ; StartGame+AB↓r
001A						  ; StartGame+C0↓r GameLoop+2E↓w
001A						  ; GameLoop+97↓w GameLoop+120↓w
001A						  ; RunGame+16↓w
001A						  ; InitDeckDroids+4↓r
001A						  ; InitDeckDroids+8↓w
001A						  ; InitDeckDroids+59↓r
001A						  ; InitDeckDroids+6B↓r
001A						  ; InitDeckDroids+7F↓r
001A						  ; InitDeckDroids+83↓w
001A						  ; GetWaypoints+5↓w
001A						  ; FindWaypoint+10↓r
001A						  ; FindWaypoint+19↓r
001A						  ; FindWaypoint+28↓r
001A						  ; FindWaypoint+2C↓w
001A						  ; GetNewDir+2↓r
001A						  ; xfer_DoMove+58↓w
001A						  ; xfer_PlayLeft+C↓w
001A						  ; xfer_PlayLeft+21↓w
001A						  ; xfer_PlayLeft+3E↓w
001A						  ; xfer_PlayRight+C↓w
001A						  ; xfer_PlayRight+21↓w
001A						  ; xfer_PlayRight+3E↓w
001A						  ; xfer_DoColumn+8↓r
001A						  ; xfer_DoColumn+18↓r
001A						  ; xfer_DoColumn+1D↓w
001A						  ; xfer_DoColumn+65↓r
001A						  ; xfer_DoColumn+6A↓w
001A						  ; xfer_DoColumn+83↓w ...
001C ??	??    dest:   .BYTE 0,0	; (uninited)	  ; FillCRAM+4↓w FillCRAM+F↓r
001C						  ; FillCRAM+13↓w FillCRAM+20↓r
001C						  ; FillCRAM+24↓w StartGame+BD↓w
001C						  ; StartGame+D4↓r
001C						  ; NextLevel+17↓w
001C						  ; NextLevel+42↓w
001C						  ; NextLevel+61↓w
001C						  ; NextLevel+6C↓r
001C						  ; NextLevel+71↓w
001C						  ; xfer_DoMove+3B↓r 1DF4↓w
001C						  ; xferDrawPulser+4↓w
001C						  ; xfer_PlayLeft+4↓w
001C						  ; xfer_PlayLeft+31↓w
001C						  ; xfer_PlayLeft+4E↓w
001C						  ; xfer_PlayRight+4↓w
001C						  ; xfer_PlayRight+31↓w
001C						  ; xfer_PlayRight+4E↓w
001C						  ; xfer_DoColumn+10↓r
001C						  ; xfer_DoColumn+21↓r
001C						  ; xfer_DoColumn+3F↓r
001C						  ; xfer_DoColumn+43↓w
001C						  ; xfer_DoColumn+A1↓r
001C						  ; xfer_DoColumn+AA↓r
001C						  ; xfer_DoColumn+AE↓w
001C						  ; xfer_DoColumn+BD↓w
001C						  ; xfer_DoColumn+DE↓r
001C						  ; xfer_DoColumn+E7↓r
001C						  ; xfer_DoColumn+EB↓w ...
001E ??	??    dest2:  .BYTE 0,0	; (uninited)	  ; xfer_DoMove+74↓w 1DF8↓w
001E						  ; xferDrawPulser+8↓w
001E						  ; xsub_Black4+B↓r
001E						  ; xsub_Black4+1B↓w
001E						  ; xsub_Black4+2E↓w
001E						  ; xferDrawCBar+23↓r
001E						  ; xferDrawCBar+27↓w
001E						  ; xferDrawCBar+2A↓w
001E						  ; xferDrawCBar+2E↓r
001E						  ; xferDrawCBar+4E↓w
001E						  ; xferPutResultColor+2↓w
001E						  ; xferPutResultColor+B↓w
001E						  ; xferPutResultColor+E↓w
001E						  ; xferPutResultColor+12↓w
001E						  ; xferPutResultColor+15↓w
001E						  ; FindLift+54↓w FindLift+57↓r
001E						  ; FindLift+5B↓w
001E						  ; Scr2ColorRAM+2↓w
001E						  ; con_DeckInfo+5C↓w
001E						  ; EndGame+1D↓w
001E						  ; SubGameSelectSide+101↓w
001E						  ; xfer_PutAutoPulser+6↓w
001E						  ; xfer_PutTerminator+E↓w
001E						  ; xfer_PutSwitcher+E↓w
001E						  ; GetCRAMptr+2↓w
001E						  ; xfer_PutVBar+B↓w
001E						  ; xfer_PutVBar+18↓w
001E						  ; xfer_PutVBar+22↓w
001E						  ; xfer_DrawResult+2↓w
001E						  ; xfer_DrawResult+B↓w	...
0020 ??	      tmp2:   .BYTE 0 ;	(uninited)	  ; StartGame+32↓w
0020						  ; StartGame+39↓w
0020						  ; NextLevel+32↓w
0020						  ; NextLevel+34↓w
0020						  ; NextLevel+46↓w
0020						  ; NextLevel+65↓w
0020						  ; FindWaypoint+6↓w
0020						  ; FindWaypoint+32↓w
0020						  ; DoCollision+84↓r
0020						  ; DoCollision+B7↓r
0020						  ; DoCollision+10C↓r
0020						  ; ExplodeSprite↓r
0020						  ; EnemyFireEnemy↓r
0020						  ; PlyFireEnemy↓r
0020						  ; PauseDroidFor16↓r
0020						  ; ReverseDroidDir+A↓r
0020						  ; FreeSpriteTmp2↓r
0020						  ; GetDroidBySprNum+D↓w
0020						  ; xfer_DoColumn+4↓w
0020						  ; xfer_DoColumn+6↓r
0020						  ; xfer_DoColumn+16↓r
0020						  ; xfer_DoColumn+39↓r
0020						  ; xfer_DoColumn+49↓w
0020						  ; xfer_DoColumn+5B↓r
0020						  ; xfer_DoColumn+60↓r
0020						  ; xfer_DoColumn+7C↓r
0020						  ; xfer_DoColumn+88↓r
0020						  ; xfer_DoColumn+91↓r
0020						  ; xfer_DoColumn+CB↓r
0020						  ; xferDrawCBar+4↓w
0020						  ; xferDrawCBar+15↓r
0020						  ; xferDrawCBar+46↓w ...
0021 ??	?? ??+Score:  .BYTE 0,0,0,0 ; (uninited)  ; DoScore+19↓r DoScore+1D↓w
0021 ??						  ; DoScore+26↓w DoScore+41↓r
0021						  ; DoScore+45↓w DoScore+4E↓w
0021						  ; DoScore+6D↓r DoScore+7E↓r
0021						  ; StartGame+19↓w AddScore+1A↓r
0021						  ; AddScore+1E↓w AddScore+2D↓w
0021						  ; SubScore+1A↓r SubScore+1E↓w
0021						  ; SubScore+2D↓w
0021						  ; DoHighScore+A↓r
0021						  ; DoHighScore+1A↓r
0021						  ; DoHighScore+2C↓r
0021						  ; DoHighScore+63↓r
0021						  ; UpdateTextScore+1E↓r
0021						  ; UpdateTextScore+2B↓r
0021						  ; DoScore+28↓w DoScore+50↓w
0021						  ; StartGame+1B↓w AddScore+14↓r
0021						  ; AddScore+18↓w AddScore+2B↓w
0021						  ; SubScore+14↓r SubScore+18↓w
0021						  ; SubScore+2B↓w DoScore+2A↓w
0021						  ; DoScore+52↓w ...
0025 ??	      notInDeck:.BYTE 0	; (uninited)	  ; StartGame+188↓w
0025						  ; GameLoop+66↓r RunDroids+A6↓w
0025						  ; xferCheckEnd+10↓w
0025						  ; doSubGame+64↓r
0025						  ; FinishTransfer2+2F↓w
0025						  ; Capture+47↓w ShowTitle+4E↓w
0025						  ; ShowTitle+81↓r
0025						  ; DoCharUnder+45↓w
0025						  ; UpackText+37↓w
0026 ??	      scoreAdd:.BYTE 0 ; (uninited)	  ; DoScore↓r DoScore+4↓w
0026						  ; TitleLoop+A↓w TitleLoop+7E↓w
0026						  ; AddScore+1↓r AddScore+3↓w
0026						  ; AddScore+21↓w
0027 ??	      scoreSub:.BYTE 0 ; (uninited)	  ; DoScore+6↓r	DoScore+A↓w
0027						  ; DoScore+31↓r DoScore+35↓w
0027						  ; DoScore+56↓w TitleLoop+C↓w
0027						  ; TitleLoop+83↓w
0027						  ; StartGame+24↓w SubScore+1↓r
0027						  ; SubScore+3↓w SubScore+21↓w
0028 ??	??    xSpd:   .BYTE 0,0	; (uninited)	  ; TitleLoop+9B↓w
0028						  ; StartGame+49↓w
0028						  ; CheckPlyAdvance+F↓w
0028						  ; CheckPlyAdvance+2C↓w
0028						  ; CalcSpeed+7↓r CalcSpeed+B↓w
0028						  ; CalcSpeed+17↓r
0028						  ; CalcSpeed+1B↓w
0028						  ; CalcSpeed+2A↓r
0028						  ; CalcSpeed+2F↓r
0028						  ; CalcSpeed+33↓w
0028						  ; CalcSpeed+41↓r
0028						  ; CalcSpeed+45↓w
0028						  ; CalcSpeed+56↓w
0028						  ; CalcSpeed+BE↓w
0028						  ; CalcSpeed+CD↓w
0028						  ; TitleLoop+9D↓w
0028						  ; StartGame+4B↓w GameLoop+84↓w
0028						  ; BlowInto001+34↓w
0028						  ; DoCollision+A9↓r
0028						  ; DoCollision+B5↓w
0028						  ; FinishTransfer2+2B↓w
0028						  ; CheckPlyAdvance+7↓r
0028						  ; CheckPlyAdvance+D↓w
0028						  ; CheckPlyAdvance+24↓r
0028						  ; CheckPlyAdvance+2A↓w
0028						  ; MovePlyFire+3E↓r DoMove↓r
0028						  ; DoMove+9↓r DoMove+22↓r
0028						  ; CalcSpeed+D↓r ...
002A ??	??    ySpd:   .BYTE 0,0	; (uninited)	  ; TitleLoop+B9↓w
002A						  ; TitleLoop+124↓w
002A						  ; TitleLoop+13D↓w
002A						  ; StartGame+4D↓w
002A						  ; CheckPlyAdvance+4D↓w
002A						  ; CheckPlyAdvance+6A↓w
002A						  ; CalcSpeed+5F↓r
002A						  ; CalcSpeed+63↓w
002A						  ; CalcSpeed+6F↓r
002A						  ; CalcSpeed+73↓w
002A						  ; CalcSpeed+82↓r
002A						  ; CalcSpeed+87↓r
002A						  ; CalcSpeed+8B↓w
002A						  ; CalcSpeed+99↓r
002A						  ; CalcSpeed+9D↓w
002A						  ; CalcSpeed+AE↓w
002A						  ; CalcSpeed+DD↓w
002A						  ; CalcSpeed+EC↓w
002A						  ; TitleLoop+BB↓w
002A						  ; TitleLoop+129↓w
002A						  ; TitleLoop+13F↓w
002A						  ; StartGame+4F↓w GameLoop+86↓w
002A						  ; BlowInto001+32↓w
002A						  ; DoCollision+9B↓r
002A						  ; DoCollision+A7↓w
002A						  ; FinishTransfer2+2D↓w
002A						  ; CheckPlyAdvance+45↓r
002A						  ; CheckPlyAdvance+4B↓w
002A						  ; CheckPlyAdvance+62↓r
002A						  ; CheckPlyAdvance+68↓w
002A						  ; MovePlyFire+14↓r ...
002C ??	      Irq1bgColor:.BYTE	0 ; (uninited)	  ; TitleLoop+D8↓w
002C						  ; Disruptor+18↓r
002C						  ; Disruptor+7E↓w
002C						  ; Disruptor+E2↓w
002C						  ; Disruptor+E9↓w
002C						  ; SetIntroColors+2B↓w
002C						  ; InitColors+3C↓w Irq1+6↓r
002C						  ; conRedraw+B↓w
002C						  ; SaveVicState+41↓r
002C						  ; RestoreVicState+44↓w
002C						  ; con_DeckInfo+13↓w
002C						  ; con_DeckInfo+2C↓w
002C						  ; con_ShipInfo+24↓w
002C						  ; GotoHires+7↓w EndGame+2↓w
002C						  ; Irq_118+D↓r
002C						  ; SubGameSelectSide+2↓w
002D ??	??    ScreenPosX:.BYTE 0,0 ; (uninited)	  ; TitleLoop+93↓w
002D						  ; TitleLoop+158↓r
002D						  ; TitleLoop+15D↓w
002D						  ; StartGame+D8↓w DoLift+67↓r
002D						  ; DoLift+73↓w
002D						  ; CheckPlyAdvance+11↓r
002D						  ; CheckPlyAdvance+18↓w
002D						  ; CheckPlyAdvance+2E↓r
002D						  ; CheckPlyAdvance+35↓w
002D						  ; DroidNear+3↓r DoMove+6↓r
002D						  ; DoMove+B↓w DoMove+16↓r
002D						  ; DoMove+1F↓r	DoMove+24↓w
002D						  ; DrawScreen↓r TitleLoop+95↓w
002D						  ; TitleLoop+C7↓r
002D						  ; TitleLoop+15F↓r
002D						  ; TitleLoop+163↓w
002D						  ; StartGame+DA↓w DoLift+75↓w
002D						  ; CheckPlyAdvance+39↓w
002D						  ; DroidNear+8↓r DoMove+D↓r
002D						  ; DoMove+11↓w	DoMove+26↓r
002D						  ; DoMove+2A↓w	DrawScreen+7↓r
002F ??	??    ScreenPosY:.BYTE 0,0 ; (uninited)	  ; TitleLoop+97↓w
002F						  ; TitleLoop+B5↓w
002F						  ; TitleLoop+131↓r
002F						  ; StartGame+E0↓w DoLift+43↓r
002F						  ; DoLift+4F↓w
002F						  ; CheckPlyAdvance+4F↓r
002F						  ; CheckPlyAdvance+56↓w
002F						  ; CheckPlyAdvance+6C↓r
002F						  ; CheckPlyAdvance+73↓w
002F						  ; DroidNear+31↓r DoMove+35↓r
002F						  ; DoMove+3A↓w	DoMove+45↓r
002F						  ; DoMove+4C↓r	DoMove+51↓w
002F						  ; DrawScreen+14↓r
002F						  ; TitleLoop+99↓w
002F						  ; TitleLoop+B7↓w
002F						  ; TitleLoop+12B↓r
002F						  ; StartGame+E2↓w DoLift+51↓w
002F						  ; CheckPlyAdvance+77↓w
002F						  ; DroidNear+36↓r DoMove+3C↓r
002F						  ; DoMove+40↓w	DoMove+53↓r
002F						  ; DoMove+57↓w	DrawScreen+1B↓r
0031 ??	      byte_0_31:.BYTE 0	; (uninited)	  ; FindLift+8↓r DrawScreen+5↓w
0031						  ; DrawScreen+3E↓r
0031						  ; DrawScreen+6F↓r
0031						  ; DrawScreen+D1↓r
0032 ??	      byte_0_32:.BYTE 0	; (uninited)	  ; FindLift+2↓r DrawScreen+19↓w
0032						  ; DrawScreen+46↓r
0032						  ; DrawScreen+C8↓r
0033 ??	      deckNum:.BYTE 0 ;	(uninited)	  ; StartGame+7C↓w
0033						  ; StartGame+117↓r
0033						  ; InitDeckDroids+12↓r
0033						  ; GetWaypoints↓r
0033						  ; lift_HighlightDeck↓r
0033						  ; DoLift+A↓r ChangeDeck+1D↓w
0033						  ; FindLift+1F↓r
0033						  ; InitColors+1A↓r
0033						  ; ConsoleMain+28↓r
0033						  ; con_DeckInfo+15↓r
0033						  ; BuildLevel+C↓r
0034 ??	      DecelerationNeg:.BYTE 0 ;	(uninited) ; StartGame+159↓w
0034						  ; CalcSpeed+31↓r
0034						  ; CalcSpeed+89↓r
0035 ??	      Acceleration:.BYTE 0 ; (uninited)	  ; StartGame+15E↓w
0035						  ; CalcSpeed+9↓r CalcSpeed+61↓r
0036 ??	      MaxSpeed:.BYTE 0 ; (uninited)	  ; StartGame+173↓w
0036						  ; BlowInto001+65↓w
0036						  ; xferInitDroid+19↓w
0036						  ; CalcSpeed+B4↓r
0036						  ; CalcSpeed+B8↓r
0036						  ; CalcSpeed+D3↓r
0036						  ; CalcSpeed+D7↓r
0037 ??	      Deceleration:.BYTE 0 ; (uninited)	  ; StartGame+163↓w
0037						  ; CalcSpeed+43↓r
0037						  ; CalcSpeed+9B↓r
0038 ??	      AccelerationNeg:.BYTE 0 ;	(uninited) ; StartGame+168↓w
0038						  ; CalcSpeed+19↓r
0038						  ; CalcSpeed+71↓r
0039 ??	      MaxSpeedNeg:.BYTE	0 ; (uninited)	  ; StartGame+177↓w
0039						  ; StartGame+179↓w
0039						  ; BlowInto001+69↓w
0039						  ; BlowInto001+6B↓w
0039						  ; xferInitDroid+1D↓w
0039						  ; xferInitDroid+1F↓w
0039						  ; CalcSpeed+C3↓r
0039						  ; CalcSpeed+C7↓r
0039						  ; CalcSpeed+E2↓r
0039						  ; CalcSpeed+E6↓r
003A ??	      moveMode:.BYTE 0 ; (uninited)	  ; StartGame+61↓w
003A						  ; GameLoop+117↓w
003A						  ; GameLoop+133↓r
003A						  ; GameLoop+137↓w
003A						  ; GameLoop+13E↓w
003A						  ; DoCollision+80↓r
003A						  ; DoCharUnder+12↓r
003A						  ; DoCharUnder+3C↓r
003A						  ; DoMoveMode↓r DoMoveMode+1F↓w
003A						  ; DoMoveMode+3D↓w
003A						  ; DoMoveMode+47↓w
003A						  ; DoMoveMode+56↓w DoMobile+6↓w
003A						  ; AnimateDroids+EA↓r
003B ??	      numDoors:.BYTE 0 ; (uninited)	  ; StartGame+131↓w OpenDoor+C↓r
003B						  ; OpenDoor+22↓r OpenDoor+28↓w
003B						  ; CloseDoors↓r CloseDoors+93↓r
003B						  ; CloseDoors+9A↓w
003C ??	      consoleState:.BYTE 0 ; (uninited)	  ; GameLoop+4D↓r GameLoop+111↓w
003C						  ; GameLoop+14A↓r Console↓r
003C						  ; Console+6↓r	conRedraw↓r
003C						  ; conRedraw+4↓w
003C						  ; conWaitInput+6↓r
003C						  ; conWaitInput+C↓w
003C						  ; conWaitInput+27↓r
003C						  ; conWaitInput+2D↓w
003C						  ; conWaitInput+32↓r
003C						  ; conWaitInput+4D↓r
003C						  ; conWaitInput+51↓w
003C						  ; con_Back2Main↓r
003C						  ; con_Back2Main+4↓w
003C						  ; DoCharUnder+16↓w
003C						  ; DoCharUnder+36↓w
003C						  ; DoCharUnder+39↓w
003C						  ; DoCharUnder+40↓w
003C						  ; DoMobile+A↓w
003D ??	??    droidScrX:.BYTE 0,0 ; (uninited)	  ; DroidNear+10↓w
003D						  ; DroidNear+22↓r
003D						  ; DroidNear+28↓r
003D						  ; SetSpriteXY+7↓r
003D						  ; DroidNear+A↓w DroidNear+12↓r
003D						  ; DroidNear+16↓w
003D						  ; SetSpriteXY+E↓r
003F ??	??    droidScrY:.BYTE 0,0 ; (uninited)	  ; DroidNear+3E↓w
003F						  ; DroidNear+4E↓r
003F						  ; DroidNear+56↓r SetSpriteXY↓r
003F						  ; DroidNear+38↓w
003F						  ; DroidNear+40↓r
003F						  ; DroidNear+44↓w
0041 ??	??    dPosX:  .BYTE 0,0	; (uninited)	  ; MoveDroid+15↓w
0041						  ; MoveDroid+25↓w
0041						  ; GetDroidCharPos↓r
0041						  ; DroidNear↓r	MoveDroid+2F↓w
0041						  ; GetDroidCharPos+4↓r
0041						  ; DroidNear+6↓r
0043 ??	??    dPosY:  .BYTE 0,0	; (uninited)	  ; MoveDroid+46↓w
0043						  ; MoveDroid+56↓w
0043						  ; GetDroidCharPos+F↓r
0043						  ; DroidNear+2E↓r
0043						  ; MoveDroid+60↓w
0043						  ; GetDroidCharPos+13↓r
0043						  ; DroidNear+34↓r
0045 ??	      byte_0_45:.BYTE 0	; (uninited)	  ; sub_0_BE9+34↓r DrInfo2+4↓r
0045						  ; DrInfo0+12↓w
0045						  ; PrintTokenString+C↓w
0046 ??	      byte_0_46:.BYTE 0	; (uninited)	  ; DrInfo2↓r DrInfo0+16↓w
0046						  ; PrintTokenString+12↓w
0047 ??	      sndVolume:.BYTE 0	; (uninited)	  ; Sound+20↓r sub_0_900+17↓w
0047						  ; AdjustVolume+10↓r
0047						  ; AdjustVolume+16↓w
0047						  ; AdjustVolume+1B↓r
0047						  ; AdjustVolume+21↓w
0047						  ; AdjustVolume+23↓r
0047						  ; AdjustVolume+3A↓r
0048 ??	      hScroll:.BYTE 0 ;	(uninited)	  ; Disruptor+85↓w
0048						  ; SaveVicState+48↓w
0048						  ; GotoHires+10↓w DoMove+1A↓w
0048						  ; Irq_91+19↓r
0049 ??	      vScroll:.BYTE 0 ;	(uninited)	  ; Disruptor+95↓w
0049						  ; SaveVicState+4A↓w
0049						  ; GotoHires+12↓w EndGame+41↓w
0049						  ; DoMove+49↓w	Irq_91+12↓r
0049						  ; Irq_91+37↓r
004A ??	      frameCount:.BYTE 0 ; (uninited)	  ; AdjustVolume↓r
004A						  ; TitleLoop+B3↓w
004A						  ; TitleLoop+109↓r
004A						  ; TitleLoop+139↓w
004A						  ; TitleLoop+154↓r GameLoop+4↓w
004A						  ; GameLoop+FF↓r GameLoop+150↓w
004A						  ; RunGame+3↓w	Regenerate+A↓r
004A						  ; xferDoCounter↓r
004A						  ; xfer_GetMove+6↓r doSubGame↓w
004A						  ; ShowTitle+4C↓w
004A						  ; ShowTitle+A2↓w
004A						  ; ShowTitle+A4↓r
004A						  ; DoCharUnder+1B↓r
004A						  ; EndGame+30↓w EndGame+39↓w
004A						  ; EndGame+3D↓r
004A						  ; AnimAllInsideFont↓r
004A						  ; DoPause+23↓r DoPause+33↓w
004A						  ; DoPause+91↓w
004A						  ; AnimateDroids+F5↓r
004A						  ; AnimateDroids+100↓r
004A						  ; AnimateDroids+118↓r
004A						  ; AnimateDroids+12C↓r
004A						  ; DoAlertAndAging↓r
004A						  ; DoAlertAndAging+29↓r
004A						  ; DoAlertAndAging+41↓r
004B ??	      irqToggle:.BYTE 0	; (uninited)	  ; TitleLoop+11A↓r
004B						  ; TitleLoop+11E↓r GameLoop↓r
004B						  ; GameLoop+19↓r GameLoop+20↓r
004B						  ; GameLoop+3D↓r GameLoop+54↓r
004B						  ; RunGame+B↓r	RunGame+1F↓r
004B						  ; RunGame+29↓r doSubGame+2↓r
004B						  ; doSubGame+2F↓r
004B						  ; ShowTitle+8E↓r
004B						  ; ShowTitle+92↓r Irq1+1C↓w
004B						  ; Irq_254+29↓w Irq_118+65↓w
004C ??	??    plyMapPos:.BYTE 0,0 ; (uninited)	  ; LineOfVisibility+2↓r
004C						  ; LineOfVisibility+11↓r
004C						  ; CalcDeltaAdd+47↓r
004C						  ; GetNearChar↓r
004C						  ; con_DeckInfo+40↓r
004C						  ; SpriteHitWall+38↓r
004C						  ; DrawScreen+D6↓w
004C						  ; DrawScreen+DA↓r
004C						  ; LineOfVisibility+8↓r
004C						  ; LineOfVisibility+1E↓r
004C						  ; LineOfVisibility+45↓r
004C						  ; CalcDeltaAdd+49↓r
004C						  ; GetNearChar+9↓r
004C						  ; con_DeckInfo+31↓r
004C						  ; SpriteHitWall+13↓r
004C						  ; DrawScreen+CF↓w
004E ??	      charUnder:.BYTE 0	; (uninited)	  ; DoCharUnder↓r
004E						  ; DrawScreen+DC↓w
004F ??	      SprSprCollision:.BYTE 0 ;	(uninited) ; StartGame+18C↓w
004F						  ; DoCollision↓r Irq_246+23↓w
0050 ??	      blkWhte:.BYTE 0 ;	(uninited)	  ; InitColors+16↓r
0050						  ; DoBlkWhte+13↓w
0050						  ; DoBlkWhte+1F↓w
0051 ??	      plyFireSpdX:.BYTE	0 ; (uninited)	  ; MovePlyFire+1C↓r DoFire+5B↓w
0052 ??	      plyFireSpdY:.BYTE	0 ; (uninited)	  ; MovePlyFire+11↓r DoFire+4E↓w
0053 ??	      byte_0_53:.BYTE 0	; (uninited)	  ; TitleLoop+A2↓r
0053						  ; ShowTitle+9E↓w
0054 ??	      weaponType:.BYTE 0 ; (uninited)	  ; StartGame+17↓w
0054						  ; BlowInto001+70↓w
0054						  ; PlyFireEnemy+2↓r
0054						  ; xferInitDroid+11↓w
0054						  ; DoFire+12↓r	DoFire+26↓r
0054						  ; DoFire+2D↓r
0055 ??	      byte_0_55:.BYTE 0	; (uninited)	  ; GameLoop+101↓w
0055						  ; GameLoop+14E↓r
0055						  ; WaitNoFire+2↓w
0055						  ; WaitNoFire+10↓w DoPause+25↓w
0055						  ; DoPause+8F↓r
0056 ??	      rptChar:.BYTE 0 ;	(uninited)	  ; DrawPacked+30↓w
0056						  ; DrawPacked+63↓r
0056						  ; BuildLevel+1C↓w
0056						  ; BuildLevel+46↓r
0056						  ; BuildIntroSprites+3F↓w
0056						  ; BuildIntroSprites+61↓r
0057 ??	      rptLen: .BYTE 0 ;	(uninited)	  ; DrawPacked+37↓w
0057						  ; DrawPacked+49↓w
0057						  ; DrawPacked+A2↓w
0057						  ; BuildLevel+23↓w
0057						  ; BuildLevel+35↓w
0057						  ; BuildLevel+91↓w
0057						  ; BuildIntroSprites+53↓w
0057						  ; BuildIntroSprites+78↓r
0058 ??	      dType:  .BYTE 0 ;	(uninited)	  ; TitleLoop+D4↓w
0058						  ; StartGame+72↓w
0058						  ; GameLoop+115↓w
0058						  ; BlowInto001+30↓w
0058						  ; dMd0_droid+36↓w
0058						  ; FinishTransfer1+19↓w
0058						  ; FinishTransfer1+35↓w
0058						  ; conRedraw+15↓w DrInfo1+C↓w
0058						  ; DrInfo1+E↓r	DrInfo1+19↓w
0058						  ; DrInfo1+1E↓r DrInfo1+22↓w
0058						  ; DrInfo1+2A↓w
0058						  ; PrintDroidInfo+26↓r
0058						  ; PrintDroidInfo+48↓r
0058						  ; ShowRobotType↓r
0058						  ; ShowRobotType+2B↓r
0058						  ; BuildIntroSprites+4↓r
0058						  ; BuildIntroSprites+1B↓r
0058						  ; ShowXferInfo+E↓w
0058						  ; ShowXferInfo+2F↓w
0058						  ; EndGame+5B↓w
0058						  ; ShowShipClear+B↓w
0058						  ; BuildDroidSprite↓r
0059 ??	      numDeckDroids:.BYTE 0 ; (uninited)  ; StartGame+6D↓w
0059						  ; StartGame+135↓w
0059						  ; StartGame+14C↓w RunDroids↓r
0059						  ; RunDroids+86↓r
0059						  ; RunDroids+8A↓w
0059						  ; GetDroidBySprNum+2↓r
0059						  ; Disruptor+20↓r
0059						  ; InitColors+C↓r
0059						  ; DoEnemyFire+10↓r
0059						  ; DoEnemyFire+32↓r
0059						  ; DoEnemyFire+4A↓w AddBullet↓r
0059						  ; AnimateDroids↓r
005A ??	      bgColor:.BYTE 0 ;	(uninited)	  ; SetIntroColors+30↓w
005A						  ; InitColors+43↓w
005A						  ; LevelColors+8↓r Irq1+E↓w
005A						  ; Irq_91+8↓r
005B ??	      dInfoPage:.BYTE 0	; (uninited)	  ; DoLift+5↓w conWaitInput+47↓w
005B						  ; con_DroidInfo+16↓r
005B						  ; DrInfo1+3D↓w DrInfo3+18↓w
005B						  ; DrInfo4+8↓w	DrInfo0+2↓w
005B						  ; sub_0_2DA0+2A↓w
005B						  ; sub_0_2DCD+41↓w
005B						  ; con_DeckInfo+7↓r
005B						  ; con_DeckInfo+5E↓w
005B						  ; con_ShipInfo+7↓r
005B						  ; con_ShipInfo+3B↓w
005C ??	??    droidInfoData:.BYTE 0,0 ;	(uninited) ; sub_0_2DCD+1D↓r
005C						  ; PrintDroidInfo+17↓r
005C						  ; PrintDroidInfo+51↓r
005C						  ; PrintDroidInfo+5A↓r
005C						  ; PrintDroidInfo+71↓r
005C						  ; BuildIntroSprites+86↓w
005C						  ; BuildIntroSprites+88↓w
005C						  ; eb00, eb40,	...
005E ??	??    deltaX: .BYTE 0,0	; (uninited)	  ; LineOfVisibility+13↓w
005E						  ; LineOfVisibility+4F↓r
005E						  ; LineOfVisibility+56↓w
005E						  ; LineOfVisibility+5B↓r
005E						  ; LineOfVisibility+62↓w
005E						  ; LineOfVisibility+A6↓r
005E						  ; LineOfVisibility+AD↓w
005E						  ; LineOfVisibility+BB↓r
005E						  ; LineOfVisibility+C2↓w
005E						  ; TestNextPiece↓r
005E						  ; CalcDeltaAdd↓r
005E						  ; CalcDeltaAdd+25↓r
005E						  ; CalcDeltaAdd+3B↓w
005E						  ; AddBullet+2↓r
005E						  ; LineOfVisibility+19↓w
005E						  ; LineOfVisibility+40↓w
005E						  ; TestNextPiece+7↓r
005E						  ; CalcDeltaAdd+2↓r
005E						  ; CalcDeltaAdd+3D↓w
005E						  ; AddBullet+7↓r
0060 ??	??    deltaY: .BYTE 0,0	; (uninited)	  ; LineOfVisibility+20↓w
0060						  ; LineOfVisibility+47↓w
0060						  ; LineOfVisibility+7B↓r
0060						  ; LineOfVisibility+82↓w
0060						  ; LineOfVisibility+87↓r
0060						  ; LineOfVisibility+8E↓w
0060						  ; LineOfVisibility+AF↓r
0060						  ; LineOfVisibility+B6↓w
0060						  ; LineOfVisibility+C4↓r
0060						  ; LineOfVisibility+CB↓w
0060						  ; TestNextPiece+D↓r
0060						  ; CalcDeltaAdd+8↓r
0060						  ; CalcDeltaAdd+2C↓r
0060						  ; CalcDeltaAdd+43↓w
0060						  ; AddBullet+1D↓r
0060						  ; LineOfVisibility+26↓w
0060						  ; LineOfVisibility+4D↓w
0060						  ; LineOfVisibility+79↓w
0060						  ; LineOfVisibility+A4↓w
0060						  ; TestNextPiece+14↓r
0060						  ; CalcDeltaAdd+A↓r
0060						  ; CalcDeltaAdd+45↓w
0060						  ; AddBullet+22↓r
0062 ??	      liftPos:.BYTE 0 ;	(uninited)	  ; DoLift+2F↓r	DoLift+53↓r
0062						  ; ChangeDeck↓r ChangeDeck+10↓w
0062						  ; FindLift+28↓w
0063 ??	      liftNum:.BYTE 0 ;	(uninited)	  ; ChangeDeck+9↓r FindLift+2D↓w
0064 ??	      Alert:  .BYTE 0 ;	(uninited)	  ; StartGame+51↓w
0064						  ; DoCollision+EB↓r
0064						  ; DoCollision+F5↓w KillDroid↓r
0064						  ; KillDroid+A↓w Disruptor+98↓r
0064						  ; Disruptor+A2↓w
0064						  ; InitColors+50↓r
0064						  ; ConsoleMain+37↓r
0064						  ; DoAlertAndAging+6↓r
0064						  ; DoAlertAndAging+A↓w
0064						  ; DoAlertAndAging+C↓r
0065 ??	      prevDeck:.BYTE 0 ; (uninited)	  ; StartGame+80↓w
0065						  ; StartGame+119↓r DoLift+C↓w
0066 ??	      maxEnergy:.BYTE 0	; (uninited)	  ; StartGame+108↓w
0066						  ; BlowInto001+21↓r
0066						  ; BlowInto001+29↓w
0066						  ; xferInitDroid+9↓w
0066						  ; DoCharUnder+24↓r
0066						  ; DoAlertAndAging+30↓r
0066						  ; DoAlertAndAging+34↓w
0066						  ; DoAlertAndAging+36↓r
0067 ??	      shipLevel:.BYTE 0	; (uninited)	  ; StartGame+15↓w NextLevel+9↓w
0067						  ; NextLevel+B↓r NextLevel+11↓w
0067						  ; NextLevel+25↓r
0067						  ; DoCollision+134↓r
0067						  ; Disruptor+6D↓r
0067						  ; ConsoleMain+14↓r
0067						  ; DoEnemyFire+24↓r
0067						  ; DoEnemyFire+56↓r
0067						  ; NewShipInfo+E↓r
0068 ??	      shipNumDroids:.BYTE 0 ; (uninited)  ; StartGame+10D↓r
0068						  ; NextLevel+1D↓w
0068						  ; NextLevel+44↓w
0068						  ; NextLevel+63↓w
0068						  ; RunDroids+A2↓r
0068						  ; RemoveShipDroid+D↓w
0069 ??	      collision1mode:.BYTE 0 ; (uninited) ; DoCollision+31↓w
0069						  ; DoCollision+49↓r
0069						  ; DoCollision+4D↓w
0069						  ; GetCollisionType+9↓r
0069						  ; DoCollision2+1F↓r
0069						  ; DoCollision2+23↓w
006A ??	      collision2mode:.BYTE 0 ; (uninited) ; DoCollision+3F↓w
006A						  ; DoCollision+4B↓r
006A						  ; DoCollision+4F↓w
006A						  ; DoCollision+6E↓w
006A						  ; DoCollision+89↓r
006A						  ; GetCollisionType+3↓r
006A						  ; DoCollision2+21↓r
006A						  ; DoCollision2+25↓w
006A						  ; ReverseDroidDir↓r
006B ??	      xferDroid:.BYTE 0	; (uninited)	  ; StartGame+18A↓w
006B						  ; GameLoop+15↓r
006B						  ; DoCollision+86↓w
006B						  ; FinishTransfer1+2D↓r
006B						  ; FinishTransfer1+37↓r
006B						  ; FinishTransfer2+22↓r
006B						  ; FinishTransfer2+29↓w
006B						  ; ShowXferInfo+2A↓r
006B						  ; SubGameSelectSide+139↓r
006B						  ; SubGameSelectSide+155↓r
006B						  ; SubGameSelectSide+17E↓r
006B						  ; SubGameSelectSide+1ED↓r
006C ??	      byte_0_6C:.BYTE 0	; (uninited)	  ; DoCollision+56↓w
006C						  ; DoCollision+8D↓r
006C						  ; ReverseDroidDir+4↓r
006C						  ; ReverseDroidDir+8↓w
006D ??	      DroidSpdNeg:.BYTE	0 ; (uninited)	  ; dMd0_droid+A5↓w
006D						  ; GetNewDir+12↓r
006D						  ; GetNewDir+1D↓r
006E	      DroidSpd0:; 0 .BYTE uninited & unexplored
006F ??	      DroidSpd:.BYTE 0 ; (uninited)	  ; dMd0_droid+9F↓w
0070	      DeltaX_t:; 0 .BYTE uninited & unexplored ; GetNewDir+18↓w
0070						  ; GetNewDir+2F↓w
0070						  ; GetNewDir+46↓r
0071		      ;	0 .BYTE	uninited & unexplored
0072		      ;	0 .BYTE	uninited & unexplored
0073	      DeltaY_t:; 0 .BYTE uninited & unexplored ; GetNewDir+21↓w
0073						  ; GetNewDir+31↓w
0073						  ; GetNewDir+4E↓r
0074		      ;	0 .BYTE	uninited & unexplored
0075		      ;	0 .BYTE	uninited & unexplored
0076 ??	??    MapPos: .BYTE 0,0	; (uninited)	  ; dMd1_bullet+69↓r
0076						  ; AdvanceMapPos↓r
0076						  ; AdvanceMapPos+E↓w
0076						  ; CheckDroidAdvance+2↓r
0076						  ; GetDroidCharPos+20↓w
0076						  ; GetNearChar+20↓w OpenDoor↓r
0076						  ; OpenDoor+34↓r
0076						  ; AdvanceMapPos+10↓r
0076						  ; AdvanceMapPos+1E↓w
0076						  ; GetDroidCharPos+24↓w
0076						  ; GetNearChar+25↓w
0076						  ; OpenDoor+6↓r
0078 ??	      xfer_plySpriteX:.BYTE 0 ;	(uninited) ; StartGame+E6↓w
0078						  ; StartGame+FF↓w
0078						  ; StartGame+146↓r
0078						  ; GameLoop+8D↓w GameLoop+9E↓r
0078						  ; GameLoop+A9↓r GameLoop+EE↓w
0078						  ; GameLoop+F0↓r
0078						  ; InitDeckDroids+10↓w
0078						  ; InitDeckDroids+2E↓w
0078						  ; DoCollision+C8↓w
0078						  ; DoCollision+CE↓r
0078						  ; DoCollision+DC↓w
0078						  ; DoCollision+E2↓r
0078						  ; DoCollision+119↓w
0078						  ; DoCollision+11F↓r
0078						  ; EnemyFireEnemy+9↓w
0078						  ; EnemyFireEnemy+F↓r
0078						  ; PlyFireEnemy+16↓w
0078						  ; PlyFireEnemy+1C↓r
0078						  ; FinishTransfer2+2↓w
0078						  ; FinishTransfer2+1B↓w
0078						  ; Capture+43↓w Capture+5B↓w
0078						  ; Disruptor+46↓w
0078						  ; Disruptor+4C↓r OpenDoor+5E↓w
0078						  ; OpenDoor+76↓r OpenDoor+80↓w
0078						  ; OpenDoor+95↓r
0078						  ; DoEnemyFire+18↓w
0078						  ; DoEnemyFire+4C↓r ...
0079 ??	      byte_0_79:.BYTE 0	; (uninited)	  ; DoCollision+23↓w
0079						  ; FreePlyBullet↓r
0079						  ; KillDroid+15↓w
007A ??	??    xfer_DeltaX:.BYTE	0,0 ; (uninited)  ; xferSwapSide+36↓r
007A						  ; xferSwapSide+3D↓w
007A						  ; xfer_AdvanceWire+3↓r
007A						  ; xfer_RetreatWire+3↓r
007A						  ; SubGameSelectSide+DC↓w
007A						  ; AdvanceWire+3↓r
007A						  ; RetreatWire+3↓r
007A						  ; xfer_SwitchSides+36↓r
007A						  ; xfer_SwitchSides+3D↓w
007A						  ; xferSwapSide+30↓r
007A						  ; xferSwapSide+34↓w
007A						  ; xfer_AdvanceWire+9↓r
007A						  ; xfer_RetreatWire+9↓r
007A						  ; SubGameSelectSide+DE↓w
007A						  ; AdvanceWire+9↓r
007A						  ; RetreatWire+9↓r
007A						  ; xfer_SwitchSides+30↓r
007A						  ; xfer_SwitchSides+34↓w
007C ??	      xfer_WinningSide:.BYTE 0 ; (uninited) ; xferDrawCBar+8↓w
007C						  ; xferDrawCBar+36↓w
007C						  ; xferDrawCBar+54↓r
007D ??	      xfer_CpuPulserChar:.BYTE 0 ; (uninited) ;	xfer_DoColumn+23↓r
007D						  ; xferSwapSide+A↓r
007D						  ; xferSwapSide+E↓w
007D						  ; SubGameSelectSide+CE↓w
007D						  ; xfer_PutTerminator+8↓r
007D						  ; sub_0_E385+2B↓r
007D						  ; xfer_SwitchSides+A↓r
007D						  ; xfer_SwitchSides+E↓w
007E ??	      xfer_LeftColor:.BYTE 0 ; (uninited) ; xfer_GetMove+2↓r
007E						  ; FinishTransfer1↓r
007E						  ; SubGameSelectSide+174↓w
007E						  ; SubGameSelectSide+18A↓w
007E						  ; SubGameSelectSide+197↓r
007E						  ; SubGameSelectSide+1AD↓w
007E						  ; xfer_DrawPulserCols+B↓r
007F ??	      xfer_PlyColor:.BYTE 0 ; (uninited)  ; xferDrawPulser+6↓r
007F						  ; xferSwapSide+10↓r
007F						  ; xferSwapSide+14↓w
007F						  ; xferDrawCBar+32↓r
007F						  ; xferDrawCBar+5C↓r
007F						  ; xfer_GetMove↓r
007F						  ; SubGameSelectSide+63↓w
007F						  ; SubGameSelectSide+84↓r
007F						  ; SubGameSelectSide+98↓r
007F						  ; SubGameSelectSide+172↓r
007F						  ; SubGameSelectSide+188↓r
007F						  ; SubGameSelectSide+1A7↓r
007F						  ; xfer_PutAutoPulser+4↓r
007F						  ; xfer_PutTerminator+C↓r
007F						  ; sub_0_E385+3A↓r
007F						  ; xfer_PutVBar+9↓r
007F						  ; xfer_PutVBar+16↓r
007F						  ; xfer_PutVBar+20↓r
007F						  ; xfer_SwitchSides+10↓r
007F						  ; xfer_SwitchSides+14↓w
007F						  ; xfer_DrawPulserCols+D↓r
007F						  ; xfer_DrawPulserCols+42↓r
0080 ??	      xfer_nLeftPulsers:.BYTE 0	; (uninited) ; xfer_DoMove↓r
0080						  ; xfer_DoMove+5E↓w
0080						  ; xfer_DoMove+60↓r
0080						  ; xferSwapSide+20↓r
0080						  ; xferSwapSide+24↓w
0080						  ; xferCheckEnd+6↓w
0080						  ; xfer_SwitchSides+20↓r
0080						  ; xfer_SwitchSides+24↓w
0080						  ; xfer_DrawPulserCols+13↓w
0080						  ; xfer_DrawPulserCols+18↓w
0080						  ; xfer_DrawPulserCols+2B↓r
0081 ??	      xfer_PlyY:.BYTE 0	; (uninited)	  ; xfer_DoMove+4↓r
0081						  ; xfer_DoMove+14↓w
0081						  ; xfer_DoMove+16↓r
0081						  ; xfer_DoMove+1E↓w
0081						  ; xfer_DoMove+22↓w
0081						  ; xfer_DoMove+2A↓w
0081						  ; xfer_DoMove+2C↓r
0081						  ; xfer_DoMove+53↓r
0081						  ; xfer_DoMove+5C↓w
0081						  ; xferSwapSide+18↓r
0081						  ; xferSwapSide+1C↓w
0081						  ; xfer_GetMove+E↓r
0081						  ; xfer_GetMove+22↓r
0081						  ; SubGameSelectSide+16C↓w
0081						  ; xfer_SwitchSides+18↓r
0081						  ; xfer_SwitchSides+1C↓w
0082 ??	      xfer_PlyPulserChar:.BYTE 0 ; (uninited) ;	xferDrawPulser+2↓r
0082						  ; xfer_DoColumn+12↓r
0082						  ; xferSwapSide+8↓r
0082						  ; xferSwapSide+C↓w
0082						  ; SubGameSelectSide+CA↓w
0082						  ; xfer_PutAutoPulser↓r
0082						  ; xfer_SwitchSides+8↓r
0082						  ; xfer_SwitchSides+C↓w
0083 ??	      xfer_CpuLevel:.BYTE 0 ; (uninited)  ; SubGameSelectSide+186↓w
0083						  ; xfer_DrawPulserCols+5↓r
0084 ??	      xfer_nRightPulsers:.BYTE 0 ; (uninited) ;	xferSwapSide+22↓r
0084						  ; xferSwapSide+26↓w
0084						  ; xferCheckEnd+8↓w
0084						  ; xfer_SwitchSides+22↓r
0084						  ; xfer_SwitchSides+26↓w
0084						  ; xfer_DrawPulserCols+11↓w
0084						  ; xfer_DrawPulserCols+1A↓w
0084						  ; xfer_DrawPulserCols+32↓r
0085 ??	      xfer_CpuY:.BYTE 0	; (uninited)	  ; xferSwapSide+1A↓r
0085						  ; xferSwapSide+1E↓w
0085						  ; SubGameSelectSide+16E↓w
0085						  ; xfer_SwitchSides+1A↓r
0085						  ; xfer_SwitchSides+1E↓w
0086 ??	      xfer_CpuX:.BYTE 0	; (uninited)	  ; xferSwapSide+2A↓r
0086						  ; xferSwapSide+2E↓w
0086						  ; SubGameSelectSide+113↓w
0086						  ; xfer_SwitchSides+2A↓r
0086						  ; xfer_SwitchSides+2E↓w
0087 ??	      xfer_CpuColor:.BYTE 0 ; (uninited)  ; xferSwapSide+12↓r
0087						  ; xferSwapSide+16↓w
0087						  ; xferDrawCBar+52↓r
0087						  ; SubGameSelectSide+67↓w
0087						  ; SubGameSelectSide+90↓r
0087						  ; SubGameSelectSide+A0↓r
0087						  ; SubGameSelectSide+1A3↓r
0087						  ; xfer_PutSwitcher+C↓r
0087						  ; xfer_SwitchSides+12↓r
0087						  ; xfer_SwitchSides+16↓w
0087						  ; xfer_DrawPulserCols+52↓r
0088 ??	      xfer_PlyLevel:.BYTE 0 ; (uninited)  ; SubGameSelectSide+17C↓w
0088						  ; xfer_DrawPulserCols↓r
0089 ??	      byte_0_89:.BYTE 0	; (uninited)	  ; xferCheckEnd+A↓w
0089						  ; xferCheckEnd+C↓r
0089						  ; doSubGame+24↓r
0089						  ; SubGameSelectSide+168↓w
008A ??	      subGameTimeCount:.BYTE 0 ; (uninited) ; xferDoCounter+6↓r
008A						  ; xferDoCounter+E↓w
008A						  ; xferDoCounter+18↓r
008A						  ; xferDoCounter+26↓r
008A						  ; xferCheckEnd↓r
008A						  ; SubGameSelectSide+164↓w
008A						  ; SubGameSelectSide+1BF↓w
008A						  ; SubGameSelectSide+1C2↓r
008A						  ; SubGameSelectSide+1C7↓w
008A						  ; SubGameSelectSide+1D1↓r
008A						  ; SubGameSelectSide+203↓r
008A						  ; SubGameSelectSide+209↓w
008B ??	      xfer_WinningColor:.BYTE 0	; (uninited) ; xferPutResultColor+17↓w
008B						  ; FinishTransfer1+2↓r
008B						  ; Capture+30↓r
008B						  ; xfer_DrawResult+17↓w
008C ??	      xfer_PlyWireChar:.BYTE 0 ; (uninited) ; xfer_DoMove+3D↓r 1DF2↓r
008C						  ; xsub_Black4+28↓r
008C						  ; xferSwapSide↓r
008C						  ; xferSwapSide+4↓w
008C						  ; SubGameSelectSide+D2↓w
008C						  ; xfer_PutSplitter+17↓r
008C						  ; xfer_ClearWire4+1D↓r
008C						  ; xfer_SwitchSides↓r
008C						  ; xfer_SwitchSides+4↓w
008D ??	      xfer_CpuWireChar:.BYTE 0 ; (uninited) ; xferSwapSide+2↓r
008D						  ; xferSwapSide+6↓w
008D						  ; SubGameSelectSide+D6↓w
008D						  ; xfer_SwitchSides+2↓r
008D						  ; xfer_SwitchSides+6↓w
008E ??	      xfer_PlyX:.BYTE 0	; (uninited)	  ; xfer_DoMove+72↓r 1DF0↓r
008E						  ; xferDrawPulser↓r
008E						  ; xferSwapSide+28↓r
008E						  ; xferSwapSide+2C↓w
008E						  ; SubGameSelectSide+10F↓w
008E						  ; xfer_SwitchSides+28↓r
008E						  ; xfer_SwitchSides+2C↓w
008F ??	      xfer_yWant:.BYTE 0 ; (uninited)	  ; xfer_GetMove+C↓r
008F						  ; xfer_GetMove+43↓w
008F						  ; SubGameSelectSide+170↓w
0090 ??	      sndState:.BYTE 0 ; (uninited)	  ; Sound↓r Sound+28↓w
0090						  ; TitleLoop+E↓w TitleLoop+8A↓w
0090						  ; StartGame+E↓w DoPause+15↓w
0090						  ; DoPause+95↓w
0091 ??	      sndFx1: .BYTE 0 ;	(uninited)	  ; Sound+65↓w Sound+A4↓r
0091						  ; Sound+B2↓w Sound+C8↓w
0091						  ; Sound+180↓w
0091						  ; Reset2Channels+17↓w
0091						  ; StartGame+2B↓w
0091						  ; StartGame+42↓w
0091						  ; StartGame+F2↓w GameLoop+91↓w
0091						  ; BlowInto001+3B↓w
0091						  ; RunDroids+A0↓w
0091						  ; DoCollision+93↓w
0091						  ; DoCollision+12D↓w
0091						  ; DoCollision+13F↓w
0091						  ; xfer_DoMove+78↓w
0091						  ; FinishTransfer1+27↓w
0091						  ; FinishTransfer1+57↓w
0091						  ; FinishTransfer1+69↓w
0091						  ; Capture+2B↓w Capture+3F↓w
0091						  ; Disruptor+1E↓w
0091						  ; Disruptor+DD↓w
0091						  ; ChangeDeck+24↓w
0091						  ; conWaitInput+22↓w
0091						  ; conWaitInput+55↓w
0091						  ; con_Back2Main+8↓w
0091						  ; DrInfo1+6↓w	DrInfo1+41↓w
0091						  ; DrInfo3+D↓w	DrInfo4+C↓w
0091						  ; DoCharUnder+32↓w ...
0092 ??	      SndFx2: .BYTE 0 ;	(uninited)	  ; Sound+6C↓w
0092						  ; Reset2Channels+19↓w
0092						  ; GameLoop+10D↓w
0092						  ; PlyFireEnemy+27↓w
0092						  ; KillDroid+19↓w
0092						  ; xferDoCounter+2C↓w
0092						  ; Capture+24↓w DoLift+1C↓w
0092						  ; ChangeDeck+16↓w
0092						  ; AddBullet+6A↓w
0092						  ; AnimateDroids+108↓w
0092						  ; DoAlertAndAging+4B↓r
0092						  ; DoAlertAndAging+51↓w
0093 ??	      moveModeDelay:.BYTE 0 ; (uninited)  ; DoMoveMode+24↓w
0093						  ; DoMoveMode+42↓w
0093						  ; DoMoveMode+50↓w
0093						  ; DoMoveMode+5B↓w DoMobile+2↓w
0094 ??	      disruptorCnt:.BYTE 0 ; (uninited)	  ; TitleLoop+8↓w
0094						  ; StartGame+18E↓w Disruptor↓r
0094						  ; Disruptor+87↓r
0094						  ; Disruptor+8E↓w
0094						  ; Disruptor+EB↓w DoFire+8C↓r
0094						  ; DoFire+92↓w	DoEnemyFire+5A↓r
0094						  ; DoEnemyFire+60↓w
0095 ??	      disruptorBgSave:.BYTE 0 ;	(uninited) ; Disruptor+1A↓w
0095						  ; Disruptor+E7↓r
0095						  ; InitColors+3E↓w
0096 ??	      snd_96: .BYTE 0 ;	(uninited)	  ; Reset2Channels+D↓w
0097 ??	      snd_varOffset:.BYTE 0 ; (uninited)  ; Sound+CF↓w Sound+EF↓r
0097						  ; Sound+FF↓r Sound+110↓r
0097						  ; Sound+137↓r	Sound+18B↓w
0097						  ; StartSfx+30↓w StartSfx+3E↓r
0097						  ; StartSfx+42↓w
0097						  ; StartInstrument+3↓w
0097						  ; StartInstrument+A↓r
0097						  ; StartInstrument+F↓w
0097						  ; StartInstrument+1B↓r
0097						  ; StartInstrument+25↓r
0097						  ; offset into	C0 data
0098 ??	      snd_RegOffset:.BYTE 0 ; (uninited)  ; Sound+EA↓r Sound+FA↓r
0098						  ; Sound+10B↓r	Sound+11B↓r
0098						  ; Sound+132↓r	StartSfx+34↓w
0098						  ; StartSfx+3A↓w StartSfx+44↓r
0098						  ; StartSfx+49↓w ResetVoice↓r
0098						  ; StartInstrument+11↓r
0098						  ; StartInstrument+16↓w
0098						  ; StartInstrument+34↓r
0098						  ; SndMul7+8↓w
0099 ??	      snd_99_voicenum:.BYTE 0 ;	(uninited) ; Sound+A2↓w	Sound+BC↓w
0099						  ; Sound+BE↓r Sound+D1↓w
0099						  ; Sound+120↓r	Sound+12B↓r
0099						  ; Sound+182↓r	Sound+18D↓w
0099						  ; Sound+18F↓r	StartSfx+32↓r
0099						  ; StartInstrument+20↓r
0099						  ; StartInstrument+2D↓r
009A ??	??    snd_9A: .BYTE 0,0	; (uninited)	  ; StartSfx+1F↓w StartSfx+29↓r
009A						  ; StartSfx+40↓r StartSfx+6↓w
009A						  ; StartSfx+23↓r StartSfx+25↓w
009C ??	      snd_9C: .BYTE 0 ;	(uninited)	  ; Sound+4A↓w Sound+4C↓r
009C						  ; Sound+71↓r Sound+7D↓r
009C						  ; ResetSID+A↓w
009D ??	      sndActive1:.BYTE 0 ; (uninited)	  ; Sound+A9↓r Sound+AD↓w
009D						  ; Sound+186↓w	StartSfx+8↓r
009D						  ; Reset2Channels+13↓w
009E ??	      sndActive2:.BYTE 0 ; (uninited)	  ; Reset2Channels+15↓w
009E						  ; DoAlertAndAging+49↓r
009F	      snd_d404:; 0 .BYTE uninited & unexplored ; Sound+12D↓r
009F						  ; StartInstrument+2F↓w
00A0		      ;	0 .BYTE	uninited & unexplored
00A1		      ;	0 .BYTE	uninited & unexplored
00A2	      snd_AD_duration:;	0 .BYTE	uninited & unexplored ;	Sound+122↓r
00A2						  ; Sound+127↓w
00A2						  ; StartInstrument+22↓w
00A3		      ;	0 .BYTE	uninited & unexplored
00A4		      ;	0 .BYTE	uninited & unexplored
00A5		      ;	0 .BYTE	uninited & unexplored
00A6		      ;	0 .BYTE	uninited & unexplored
00A7		      ;	0 .BYTE	uninited & unexplored
00A8		      ;	0 .BYTE	uninited & unexplored
00A9		      ;	0 .BYTE	uninited & unexplored
00AA		      ;	0 .BYTE	uninited & unexplored
00AB		      ;	0 .BYTE	uninited & unexplored
00AC		      ;	0 .BYTE	uninited & unexplored
00AD		      ;	0 .BYTE	uninited & unexplored
00AE		      ;	0 .BYTE	uninited & unexplored
00AF ??	      disruptorOwner:.BYTE 0 ; (uninited) ; Disruptor+CF↓r DoFire+96↓w
00AF						  ; DoEnemyFire+62↓w
00B0 ??	??    cpyDest:.BYTE 0,0	; (uninited)	  ; DrawChar+D↓w DrawChar+19↓w
00B0						  ; DrawChar+1F↓w DrawChar+31↓w
00B0						  ; DrawChar+37↓w copyPage+2↓w
00B0						  ; copyPage+9↓w Entry+1B↓w
00B0						  ; Entry+30↓w Entry+45↓w
00B0						  ; Entry+5A↓w Entry+6F↓w
00B0						  ; TitleLoop+44↓w
00B0						  ; TitleLoop+59↓w ShowTitle+C↓w
00B0						  ; ShowTitle+64↓w DrawChar+5↓w
00B0						  ; DrawChar+11↓r DrawChar+13↓w
00B0						  ; MoveMem+7↓w	Entry+1D↓w
00B0						  ; Entry+32↓w Entry+47↓w
00B0						  ; Entry+5C↓w Entry+71↓w
00B0						  ; TitleLoop+46↓w
00B0						  ; TitleLoop+5B↓w ShowTitle+E↓w
00B0						  ; ShowTitle+66↓w
00B2 ??	??    cpySrc: .BYTE 0,0	; (uninited)	  ; copyPage↓r copyPage+7↓r
00B2						  ; Entry+13↓w Entry+28↓w
00B2						  ; Entry+3D↓w Entry+52↓w
00B2						  ; Entry+67↓w TitleLoop+3C↓w
00B2						  ; TitleLoop+51↓w ShowTitle+4↓w
00B2						  ; ShowTitle+5C↓w MoveMem+5↓w
00B2						  ; Entry+15↓w Entry+2A↓w
00B2						  ; Entry+3F↓w Entry+54↓w
00B2						  ; Entry+69↓w TitleLoop+3E↓w
00B2						  ; TitleLoop+53↓w ShowTitle+6↓w
00B2						  ; ShowTitle+5E↓w
00B4 ??	      prntY:  .BYTE 0 ;	(uninited)	  ; DoScore+5F↓w sub_0_BE9+38↓r
00B4						  ; sub_0_BE9+3C↓w
00B4						  ; DrawString+8↓w DrawChar↓r
00B4						  ; DrInfo2+2↓w	sub_0_2DA0+1E↓w
00B4						  ; sub_0_2DA0+20↓w
00B4						  ; sub_0_2DA0+22↓r
00B4						  ; PrintTokenString+10↓w
00B5 ??	      prntX:  .BYTE 0 ;	(uninited)	  ; DoScore+63↓w sub_0_BE9+11↓r
00B5						  ; sub_0_BE9+36↓w
00B5						  ; DrawString+11↓w DrawChar+B↓r
00B5						  ; DrawChar+21↓w DrawChar+39↓w
00B5						  ; DrInfo2+6↓w	sub_0_2D92+2↓w
00B5						  ; sub_0_2DA0+A↓w
00B5						  ; sub_0_2DCD+14↓w
00B5						  ; ShowRobotType+29↓w
00B5						  ; ClearEOL+4↓r
00B5						  ; PrintTokenString+A↓w
00B6 ??	      drwChar:.BYTE 0 ;	(uninited)	  ; DoScore+77↓w DoScore+8A↓w
00B6						  ; sub_0_BE9+A↓w
00B6						  ; DrawString+28↓w
00B6						  ; DrawChar+15↓r
00B6						  ; sub_0_2DCD+3A↓w
00B6						  ; sub_0_2DCD+46↓w
00B6						  ; PrintDroidInfo+1F↓w
00B6						  ; PrintDroidInfo+38↓w
00B6						  ; PrintDroidInfo+42↓w
00B6						  ; ClearEOL+2↓w
00B6						  ; PrintTokenString+22↓w
00B6						  ; UpackText+1F↓w UpTextChar↓r
00B7 ??	??    dbgPtr: .BYTE 0,0	; (uninited)	  ; sub_0_900+C↓w DbgEdit+2↓r
00B7						  ; DbgEdit+A4↓r DbgEdit+A9↓w
00B7						  ; DbgEdit+B0↓r DbgEdit+B5↓w
00B7						  ; DbgEdit+DE↓r DbgEdit+E3↓w
00B7						  ; DbgEdit+EA↓r DbgEdit+EF↓w
00B7						  ; DbgEdit+109↓r DbgEdit+111↓w
00B7						  ; DbgEdit+12D↓r DbgEdit+136↓r
00B7						  ; sub_0_900+E↓w DbgEdit+BC↓r
00B7						  ; DbgEdit+C1↓w DbgEdit+C6↓r
00B7						  ; DbgEdit+CB↓w DbgEdit+F6↓r
00B7						  ; DbgEdit+FB↓w DbgEdit+100↓r
00B7						  ; DbgEdit+105↓w DbgEdit+11D↓r
00B7						  ; DbgEdit+126↓r
00B9 ??	      dbgByte:.BYTE 0 ;	(uninited)	  ; DbgEdit+4↓w	DbgEdit+5B↓r
00B9						  ; DbgEdit+60↓w DbgEdit+65↓r
00B9						  ; DbgEdit+6A↓w DbgEdit+7C↓r
00B9						  ; DbgEdit+81↓w DbgEdit+86↓r
00B9						  ; DbgEdit+8B↓w DbgEdit+10B↓w
00B9						  ; DbgEdit+10F↓r DbgEdit+140↓r
00B9						  ; DbgEdit+149↓r
00BA ??	      byte_0_BA:.BYTE 0	; (uninited)	  ; sub_0_BE9+6↓w
00BA						  ; DrawString+1B↓r
00BA						  ; DrawString+20↓w
00BA						  ; UpackText+10↓w
00BA						  ; UpackText+12↓r
00BA						  ; UpackText+17↓w
00BA						  ; UpackText+27↓r
00BB ??	      dbgCounter:.BYTE 0 ; (uninited)	  ; sub_0_900+6↓w Debug+D↓r
00BB						  ; Debug+11↓w Debug+18↓w
00BB						  ; Debug+1A↓r Debug+23↓w
00BB						  ; DbgEdit+6↓r	DbgEdit+151↓r
00BC ??	      dbgXpos:.BYTE 0 ;	(uninited)	  ; sub_0_900+2↓w DbgEdit+19↓r
00BC						  ; DbgEdit+28↓w DbgEdit+2D↓r
00BC						  ; DbgEdit+3C↓w DbgEdit+4E↓r
00BC						  ; DbgEdit+6F↓r DbgEdit+96↓r
00BC						  ; DbgEdit+D0↓r DbgEdit+14F↓r
00BD ??	      dbgKey: .BYTE 0 ;	(uninited)	  ; Debug+3↓w DbgEdit+C↓r
00BD						  ; DbgEdit+41↓r DbgEdit+90↓r
00BE ??	??    drwStr: .BYTE 0,0	; (uninited)	  ; sub_0_BE9↓w	sub_0_BE9+13↓r
00BE						  ; sub_0_BE9+1A↓r DrawString↓w
00BE						  ; DrawString+6↓r
00BE						  ; DrawString+F↓r
00BE						  ; DrawString+14↓r
00BE						  ; DrawString+1D↓r
00BE						  ; DbgEdit+115↓w DbgEdit+123↓w
00BE						  ; DbgEdit+12A↓w DbgEdit+133↓w
00BE						  ; DbgEdit+13A↓w DbgEdit+146↓w
00BE						  ; DbgEdit+14D↓w DbgEdit+15B↓w
00BE						  ; PrCapitalString+7↓w
00BE						  ; PrCapitalString+E↓r
00BE						  ; PrCapitalString+1B↓w
00BE						  ; ToUpper+2↓r	ToUpper+36↓w
00BE						  ; sub_0_BE9+2↓w DrawString+2↓w
00BE						  ; DbgEdit+119↓w
00BE						  ; PrCapitalString+9↓w
00BE						  ; PrCapitalString+10↓r
00C0	      snd_C0_fLo:; 0 .BYTE uninited & unexplored ; Sound+E0↓r Sound+E7↓w
00C0						  ; Sound+168↓w	StartSfx+46↓w
00C1	      snd_C1_fHi:; 0 .BYTE uninited & unexplored ; Sound+F1↓r Sound+F7↓w
00C1						  ; Sound+16E↓w
00C2	      snd_C2_fslideLo:;	0 .BYTE	uninited & unexplored ;	Sound+E4↓r
00C2						  ; Sound+14D↓r	Sound+155↓w
00C3 ??	      snd_C3_fslideHi:.BYTE 0 ;	(uninited) ; Sound+8E↓r	Sound+90↓w
00C3						  ; Sound+9C↓r Sound+9E↓w
00C3						  ; Sound+F4↓r Sound+158↓r
00C3						  ; Sound+15F↓w
00C4	      snd_fxDuration:; 0 .BYTE uninited	& unexplored ; Sound+139↓r
00C4						  ; Sound+13C↓w	Sound+143↓w
00C5	      unk_0_C5:; 0 .BYTE uninited & unexplored ; Sound+140↓r
00C6 ??	      snd_C6: .BYTE 0 ;	(uninited)	  ; Sound+D8↓r Sound+171↓r
00C6						  ; Sound+174↓w
00C6						  ; Reset2Channels+F↓w
00C7	      snd_C7_pLo:; 0 .BYTE uninited & unexplored ; Sound+101↓r
00C7						  ; Sound+108↓w
00C8	      snd_C8_pHi:; 0 .BYTE uninited & unexplored ; Sound+112↓r
00C8						  ; Sound+118↓w
00C9	      snd_C9_pslideLo:;	0 .BYTE	uninited & unexplored ;	Sound+105↓r
00CA	      snd_CA_pslideHi:;	0 .BYTE	uninited & unexplored ;	Sound+115↓r
00CB	      snd_CB_vibrato:; 0 .BYTE uninited	& unexplored ; Sound+146↓r
00CC	      snd_CC_resetFLo:;	0 .BYTE	uninited & unexplored ;	Sound+165↓r
00CD	      snd_CD_restFHi:; 0 .BYTE uninited	& unexplored ; Sound+16B↓r
00CE	      unk_0_CE:; 0 .BYTE uninited & unexplored ; Sound+17B↓r
00CF		      ;	0 .BYTE	uninited & unexplored
00D0		      ;	0 .BYTE	uninited & unexplored
00D1		      ;	0 .BYTE	uninited & unexplored
00D2		      ;	0 .BYTE	uninited & unexplored
00D3		      ;	0 .BYTE	uninited & unexplored
00D4 ??	      snd_D4: .BYTE 0 ;	(uninited)	  ; Reset2Channels+11↓w
00D5		      ;	0 .BYTE	uninited & unexplored
00D6		      ;	0 .BYTE	uninited & unexplored
00D7		      ;	0 .BYTE	uninited & unexplored
00D8		      ;	0 .BYTE	uninited & unexplored
00D9		      ;	0 .BYTE	uninited & unexplored
00DA		      ;	0 .BYTE	uninited & unexplored
00DB		      ;	0 .BYTE	uninited & unexplored
00DC		      ;	0 .BYTE	uninited & unexplored
00DD		      ;	0 .BYTE	uninited & unexplored
00DE		      ;	0 .BYTE	uninited & unexplored
00DF ??	?? ??+	      .BYTE 0,0,0,0,0,0,0,0,0,0,0,0,0,0,0,0 ; (uninited)
00DF ??	?? ??+	      .BYTE 0,0,0,0,0,0,0,0,0,0,0,0,0,0,0,0 ; (uninited)
00DF ??	?? ??+	      .BYTE 0 ;	(uninited)
0100 ??	?? ??+	      .BYTE 0,0,0,0,0,0,0,0,0,0,0,0,0,0,0,0 ; (uninited)
0100 ??	?? ??+	      .BYTE 0,0,0,0,0,0,0,0,0,0,0,0,0,0,0,0 ; (uninited)
0100 ??	?? ??+	      .BYTE 0,0,0,0,0,0,0,0,0,0,0,0,0,0,0,0 ; (uninited)
0100 ??	?? ??+	      .BYTE 0,0,0,0,0,0,0,0,0,0,0,0,0,0,0,0 ; (uninited)
0100 ??	?? ??+	      .BYTE 0,0,0,0,0,0,0,0,0,0,0,0,0,0,0,0 ; (uninited)
0100 ??	?? ??+	      .BYTE 0,0,0,0,0,0,0,0,0,0,0,0,0,0,0,0 ; (uninited)
0100 ??	?? ??+	      .BYTE 0,0,0,0,0,0,0,0,0,0,0,0,0,0,0,0 ; (uninited)
0100 ??	?? ??+	      .BYTE 0,0,0,0,0,0,0,0,0,0,0,0,0,0,0,0 ; (uninited)
0100 ??	?? ??+	      .BYTE 0,0,0,0,0,0,0,0,0,0,0,0,0,0,0,0 ; (uninited)
0100 ??	?? ??+	      .BYTE 0,0,0,0,0,0,0,0,0,0,0,0,0,0,0,0 ; (uninited)
0100 ??	?? ??+	      .BYTE 0,0,0,0,0,0,0,0,0,0,0,0,0,0,0,0 ; (uninited)
0100 ??	?? ??+	      .BYTE 0,0,0,0,0,0,0,0,0,0,0,0,0,0,0,0 ; (uninited)
0100 ??	?? ??+	      .BYTE 0,0,0,0,0,0,0,0,0,0,0,0,0,0,0,0 ; (uninited)
0100 ??	?? ??+	      .BYTE 0,0,0,0,0,0,0,0,0,0,0,0,0,0,0,0 ; (uninited)
0100 ??	?? ??+	      .BYTE 0,0,0,0,0,0,0,0,0,0,0,0,0,0,0,0 ; (uninited)
0100 ??	?? ??+	      .BYTE 0,0,0,0,0,0,0,0,0,0,0,0,0,0,0,0 ; (uninited)
0200 ??	      TapeMotorState:.BYTE 0 ; (uninited) ; sub_0_900+12↓w
0200						  ; TapeMotorControl+C↓w
0200						  ; TapeMotorControl+10↓r
0201		      ;	0 .BYTE	uninited & unexplored
0202		      ;	0 .BYTE	uninited & unexplored
0203		      ;	0 .BYTE	uninited & unexplored
0204		      ;	0 .BYTE	uninited & unexplored
0205 ??	?? ??+SprNumber:.BYTE 0,0,0,0,0,0,0,0 ;	(uninited) ; InitDeckDroids+90↓w
0205 ??	?? ??+					  ; dMd0_droid+33↓w
0205 ??	??					  ; DoCollision+27↓r
0205						  ; DoCollision+35↓r
0205						  ; DoCollision+6B↓r
0205						  ; ExplodeSprite+16↓w
0205						  ; FreeSprite+F↓w
0205						  ; FindFreeSprite+2↓r
0205						  ; MovePlyFire+85↓w DoFire+6B↓w
0205						  ; DoFire+76↓w	DoEnemyFire+43↓w
020D ??	?? ??+SprImage_t:.BYTE 0,0,0,0,0,0,0,0 ; (uninited) ; RdSpriteState+10↓r
020D ??	?? ??+					  ; WrSpriteState+12↓w
020D ??	??					  ; FreePlyBullet+11↓w
020D						  ; SaveVicState+2↓r
020D						  ; RestoreVicState+5↓w
020D						  ; Irq_118+53↓r Irq_118+4D↓r
020D						  ; Irq_118+47↓r Irq_118+41↓r
020D						  ; Irq_118+3B↓r Irq_118+35↓r
020D						  ; Irq_118+2F↓r Irq_118+29↓r
0215	      clr0_top_d020:; 0	.BYTE uninited & unexplored ; SetIntroColors+25↓w
0215						  ; SetIntroColors+3A↓w
0215						  ; InitColors+36↓w
0215						  ; con_DeckInfo+29↓r
0215						  ; NewCharColors+F↓r
0216	      clr1_unknown:; 0 .BYTE uninited &	unexplored
0217	      clr2_unknown:; 0 .BYTE uninited &	unexplored
0218	      clr3_d020:; 0 .BYTE uninited & unexplored	; SetIntroColors+2D↓r
0218						  ; InitColors+40↓r
0219	      clr4_txt:; 0 .BYTE uninited & unexplored ; SetIntroColors+35↓r
021A	      clr5_unknown:; 0 .BYTE uninited &	unexplored
021B	      clr6_xfer:; 0 .BYTE uninited & unexplored	; AnimateDroids+126↓r
021C	      clr7_unknown:; 0 .BYTE uninited &	unexplored
021D	      clr8_unknown:; 0 .BYTE uninited &	unexplored
021E	      clr9_unknown:; 0 .BYTE uninited &	unexplored
021F	      clr10_unknown:; 0	.BYTE uninited & unexplored
0220	      clr11_unknown:; 0	.BYTE uninited & unexplored
0221		      ;	0 .BYTE	uninited & unexplored
0222		      ;	0 .BYTE	uninited & unexplored
0223		      ;	0 .BYTE	uninited & unexplored
0224 ??	      clr15_unknown:.BYTE 0 ; (uninited)  ; InitColors+4A↓w
0225 ??	?? ??+	      .BYTE 0,0,0,0,0,0,0,0,0,0,0 ; (uninited)
0230 ??	?? ??+doorPosY:.BYTE 0,0,0,0,0,0,0,0 ; (uninited) ; OpenDoor+18↓r
0230 ??	?? ??+					  ; OpenDoor+31↓w
0230 ??	??					  ; CloseDoors+29↓r
0230						  ; CloseDoors+57↓r
0230						  ; CloseDoors+77↓r
0230						  ; CloseDoors+7A↓w
0238 ??	?? ??+doorPosX:.BYTE 0,0,0,0,0,0,0,0 ; (uninited) ; OpenDoor+11↓r
0238 ??	?? ??+					  ; OpenDoor+2C↓w
0238 ??	??					  ; CloseDoors+2E↓r
0238						  ; CloseDoors+52↓r
0238						  ; CloseDoors+7D↓r
0238						  ; CloseDoors+80↓w
0240 ??	?? ??+doorState:.BYTE 0,0,0,0,0,0,0,0 ;	(uninited) ; OpenDoor+45↓w
0240 ??	?? ??+					  ; OpenDoor+49↓r OpenDoor+50↓r
0240 ??	??					  ; OpenDoor+55↓w OpenDoor+78↓w
0240						  ; OpenDoor+97↓w CloseDoors+B↓r
0240						  ; CloseDoors+12↓r
0240						  ; CloseDoors+19↓r
0240						  ; CloseDoors+20↓w
0240						  ; CloseDoors+23↓r
0240						  ; CloseDoors+49↓w
0240						  ; CloseDoors+4C↓r
0240						  ; CloseDoors+83↓r
0240						  ; CloseDoors+86↓w
0240						  ; CloseDoors+8A↓r
0240						  ; CloseDoors+8F↓w
0248 ??	      byte_0_248:.BYTE 0 ; (uninited)	  ; ConsoleMain+11↓w
0248						  ; sub_0_2D92+4↓w
0248						  ; sub_0_2DCD+18↓w
0248						  ; sub_0_2DCD+4B↓w ToUpper+9↓r
0248						  ; ToUpper+3A↓w
0248						  ; ShowRobotType+26↓w
0248						  ; PrintTokenString+5↓w
0248						  ; PrintTokenString+3B↓w
0249 ??	      CapTmp: .BYTE 0 ;	(uninited)	  ; PrCapitalString+18↓r
0249						  ; ToUpper+4↓w
024A ??	?? ??+	      .BYTE 0,0,0,0,0,0,0,0,0,0,0,0,0,0,0,0 ; (uninited)
024A ??	?? ??+	      .BYTE 0,0,0,0,0,0,0,0,0,0,0,0,0,0,0,0 ; (uninited)
024A ??	?? ??+	      .BYTE 0,0,0,0,0,0,0,0,0,0,0,0,0,0,0,0 ; (uninited)
024A ??	?? ??+	      .BYTE 0,0,0,0,0,0,0,0,0,0,0,0,0,0,0,0 ; (uninited)
024A ??	?? ??+	      .BYTE 0,0,0,0,0,0,0,0,0,0,0,0,0,0,0,0 ; (uninited)
024A ??	?? ??+	      .BYTE 0,0,0,0,0,0,0,0,0,0,0,0,0 ;	(uninited)
02A7 ??	?? ??+sprimg_save:.BYTE	0,0,0,0,0,0,0,0	; (uninited) ; SaveVicState+5↓w
02A7 ??	?? ??+					  ; RestoreVicState+2↓r
02AF ??	?? ??+d000_save:.BYTE 0,0,0,0,0,0,0,0 ;	(uninited) ; SaveVicState+B↓w
02AF ??	?? ??+					  ; RestoreVicState+8↓r
02B7 ??	?? ??+d008_save:.BYTE 0,0,0,0,0,0,0,0 ;	(uninited) ; SaveVicState+11↓w
02B7 ??	?? ??+					  ; RestoreVicState+E↓r
02BF ??	?? ??+d020_save:.BYTE 0,0,0,0,0,0,0 ; (uninited) ; SaveVicState+17↓w
02BF ??	?? ??+					  ; RestoreVicState+14↓r
02C6 ??	?? ??+d027_save:.BYTE 0,0,0,0,0,0,0,0 ;	(uninited) ; SaveVicState+1D↓w
02C6 ??	?? ??+					  ; RestoreVicState+1A↓r
02CE ??	      d010_save:.BYTE 0	; (uninited)	  ; SaveVicState+26↓w
02CE						  ; RestoreVicState+23↓r
02CF ??	      d015_save:.BYTE 0	; (uninited)	  ; SaveVicState+2C↓w
02CF						  ; RestoreVicState+29↓r
02D0 ??	      d017_sace:.BYTE 0	; (uninited)	  ; SaveVicState+32↓w
02D0						  ; RestoreVicState+2F↓r
02D1 ??	      d01c_save:.BYTE 0	; (uninited)	  ; SaveVicState+38↓w
02D1						  ; RestoreVicState+35↓r
02D2 ??	      d01d_save:.BYTE 0	; (uninited)	  ; SaveVicState+3E↓w
02D2						  ; RestoreVicState+3B↓r
02D3 ??	      irq1bg_save:.BYTE	0 ; (uninited)	  ; SaveVicState+43↓w
02D3						  ; RestoreVicState+41↓r
02D3						  ; con_DeckInfo+10↓r
02D4 ??	?? ??+	      .BYTE 0,0,0,0,0,0,0,0,0,0,0,0,0,0,0,0 ; (uninited)
02D4 ??	?? ??+	      .BYTE 0,0,0,0,0,0,0,0,0,0,0,0,0,0,0,0 ; (uninited)
02D4 ??	?? ??+	      .BYTE 0,0,0,0,0,0,0,0,0,0,0,0 ; (uninited)
0300 ??	?? ??+	      .BYTE 0,0,0,0,0,0,0,0,0,0,0,0,0,0,0,0 ; (uninited)
0300 ??	?? ??+	      .BYTE 0,0,0,0,0,0,0,0,0,0,0,0,0,0,0,0 ; (uninited)
0300 ??	?? ??+	      .BYTE 0,0,0,0,0,0,0,0,0,0,0,0,0,0,0,0 ; (uninited)
0330 ??	?? ??+droidShipIdx:.BYTE 0,0,0,0,0,0,0,0,0,0,0,0,0,0,0,0 ; (uninited)
0330 ??	?? ??+					  ; InitDeckDroids+2B↓w
0330 ??	?? ??+					  ; RunDroids+7E↓r
0330 ??	?? ??+					  ; RunDroids+81↓w
0330 ??	?? ??+					  ; RemoveShipDroid↓r
0340 ??	?? ??+droidType:.BYTE 0,0,0,0,0,0,0,0,0,0,0,0,0,0,0,0 ;	(uninited)
0340 ??	?? ??+					  ; StartGame+21↓w
0340 ??	?? ??+					  ; StartGame+6F↓r
0340 ??	?? ??+					  ; StartGame+137↓w
0340 ??	?? ??+					  ; StartGame+16A↓r
0340 ??						  ; GameLoop+73↓r
0340						  ; BlowInto001+2D↓w
0340						  ; InitDeckDroids+24↓w
0340						  ; RunDroids+14↓r
0340						  ; RunDroids+36↓r
0340						  ; RunDroids+39↓w
0340						  ; dMd1_bullet+17↓r
0340						  ; dMd1_bullet+1E↓w
0340						  ; dMd1_bullet+72↓w
0340						  ; dMd0_droid+30↓r
0340						  ; dMd0_droid+99↓r
0340						  ; DoCollision+B9↓r
0340						  ; DoCollision+C0↓r
0340						  ; DoCollision+EE↓r
0340						  ; DoCollision+F7↓r
0340						  ; ExplodeSprite+2↓r
0340						  ; ExplodeSprite+E↓w
0340						  ; EnemyFireEnemy+5↓r
0340						  ; PlyFireEnemy+C↓r
0340						  ; KillDroid+3↓r KillDroid+C↓r
0340						  ; Regenerate+10↓r
0340						  ; FinishTransfer1+6↓r
0340						  ; FinishTransfer1+16↓w
0340						  ; FinishTransfer1+2F↓r
0340						  ; FinishTransfer1+32↓w
0340						  ; FinishTransfer1+3F↓r
0340						  ; xferInitDroid+B↓r ...
0350 ??	?? ??+droidSprNum:.BYTE	0,0,0,0,0,0,0,0,0,0,0,0,0,0,0,0	; (uninited)
0350 ??	?? ??+					  ; StartGame+68↓w
0350 ??	?? ??+					  ; StartGame+13A↓w
0350 ??	?? ??+					  ; InitDeckDroids+3A↓w
0350 ??	?? ??+					  ; RunDroids+3C↓r
0350 ??						  ; RunDroids+3F↓w
0350						  ; dMd2_explosion+3↓r
0350						  ; dMd2_explosion+28↓w
0350						  ; dMd1_bullet+3↓r
0350						  ; dMd1_bullet+5A↓w
0350						  ; dMd0_droid+8↓r
0350						  ; dMd0_droid+14↓w
0350						  ; dMd0_droid+1D↓r
0350						  ; dMd0_droid+4C↓w
0350						  ; GetDroidBySprNum+5↓r
0350						  ; FinishTransfer2+31↓r
0350						  ; Disruptor+25↓r
0350						  ; Disruptor+B8↓r
0350						  ; DoEnemyFire+47↓w
0350						  ; AnimateDroids+19↓r
0350						  ; SubGameSelectSide+13B↓r
0350						  ; SubGameSelectSide+157↓r
0350						  ; SubGameSelectSide+1EF↓r
0350						  ; StartGame+59↓w
0360 ??	?? ??+droidEnergy:.BYTE	0,0,0,0,0,0,0,0,0,0,0,0,0,0,0,0	; (uninited)
0360 ??	?? ??+					  ; StartGame+65↓w
0360 ??	?? ??+					  ; StartGame+105↓w
0360 ??	?? ??+					  ; StartGame+13D↓w
0360 ??	?? ??+					  ; GameLoop+61↓r
0360 ??						  ; BlowInto001+1E↓w
0360						  ; InitDeckDroids+48↓w
0360						  ; RunDroids+F↓r RunDroids+42↓r
0360						  ; RunDroids+45↓w
0360						  ; dMd2_explosion+25↓w
0360						  ; dMd1_bullet+57↓w
0360						  ; dMd0_droid+29↓w
0360						  ; DoCollision+CA↓r
0360						  ; DoCollision+D0↓w
0360						  ; DoCollision+D7↓w
0360						  ; DoCollision+DE↓r
0360						  ; DoCollision+E4↓w
0360						  ; DoCollision+11B↓r
0360						  ; DoCollision+125↓w
0360						  ; DoCollision+130↓r
0360						  ; DoCollision+13A↓w
0360						  ; ExplodeSprite+11↓w
0360						  ; EnemyFireEnemy+B↓r
0360						  ; EnemyFireEnemy+15↓w
0360						  ; PlyFireEnemy+18↓r
0360						  ; PlyFireEnemy+22↓w
0360						  ; FreeSpriteTmp2+4↓w
0360						  ; Regenerate+17↓r
0360						  ; Regenerate+1E↓w
0360						  ; Regenerate+22↓r
0360						  ; Regenerate+2C↓w
0360						  ; FinishTransfer1+39↓r ...
0370 ??	?? ??+droidSpdX:.BYTE 0,0,0,0,0,0,0,0,0,0,0,0,0,0,0,0 ;	(uninited)
0370 ??	?? ??+					  ; InitDeckDroids+3D↓w
0370 ??	?? ??+					  ; RunDroids+48↓r
0370 ??	?? ??+					  ; RunDroids+4B↓w
0370 ??	?? ??+					  ; dMd2_explosion+32↓r
0370 ??						  ; dMd2_explosion+36↓r
0370						  ; dMd2_explosion+40↓w
0370						  ; MoveDroid+A↓r
0370						  ; ReverseDroidDir+C↓r
0370						  ; ReverseDroidDir+14↓w
0370						  ; GetNewDir+4B↓w
0370						  ; GetNewDir+54↓r
0370						  ; AdvanceMapPos+2↓r
0370						  ; AddBullet+4↓w AddBullet+7D↓r
0370						  ; AddBullet+93↓r
0370						  ; AddBullet+AB↓r
0370						  ; AddBullet+B3↓w
0380 ??	?? ??+droidSpdY:.BYTE 0,0,0,0,0,0,0,0,0,0,0,0,0,0,0,0 ;	(uninited)
0380 ??	?? ??+					  ; InitDeckDroids+40↓w
0380 ??	?? ??+					  ; RunDroids+4E↓r
0380 ??	?? ??+					  ; RunDroids+51↓w
0380 ??	?? ??+					  ; dMd2_explosion+43↓r
0380 ??						  ; dMd2_explosion+47↓r
0380						  ; dMd2_explosion+51↓w
0380						  ; MoveDroid+3B↓r
0380						  ; ReverseDroidDir+17↓r
0380						  ; ReverseDroidDir+1F↓w
0380						  ; GetNewDir+51↓w
0380						  ; AdvanceMapPos+12↓r
0380						  ; AddBullet+1F↓w
0380						  ; AddBullet+71↓r
0380						  ; AddBullet+96↓r
0380						  ; AddBullet+B6↓r
0380						  ; AddBullet+BE↓w
0390 ??	?? ??+droidSpriteImage:.BYTE 0,0,0,0,0,0,0,0,0,0,0,0,0,0,0,0 ; (uninited)
0390 ??	?? ??+					  ; StartGame+53↓w
0390 ??	?? ??+					  ; StartGame+180↓w
0390 ??	?? ??+					  ; InitDeckDroids+32↓w
0390 ??	?? ??+					  ; RunDroids+54↓r
0390 ??						  ; RunDroids+57↓w
0390						  ; dMd1_bullet+2F↓r
0390						  ; DoCollision+10E↓r
0390						  ; AddBullet+A8↓w
0390						  ; AnimateDroids+33↓w
0390						  ; AnimateDroids+36↓r
0390						  ; AnimateDroids+47↓w
03A0 ??	?? ??+droidFireDelay:.BYTE 0,0,0,0,0,0,0,0,0,0,0,0,0,0,0,0 ; (uninited)
03A0 ??	?? ??+					  ; StartGame+183↓w
03A0 ??	?? ??+					  ; InitDeckDroids+37↓w
03A0 ??	?? ??+					  ; RunDroids+5A↓r
03A0 ??	?? ??+					  ; RunDroids+5D↓w
03A0 ??						  ; Regenerate+2↓r
03A0						  ; Regenerate+7↓w
03A0						  ; MovePlyFire+8D↓r
03A0						  ; MovePlyFire+92↓w DoFire↓r
03A0						  ; DoFire+88↓w	DoEnemyFire+2A↓r
03A0						  ; AddBullet+58↓w
03B0 ??	?? ??+droidPosX_lo:.BYTE 0,0,0,0,0,0,0,0,0,0,0,0,0,0,0,0 ; (uninited)
03B0 ??	?? ??+					  ; InitDeckDroids+67↓w
03B0 ??	?? ??+					  ; RunDroids+60↓r
03B0 ??	?? ??+					  ; RunDroids+63↓w
03B0 ??	?? ??+					  ; dMd0_droid+88↓r
03B0 ??						  ; MoveDroid+F↓r MoveDroid+12↓w
03B0						  ; MoveDroid+1F↓r
03B0						  ; MoveDroid+22↓w
03B0						  ; AddBullet+46↓r
03B0						  ; AddBullet+49↓w
03C0 ??	?? ??+droidPosX_hi:.BYTE 0,0,0,0,0,0,0,0,0,0,0,0,0,0,0,0 ; (uninited)
03C0 ??	?? ??+					  ; InitDeckDroids+53↓w
03C0 ??	?? ??+					  ; RunDroids+66↓r
03C0 ??	?? ??+					  ; RunDroids+69↓w
03C0 ??	?? ??+					  ; MoveDroid+17↓r
03C0 ??						  ; MoveDroid+27↓r
03C0						  ; MoveDroid+2C↓w
03C0						  ; AddBullet+3A↓r
03C0						  ; AddBullet+3D↓w
03D0 ??	?? ??+droidPosY_lo:.BYTE 0,0,0,0,0,0,0,0,0,0,0,0,0,0,0,0 ; (uninited)
03D0 ??	?? ??+					  ; InitDeckDroids+7B↓w
03D0 ??	?? ??+					  ; RunDroids+6C↓r
03D0 ??	?? ??+					  ; RunDroids+6F↓w
03D0 ??	?? ??+					  ; dMd0_droid+8B↓r
03D0 ??						  ; MoveDroid+40↓r
03D0						  ; MoveDroid+43↓w
03D0						  ; MoveDroid+50↓r
03D0						  ; MoveDroid+53↓w
03D0						  ; AddBullet+4C↓r
03D0						  ; AddBullet+4F↓w
03E0 ??	?? ??+droidPosY_hi:.BYTE 0,0,0,0,0,0,0,0,0,0,0,0,0,0,0,0 ; (uninited)
03E0 ??	?? ??+					  ; InitDeckDroids+56↓w
03E0 ??	?? ??+					  ; RunDroids+72↓r
03E0 ??	?? ??+					  ; RunDroids+75↓w
03E0 ??	?? ??+					  ; MoveDroid+48↓r
03E0 ??						  ; MoveDroid+58↓r
03E0						  ; MoveDroid+5D↓w
03E0						  ; AddBullet+40↓r
03E0						  ; AddBullet+43↓w
03F0 ??	?? ??+droidState:.BYTE 0,0,0,0,0,0,0,0,0,0,0,0,0,0,0,0 ; (uninited)
03F0 ??	?? ??+					  ; InitDeckDroids+43↓w
03F0 ??	?? ??+					  ; RunDroids+78↓r
03F0 ??	?? ??+					  ; RunDroids+7B↓w
03F0 ??	?? ??+					  ; dMd0_droid+7D↓r
03F0 ??						  ; dMd0_droid+82↓w
03F0						  ; MoveDroid+1↓r MoveDroid+32↓r
03F0						  ; PauseDroidFor16+4↓w
03F0						  ; GetNewDir+5B↓w
03F0						  ; CheckDroidAdvance+D↓w
03F0						  ; DoEnemyFire+36↓w
03F0						  ; AddBullet+62↓w
03F0	      ;	end of 'RAM'
0400	      ;	File Name   : C:\C64\pce_0400.bin
0400	      ;	Format	    : Binary File
0400	      ;	Base Address: 0000h Range: 0400h - 10000h Loaded length: FC00h
0400	      ;
0400		      ;.segment	ROM
0400		      *	=  $400
0400 78	4C 00+shipDroids:.BYTE $78, $4C, 0, $10, 0, 0, 0, 0, 0,	0, 0, 0, 0, 0, 0, 0
0400 10	00 00+					  ; NextLevel+3↓w
0400 00	00 00+					  ; RemoveShipDroid+3↓r
0400 00	00 00+					  ; RemoveShipDroid+A↓w
0400 00	00 00+	      .BYTE 0, 0, 0, 0,	0, 0, 0, 0, 0, 0, 0, 0,	0, 0, 0, 0
0400 00	00 00+	      .BYTE 0, 0, 0, 0,	0, 0, 0, 0, 0, 0, 0, 0,	0, 0, 0, 0
0400 00	00 00+	      .BYTE 0, 0, 0, 0,	0, 0, 0, 0, 0, 0, 0, 0,	0, 0, 0, 0
0400 00	00 00+	      .BYTE 0, 0, 0, 0,	0, 0, 0, 0, 0, 0, 0, 0,	0, 0, 0, 0
0400 00	00 00+	      .BYTE 0, 0, 0, 0,	0, 0, 0, 0, 0, 0, 0, 0,	0, 0, 0, 0
0400 00	00 00+	      .BYTE 0, 0, 0, 0,	0, 0, 0, 0, 0, 0, 0, 0,	0, 0, 0, 0
0400 00	00 00+	      .BYTE 0, 0, 0, 0,	0, 0, 0, 0, 0, 0, 0, 0,	0, 0, 0, 0
0400 00	00 00+	      .BYTE 0, 0, 0, 0,	0, 0, 0, 0, 0, 0, 0, 0,	0, 0, 0, 0
0400 00	00 00+	      .BYTE 0, 0, 0, 0,	0, 0, 0, 0, 0, 0, 0, 0,	0, 0, 0, 0
0400 00	00 00+	      .BYTE 0, 0, 0, 0,	0, 0, 0, 0, 0, 0, 0, 0,	0, 0, 0, 0
0400 00	00 00+	      .BYTE 0, 0, 0, 0,	0, 0, 0, 0, 0, 0, 0, 0,	0, 0, 0, 0
0400 00	00 00+	      .BYTE 0, 0, 0, 0,	0, 0, 0, 0, 0, 0, 0, 0,	0, 0, 0, 0
0400 00	00 00+	      .BYTE 0, 0, 0, 0,	0, 0, 0, 0, 0, 0, 0, 0,	0, 0, 0, 0
0400 00	00 00+	      .BYTE 0, 0, 0, 0,	0, 0, 0, 0, 0, 0, 0, 0,	0, 0, 0, 0
0400 00	00 00+	      .BYTE 0, 0, 0, 0,	0, 0, 0, 0, 0, 0, 0, 0,	0, 0, 0, 0
0500	      ;	---------------	S U B R	O U T I	N E ---------------------------------------
0500	      Sound:				  ; TitleLoop+10↓p
0500						  ; TitleLoop+8C↓p
0500						  ; StartGame+10↓p
0500						  ; ShowTitle+99↓p Irq_118+6B↓p
0500 A5	90	      LDA     sndState
0502 F0	42	      BEQ     _reset
0504 C9	02	      CMP     #2
0506 D0	03	      BNE     _1
0508 4C	A0 05	      JMP     _gameFX
050B	      _1:				  ; Sound+6↑j
050B C9	01	      CMP     #1
050D D0	03	      BNE     _2
050F 4C	4A 05	      JMP     _chatter
0512	      _2:				  ; Sound+D↑j
0512 C9	11	      CMP     #$11
0514 F0	05	      BEQ     _initChatter	  ; init chatter
0516 C9	12	      CMP     #$12
0518 F0	0C	      BEQ     _initGameFX	  ; init game FX
051A 60		      RTS
051B	      _initChatter:			  ; Sound+14↑j
051B 20	26 05	      JSR     _initGameFX
051E A9	80	      LDA     #$80
0520 05	47	      ORA     sndVolume
0522 8D	18 D4	      STA     byte_0_D418
0525 60		      RTS
0526	      _initGameFX:			  ; Sound+18↑j Sound+1B↑p
0526 29	0F	      AND     #$F
0528 85	90	      STA     sndState
052A 20	4C 07	      JSR     Reset2Channels
052D A9	8F	      LDA     #$8F		  ; full volume, mute voice 3
052F 8D	18 D4	      STA     byte_0_D418
0532 A9	FF	      LDA     #$FF
0534 8D	0E D4	      STA     byte_0_D40E	  ; v3 frequency = ffff
0537 8D	0F D4	      STA     byte_0_D40F
053A 8D	13 D4	      STA     byte_0_D413	  ; v3 ADSR = ffff
053D 8D	14 D4	      STA     byte_0_D414
0540 A9	81	      LDA     #$81		  ; v3 = noise
0542 8D	12 D4	      STA     byte_0_D412
0545 60		      RTS
0546	      _reset:				  ; Sound+2↑j
0546 20	3F 07	      JSR     ResetSID
0549 60		      RTS
054A	      _chatter:				  ; Sound+F↑j
054A C6	9C	      DEC     snd_9C
054C A5	9C	      LDA     snd_9C		  ; every 128th	time
054E 29	7F	      AND     #$7F
0550 D0	1F	      BNE     _chatter_3
0552 A2	00	      LDX     #0		  ; equal chance for sfx 1d/1e/1f
0554 AD	1B D4	      LDA     byte_0_D41B
0557 C9	55	      CMP     #$55
0559 90	06	      BCC     _chatter_1
055B E8		      INX
055C C9	AA	      CMP     #$AA
055E 90	01	      BCC     _chatter_1
0560 E8		      INX
0561	      _chatter_1:			  ; Sound+59↑j Sound+5E↑j
0561 8A		      TXA
0562 18		      CLC
0563 69	1D	      ADC     #$1D
0565 85	91	      STA     sndFx1
0567 4C	A0 05	      JMP     _gameFX
056A	      _chatter_2:			  ; Sound+77↓j Sound+7B↓j
056A A9	10	      LDA     #$10
056C 85	92	      STA     SndFx2
056E 4C	A0 05	      JMP     _gameFX
0571	      _chatter_3:			  ; Sound+50↑j
0571 A5	9C	      LDA     snd_9C		  ; every 64th time
0573 29	3F	      AND     #$3F
0575 C9	22	      CMP     #$22
0577 F0	F1	      BEQ     _chatter_2
0579 C9	30	      CMP     #$30
057B F0	ED	      BEQ     _chatter_2
057D A5	9C	      LDA     snd_9C		  ; every 16th time
057F 29	0F	      AND     #$F
0581 C9	08	      CMP     #8
0583 D0	1B	      BNE     _gameFX
0585 AD	1B D4	      LDA     byte_0_D41B
0588 30	0B	      BMI     _chatter_4
058A 4A		      LSR     A
058B 4A		      LSR     A
058C 4A		      LSR     A			  ; [0,15]
058D 18		      CLC
058E 65	C3	      ADC     snd_C3_fslideHi
0590 85	C3	      STA     snd_C3_fslideHi
0592 4C	A0 05	      JMP     _gameFX
0595	      _chatter_4:			  ; Sound+88↑j
0595 38		      SEC
0596 6A		      ROR     A
0597 38		      SEC
0598 6A		      ROR     A
0599 38		      SEC
059A 6A		      ROR     A			  ; [-16,-1]
059B 18		      CLC
059C 65	C3	      ADC     snd_C3_fslideHi
059E 85	C3	      STA     snd_C3_fslideHi
05A0	      _gameFX:				  ; Sound+8↑j Sound+67↑j
05A0						  ; Sound+6E↑j Sound+83↑j
05A0						  ; Sound+92↑j
05A0 A0	00	      LDY     #0		  ; voice 1
05A2 84	99	      STY     snd_99_voicenum
05A4	      _s2_1:				  ; Sound+C2↓j
05A4 B9	91 00	      LDA     sndFx1,Y
05A7 F0	13	      BEQ     _s2_2		  ; no queued fx
05A9 B6	9D	      LDX     sndActive1,Y
05AB 30	19	      BMI     _s2_3		  ; busy, ignore
05AD 99	9D 00	      STA     sndActive1,Y
05B0 A9	00	      LDA     #0
05B2 99	91 00	      STA     sndFx1,Y
05B5 98		      TYA
05B6 18		      CLC
05B7 69	01	      ADC     #1
05B9 20	9B 06	      JSR     StartSfx
05BC	      _s2_2:				  ; Sound+A7↑j Sound+CB↓j
05BC E6	99	      INC     snd_99_voicenum
05BE A4	99	      LDY     snd_99_voicenum
05C0 C0	02	      CPY     #2
05C2 90	E0	      BCC     _s2_1
05C4 B0	07	      BCS     _s2_4
05C6	      _s2_3:				  ; Sound+AB↑j
05C6 A9	00	      LDA     #0
05C8 99	91 00	      STA     sndFx1,Y
05CB F0	EF	      BEQ     _s2_2
05CD	      _s2_4:				  ; Sound+C4↑j
05CD A0	00	      LDY     #0
05CF 84	97	      STY     snd_varOffset
05D1 84	99	      STY     snd_99_voicenum
05D3 A2	01	      LDX     #1
05D5	      _ply_1:				  ; Sound+197↓j
05D5 20	34 07	      JSR     SndMul7
05D8 B9	C6 00	      LDA     snd_C6,Y
05DB D0	03	      BNE     _ply2
05DD 4C	82 06	      JMP     _endFX
05E0	      _ply2:				  ; Sound+DB↑j
05E0 B9	C0 00	      LDA     snd_C0_fLo,Y
05E3 18		      CLC
05E4 79	C2 00	      ADC     snd_C2_fslideLo,Y
05E7 99	C0 00	      STA     snd_C0_fLo,Y
05EA A4	98	      LDY     snd_RegOffset
05EC 99	00 D4	      STA     $D400,Y
05EF A4	97	      LDY     snd_varOffset
05F1 B9	C1 00	      LDA     snd_C1_fHi,Y
05F4 79	C3 00	      ADC     snd_C3_fslideHi,Y
05F7 99	C1 00	      STA     snd_C1_fHi,Y
05FA A4	98	      LDY     snd_RegOffset
05FC 99	01 D4	      STA     $D401,Y
05FF A4	97	      LDY     snd_varOffset
0601 B9	C7 00	      LDA     snd_C7_pLo,Y
0604 18		      CLC
0605 79	C9 00	      ADC     snd_C9_pslideLo,Y
0608 99	C7 00	      STA     snd_C7_pLo,Y
060B A4	98	      LDY     snd_RegOffset
060D 99	02 D4	      STA     $D402,Y
0610 A4	97	      LDY     snd_varOffset
0612 B9	C8 00	      LDA     snd_C8_pHi,Y
0615 79	CA 00	      ADC     snd_CA_pslideHi,Y
0618 99	C8 00	      STA     snd_C8_pHi,Y
061B A4	98	      LDY     snd_RegOffset
061D 99	03 D4	      STA     $D403,Y
0620 A4	99	      LDY     snd_99_voicenum	  ; [0,1]
0622 B6	A2	      LDX     snd_AD_duration,Y
0624 F0	11	      BEQ     _ply_3		  ; ended
0626 CA		      DEX
0627 96	A2	      STX     snd_AD_duration,Y
0629 D0	0C	      BNE     _ply_3		  ; didb't just end
062B A4	99	      LDY     snd_99_voicenum
062D B9	9F 00	      LDA     snd_d404,Y
0630 29	FE	      AND     #$FE		  ; start release
0632 A4	98	      LDY     snd_RegOffset
0634 99	04 D4	      STA     $D404,Y
0637	      _ply_3:				  ; Sound+124↑j	Sound+129↑j
0637 A4	97	      LDY     snd_varOffset
0639 B6	C4	      LDX     snd_fxDuration,Y
063B CA		      DEX
063C 96	C4	      STX     snd_fxDuration,Y
063E D0	49	      BNE     _ply_next
0640 B9	C5 00	      LDA     unk_0_C5,Y
0643 99	C4 00	      STA     snd_fxDuration,Y
0646 B9	CB 00	      LDA     snd_CB_vibrato,Y
0649 C9	01	      CMP     #1
064B F0	18	      BEQ     _ply_4
064D B9	C2 00	      LDA     snd_C2_fslideLo,Y	  ; reverse slide
0650 49	FF	      EOR     #$FF
0652 18		      CLC
0653 69	01	      ADC     #1
0655 99	C2 00	      STA     snd_C2_fslideLo,Y
0658 B9	C3 00	      LDA     snd_C3_fslideHi,Y
065B 49	FF	      EOR     #$FF
065D 69	00	      ADC     #0
065F 99	C3 00	      STA     snd_C3_fslideHi,Y
0662 4C	71 06	      JMP     _ply_5
0665	      _ply_4:				  ; Sound+14B↑j
0665 B9	CC 00	      LDA     snd_CC_resetFLo,Y
0668 99	C0 00	      STA     snd_C0_fLo,Y
066B B9	CD 00	      LDA     snd_CD_restFHi,Y
066E 99	C1 00	      STA     snd_C1_fHi,Y
0671	      _ply_5:				  ; Sound+162↑j
0671 B6	C6	      LDX     snd_C6,Y
0673 CA		      DEX
0674 96	C6	      STX     snd_C6,Y
0676 D0	11	      BNE     _ply_next
0678 20	EA 06	      JSR     ResetVoice
067B B9	CE 00	      LDA     unk_0_CE,Y
067E F0	02	      BEQ     _endFX
0680 85	91	      STA     sndFx1
0682	      _endFX:				  ; Sound+DD↑j Sound+17E↑j
0682 A4	99	      LDY     snd_99_voicenum
0684 A9	00	      LDA     #0
0686 99	9D 00	      STA     sndActive1,Y
0689	      _ply_next:			  ; Sound+13E↑j	Sound+176↑j
0689 A0	10	      LDY     #$10
068B 84	97	      STY     snd_varOffset
068D E6	99	      INC     snd_99_voicenum
068F A5	99	      LDA     snd_99_voicenum
0691 C9	02	      CMP     #2
0693 F0	05	      BEQ     _x
0695 A2	02	      LDX     #2
0697 4C	D5 05	      JMP     _ply_1
069A	      _x:				  ; Sound+193↑j
069A 60		      RTS
069A	      ;	End of function	Sound
069B	      ;	---------------	S U B R	O U T I	N E ---------------------------------------
069B	      StartSfx:				  ; Sound+B9↑p
069B AA		      TAX
069C 20	34 07	      JSR     SndMul7
069F A9	00	      LDA     #0
06A1 85	9B	      STA     snd_9A+1
06A3 B9	9D 00	      LDA     sndActive1,Y
06A6 38		      SEC
06A7 E9	01	      SBC     #1
06A9 29	7F	      AND     #$7F
06AB 0A		      ASL     A			  ; *16
06AC 26	9B	      ROL     snd_9A+1
06AE 0A		      ASL     A
06AF 26	9B	      ROL     snd_9A+1
06B1 0A		      ASL     A
06B2 26	9B	      ROL     snd_9A+1
06B4 0A		      ASL     A
06B5 26	9B	      ROL     snd_9A+1
06B7 18		      CLC
06B8 69	10	      ADC     #$10		  ; c610
06BA 85	9A	      STA     snd_9A
06BC A9	C6	      LDA     #$C6
06BE 65	9B	      ADC     snd_9A+1
06C0 85	9B	      STA     snd_9A+1
06C2 A0	00	      LDY     #0
06C4 B1	9A	      LDA     (snd_9A),Y	  ; instrument
06C6 20	F7 06	      JSR     StartInstrument
06C9 A9	01	      LDA     #1
06CB 85	97	      STA     snd_varOffset
06CD A5	99	      LDA     snd_99_voicenum
06CF 85	98	      STA     snd_RegOffset
06D1 F0	04	      BEQ     _1
06D3 A9	10	      LDA     #$10
06D5 85	98	      STA     snd_RegOffset
06D7	      _1:				  ; StartSfx+36↑j
06D7 A2	0F	      LDX     #15
06D9	      _2:				  ; StartSfx+4C↓j
06D9 A4	97	      LDY     snd_varOffset
06DB B1	9A	      LDA     (snd_9A),Y
06DD E6	97	      INC     snd_varOffset
06DF A4	98	      LDY     snd_RegOffset
06E1 99	C0 00	      STA     snd_C0_fLo,Y
06E4 E6	98	      INC     snd_RegOffset
06E6 CA		      DEX
06E7 D0	F0	      BNE     _2
06E9 60		      RTS
06E9	      ;	End of function	StartSfx
06EA	      ;	---------------	S U B R	O U T I	N E ---------------------------------------
06EA	      ResetVoice:			  ; Sound+178↑p
06EA						  ; StartInstrument+5↓p
06EA A6	98	      LDX     snd_RegOffset
06EC A9	08	      LDA     #8
06EE 9D	04 D4	      STA     $D404,X		  ; set	test bit
06F1 A9	00	      LDA     #0
06F3 9D	04 D4	      STA     $D404,X		  ; reset it
06F6 60		      RTS
06F6	      ;	End of function	ResetVoice
06F7	      ;	---------------	S U B R	O U T I	N E ---------------------------------------
06F7	      StartInstrument:			  ; StartSfx+2B↑p
06F7 0A		      ASL     A			  ; *8
06F8 0A		      ASL     A
06F9 0A		      ASL     A
06FA 85	97	      STA     snd_varOffset
06FC 20	EA 06	      JSR     ResetVoice
06FF A2	07	      LDX     #7		  ; copy voice data into SID
0701	      _1:				  ; StartInstrument+19↓j
0701 A4	97	      LDY     snd_varOffset
0703 B9	A0 EA	      LDA     sndInstruments_t,Y
0706 E6	97	      INC     snd_varOffset
0708 A4	98	      LDY     snd_RegOffset
070A 99	00 D4	      STA     $D400,Y
070D E6	98	      INC     snd_RegOffset
070F CA		      DEX
0710 D0	EF	      BNE     _1
0712 A4	97	      LDY     snd_varOffset
0714 B9	A0 EA	      LDA     sndInstruments_t,Y  ; duration
0717 A4	99	      LDY     snd_99_voicenum
0719 99	A2 00	      STA     snd_AD_duration,Y
071C A4	97	      LDY     snd_varOffset
071E 88		      DEY
071F 88		      DEY
0720 88		      DEY
0721 B9	A0 EA	      LDA     sndInstruments_t,Y  ; d404,x
0724 A4	99	      LDY     snd_99_voicenum
0726 99	9F 00	      STA     snd_d404,Y
0729 09	01	      ORA     #1		  ; set	gate bit
072B A4	98	      LDY     snd_RegOffset
072D 88		      DEY
072E 88		      DEY
072F 88		      DEY
0730 99	00 D4	      STA     $D400,Y
0733 60		      RTS
0733	      ;	End of function	StartInstrument
0734	      ;	---------------	S U B R	O U T I	N E ---------------------------------------
0734	      SndMul7:				  ; Sound+D5↑p StartSfx+1↑p
0734 A9	F9	      LDA     #-7
0736	      _1:				  ; SndMul7+6↓j
0736 18		      CLC
0737 69	07	      ADC     #7
0739 CA		      DEX
073A D0	FA	      BNE     _1
073C 85	98	      STA     snd_RegOffset
073E 60		      RTS
073E	      ;	End of function	SndMul7
073F	      ;	---------------	S U B R	O U T I	N E ---------------------------------------
073F	      ResetSID:				  ; Sound+46↑p
073F A0	18	      LDY     #$18
0741	      _1:				  ; ResetSID+8↓j
0741 A9	00	      LDA     #0
0743 99	00 D4	      STA     $D400,Y
0746 88		      DEY
0747 10	F8	      BPL     _1
0749 85	9C	      STA     snd_9C
074B 60		      RTS
074B	      ;	End of function	ResetSID
074C	      ;	---------------	S U B R	O U T I	N E ---------------------------------------
074C	      Reset2Channels:			  ; Sound+2A↑p
074C A0	0D	      LDY     #$D
074E	      _1:				  ; Reset2Channels+8↓j
074E A9	00	      LDA     #0
0750 99	00 D4	      STA     $D400,Y
0753 88		      DEY
0754 D0	F8	      BNE     _1
0756 99	00 D4	      STA     $D400,Y
0759 85	96	      STA     snd_96
075B 85	C6	      STA     snd_C6
075D 85	D4	      STA     snd_D4
075F 85	9D	      STA     sndActive1
0761 85	9E	      STA     sndActive2
0763 85	91	      STA     sndFx1
0765 85	92	      STA     SndFx2
0767 60		      RTS
0767	      ;	End of function	Reset2Channels
0768 00	00 00+	      .BYTE 0, 0, 0, 0,	0, 0, 0, 0, 0, 0, 0, 0,	0, 0, 0, 0, 0, 0, 0, 0,	0, 0, 0, 0
0780 00	FF FF+	      .BYTE 0, $FF, $FF, $FF, $FF, $FF,	$FF, 0
0788 FF	FF FF+	      .BYTE $FF, $FF, $FF, $FF,	$FF, $FF, $FF, $FF, $FF, $FF, $FF, $FF,	$FF, $FF, $FF, $FF, $FF
0788 FF	FF FF+	      .BYTE $FF, $FF, $FF, $FF,	$FF, $FF, $FF, $FF, $FF, $FF, $FF, $FF,	$FF, $FF, $FF, $FF, $FF
0788 FF	FF FF+	      .BYTE $FF, $FF, $FF, $FF,	$FF, $FF, $FF, $FF, $FF, $FF, $FF, $FF,	$FF, $FF, $FF, $FF, $FF
0788 FF	FF FF+	      .BYTE $FF, $FF, $FF, $FF,	$FF
07C0 00	00 00+	      .BYTE 0, 0, 0, 0,	0, 0, 0, 0, 0, 0, 0, 0,	0, 0, 0, 0, 0, 0, 0, 0,	0, 0, 0, 0, 0, 0, 0, 0
07C0 00	00 00+	      .BYTE 0, 0, 0, 0,	0, 0, 0, 0, 0, 0, 0, 0,	0, 0, 0, 0, 0, 0, 0, 0,	0, 0, 0, 0, 0, 0, 0, 0
07C0 00	00 00+	      .BYTE 0, 0, 0, 0,	0, 0, 0, 0
0800 00	70 70+CharColor:.BYTE 0, $70, $70, $80,	$70, $70, $70, $70, $70, $70, $70, $70,	$70, $70, $70, $70
0800 80	70 70+					  ; ShowTitle+38↓r
0800 70	70 70+					  ; DrawPacked+74↓r
0800 70	70 70+					  ; NewCharColors+2↓r
0800 70	70 70+					  ; NewCharColors+A↓r
0800 70	A0 A0+					  ; NewCharColors+12↓w
0800 A0	A0 10+					  ; DrawScreen+84↓r
0800 10	E0 70+	      .BYTE $A0, $A0, $A0, $A0,	$10, $10, $E0, $70, $10, $10, $70, $70,	$10, $10, $10, 0
0800 10	10 70+	      .BYTE 0, $10, $10, $70, $70, $70,	$70, $70, $70, $90, $90, $80, $80, $80,	$80, $90
0800 70	10 10+	      .BYTE $90, $70, $70, $90,	$90, $70, $70, $90, $90, $70, $70, $90,	$70, $10, $10, $10
0800 10	00 00+	      .BYTE $10, $10, 0, $90, $90, $90,	$90, $10, $90, $90, $70, $70, $20, $20,	$20, $20
0800 10	10 70+	      .BYTE $70, $90, $90, $70,	$90, $90, $90, $90, $70, $70, $70, $90,	$90, $70, $90, $70
0800 70	70 70+	      .BYTE $70, $70, $70, $70,	$70, $70, $70, $90, $90, $70, $70, $70,	$70, $90, $70, 0
0800 70	70 90+	      .BYTE $90, $90, $70, $70,	$90, $90, $90, $90, $70, $70, 0, 0, 0, 0, $90, $70
0800 90	80 80+	      .BYTE $50, $50, $50, $50,	$50, $50, $50, $50, $50, $50, $50, $50,	$50, $50, $90, $90
0800 80	80 90+	      .BYTE $50, $50, $50, $50,	$50, $50, $50, $50, $50, $50, $50, $50,	$50, $50, $70, $70
0800 90	70 70+	      .BYTE $90, $90, $90, $90,	$90, $F0, $F0, $F0, $50, $50, $70, $70,	$70, $70, $70, $70
0800 90	90 70+	      .BYTE $90, 0, $90, $90, $90, $70,	0, $70,	$70, $90, $90, $90, $70, $90, $70, $70
0800 70	90 90+	      .BYTE $70, $70, $70, $90,	$90, $90, $90, $70, $90, $90, $70, $70,	$90, $90, $90, $70
0800 70	70 90+	      .BYTE 0, 0, $90, $70, $70, $70, $90, $90,	$90, $70, $70, $90, $90, $70, $90, $40
0800 70	10 10+	      .BYTE $40, $40, $40, $40,	$40, $40, $40, $40, $90, $70, $90, $70,	$70, $70, $70, $70
0800 10	10 10+	      .BYTE $70, 0, 0, 0, 0, 0,	0, 0, 0, 0, 0, 0, 0, 0,	0, $40
0900	      ;	---------------	S U B R	O U T I	N E ---------------------------------------
0900	      sub_0_900:			  ; Restart0+17↓p
0900 A9	0A	      LDA     #$A
0902 85	BC	      STA     dbgXpos
0904 A9	80	      LDA     #$80
0906 85	BB	      STA     dbgCounter
0908 A2	10	      LDX     #$10
090A A0	00	      LDY     #0
090C 86	B7	      STX     dbgPtr
090E 84	B8	      STY     dbgPtr+1
0910 A9	00	      LDA     #0
0912 8D	00 02	      STA     TapeMotorState
0915 A9	05	      LDA     #5
0917 85	47	      STA     sndVolume
0919 60		      RTS
0919	      ;	End of function	sub_0_900
091A	      ;	---------------	S U B R	O U T I	N E ---------------------------------------
091A	      ReadJoystick:			  ; DoCheese+14↓p GameLoop+6↓p
091A						  ; GameLoop+119↓p RunGame↓p
091A						  ; xfer_GetMove+46↓p
091A						  ; DoLift+21↓p	WaitNoFire+4↓p
091A						  ; ShowTitle+96↓p
091A						  ; PrintTokenString+48↓p
091A						  ; DoPause+35↓p DoPause+6F↓p
091A						  ; SubGameSelectSide+194↓p
091A						  ; GetInitial+4↓p
091A						  ; GetInitial+35↓p
091A A9	00	      LDA     #0
091C 85	16	      STA     joyYDir
091E 85	17	      STA     joyXDir
0920 A9	FF	      LDA     #$FF
0922 8D	00 DC	      STA     byte_0_DC00
0925 AD	00 DC	      LDA     byte_0_DC00
0928 AA		      TAX
0929 29	04	      AND     #4
092B F0	08	      BEQ     _1
092D 8A		      TXA
092E 29	08	      AND     #8
0930 F0	0A	      BEQ     _2
0932 4C	40 09	      JMP     _3
0935	      _1:				  ; ReadJoystick+11↑j
0935 A9	FF	      LDA     #-1
0937 85	17	      STA     joyXDir
0939 4C	40 09	      JMP     _3
093C	      _2:				  ; ReadJoystick+16↑j
093C A9	01	      LDA     #1
093E 85	17	      STA     joyXDir
0940	      _3:				  ; ReadJoystick+18↑j
0940						  ; ReadJoystick+1F↑j
0940 8A		      TXA
0941 29	01	      AND     #1
0943 F0	08	      BEQ     _4
0945 8A		      TXA
0946 29	02	      AND     #2
0948 F0	0A	      BEQ     _5
094A 4C	58 09	      JMP     _6
094D	      _4:				  ; ReadJoystick+29↑j
094D A9	FF	      LDA     #-1
094F 85	16	      STA     joyYDir
0951 4C	58 09	      JMP     _6
0954	      _5:				  ; ReadJoystick+2E↑j
0954 A9	01	      LDA     #1
0956 85	16	      STA     joyYDir
0958	      _6:				  ; ReadJoystick+30↑j
0958						  ; ReadJoystick+37↑j
0958 8A		      TXA
0959 29	10	      AND     #$10
095B 85	18	      STA     joyFire
095D 60		      RTS
095D	      ;	End of function	ReadJoystick
095E 01	02 04+bits:   .BYTE 1, 2, 4, 8,	$10, $20, $40, $80 ; RdSpriteState+2↓r
095E 08	10 20+					  ; WrSpriteState+2↓r
095E 40	80					  ; Disruptor+2A↓r
095E						  ; FreeSprite+2↓r
0966	      ;	---------------	S U B R	O U T I	N E ---------------------------------------
0966	      RdSpriteState:			  ; GameLoop+A6↓p GameLoop+D5↓p
0966						  ; BlowInto001+4↓p
0966						  ; BlowInto001+47↓p
0966						  ; dMd2_explosion+A↓p
0966						  ; dMd1_bullet+A↓p
0966						  ; dMd0_droid+5E↓p
0966						  ; ExplodeSprite+19↓p
0966						  ; Disruptor+BD↓p
0966						  ; conWaitInput+15↓p
0966						  ; conWaitInput+3B↓p
0966						  ; MovePlyFire+4↓p DoFire+1F↓p
0966						  ; SubGameSelectSide+119↓p
0966						  ; SubGameSelectSide+140↓p
0966						  ; SubGameSelectSide+1E3↓p
0966						  ; SubGameSelectSide+1F4↓p
0966 A4	04	      LDY     SpriteNum
0968 B9	5E 09	      LDA     bits,Y
096B 85	02	      STA     byte_0_2
096D 49	FF	      EOR     #$FF
096F 85	03	      STA     byte_0_3
0971 B9	27 D0	      LDA     $D027,Y
0974 85	0D	      STA     SpriteColor
0976 B9	0D 02	      LDA     SprImage_t,Y
0979 85	0E	      STA     SpriteImage
097B 98		      TYA
097C 0A		      ASL     A
097D A8		      TAY
097E B9	00 D0	      LDA     $D000,Y
0981 85	05	      STA     SpriteX
0983 B9	01 D0	      LDA     $D001,Y
0986 85	07	      STA     SpriteY
0988 AD	10 D0	      LDA     unk_0_D010
098B 25	02	      AND     byte_0_2
098D F0	02	      BEQ     _1
098F A9	FF	      LDA     #$FF
0991	      _1:				  ; RdSpriteState+27↑j
0991 85	06	      STA     SpriteX+1
0993 AD	15 D0	      LDA     byte_0_D014+1
0996 25	02	      AND     byte_0_2
0998 85	08	      STA     SpriteEna
099A AD	17 D0	      LDA     unk_0_D017
099D 25	02	      AND     byte_0_2
099F 85	09	      STA     SpriteYExp
09A1 AD	1B D0	      LDA     unk_0_D01B
09A4 25	02	      AND     byte_0_2
09A6 85	0A	      STA     SpritePri
09A8 AD	1C D0	      LDA     unk_0_D01C
09AB 25	02	      AND     byte_0_2
09AD 85	0B	      STA     SpriteMC
09AF AD	1D D0	      LDA     unk_0_D01D
09B2 25	02	      AND     byte_0_2
09B4 85	0C	      STA     SpriteXExp
09B6 60		      RTS
09B6	      ;	End of function	RdSpriteState
09B7	      ;	---------------	S U B R	O U T I	N E ---------------------------------------
09B7	      WrSpriteState:			  ; GameLoop+CB↓p GameLoop+E4↓p
09B7						  ; BlowInto001+17↓p
09B7						  ; BlowInto001+52↓p
09B7						  ; BlowInto001+5C↓p
09B7						  ; dMd2_explosion+2F↓p
09B7						  ; dMd1_bullet+61↓p
09B7						  ; dMd1_bullet+7D↓p
09B7						  ; dMd0_droid+77↓p
09B7						  ; ExplodeSprite+28↓p
09B7						  ; Disruptor+CC↓p
09B7						  ; conWaitInput+1D↓p
09B7						  ; conWaitInput+42↓p
09B7						  ; MovePlyFire+7B↓p
09B7						  ; MovePlyFire+8A↓p DoFire+6E↓p
09B7						  ; DoFire+79↓p
09B7						  ; BuildIntroSprites+55↓p
09B7						  ; BuildIntroSprites+6D↓p
09B7						  ; WriteSprite+A↓p
09B7						  ; SubGameSelectSide+136↓p
09B7						  ; SubGameSelectSide+15F↓p
09B7						  ; SubGameSelectSide+1EA↓p
09B7						  ; SubGameSelectSide+1FB↓p
09B7 A4	04	      LDY     SpriteNum
09B9 B9	5E 09	      LDA     bits,Y		  ; !! get masks into x	& y instead !!
09BC 85	02	      STA     byte_0_2
09BE 49	FF	      EOR     #$FF
09C0 85	03	      STA     byte_0_3
09C2 A5	0D	      LDA     SpriteColor
09C4 99	27 D0	      STA     $D027,Y
09C7 A5	0E	      LDA     SpriteImage
09C9 99	0D 02	      STA     SprImage_t,Y
09CC 98		      TYA
09CD 0A		      ASL     A
09CE A8		      TAY
09CF A5	05	      LDA     SpriteX
09D1 99	00 D0	      STA     $D000,Y
09D4 A5	07	      LDA     SpriteY
09D6 99	01 D0	      STA     $D001,Y
09D9
09D9 A5	06	      LDA     SpriteX+1
09DB 29	01	      AND     #1
09DD 85	06	      STA     SpriteX+1
09DF A5	06	      LDA     SpriteX+1
09E1 F0	07	      BEQ     _1
09E3 A5	02	      LDA     byte_0_2
09E5 0D	10 D0	      ORA     unk_0_D010
09E8 D0	05	      BNE     _2
09EA	      _1:				  ; WrSpriteState+2A↑j
09EA AD	10 D0	      LDA     unk_0_D010
09ED 25	03	      AND     byte_0_3
09EF	      _2:				  ; WrSpriteState+31↑j
09EF 8D	10 D0	      STA     unk_0_D010
09F2 A5	0B	      LDA     SpriteMC
09F4 F0	07	      BEQ     _3
09F6 A5	02	      LDA     byte_0_2
09F8 0D	1C D0	      ORA     unk_0_D01C
09FB D0	05	      BNE     _4
09FD	      _3:				  ; WrSpriteState+3D↑j
09FD AD	1C D0	      LDA     unk_0_D01C
0A00 25	03	      AND     byte_0_3
0A02	      _4:				  ; WrSpriteState+44↑j
0A02 8D	1C D0	      STA     unk_0_D01C
0A05 A5	09	      LDA     SpriteYExp
0A07 F0	07	      BEQ     _5
0A09 A5	02	      LDA     byte_0_2
0A0B 0D	17 D0	      ORA     unk_0_D017
0A0E D0	05	      BNE     _6
0A10	      _5:				  ; WrSpriteState+50↑j
0A10 AD	17 D0	      LDA     unk_0_D017
0A13 25	03	      AND     byte_0_3
0A15	      _6:				  ; WrSpriteState+57↑j
0A15 8D	17 D0	      STA     unk_0_D017
0A18 A5	0C	      LDA     SpriteXExp
0A1A F0	07	      BEQ     _7
0A1C A5	02	      LDA     byte_0_2
0A1E 0D	1D D0	      ORA     unk_0_D01D
0A21 D0	05	      BNE     _8
0A23	      _7:				  ; WrSpriteState+63↑j
0A23 AD	1D D0	      LDA     unk_0_D01D
0A26 25	03	      AND     byte_0_3
0A28	      _8:				  ; WrSpriteState+6A↑j
0A28 8D	1D D0	      STA     unk_0_D01D
0A2B A5	0A	      LDA     SpritePri
0A2D F0	07	      BEQ     _9
0A2F A5	02	      LDA     byte_0_2
0A31 0D	1B D0	      ORA     unk_0_D01B
0A34 D0	05	      BNE     _10
0A36	      _9:				  ; WrSpriteState+76↑j
0A36 AD	1B D0	      LDA     unk_0_D01B
0A39 25	03	      AND     byte_0_3
0A3B	      _10:				  ; WrSpriteState+7D↑j
0A3B 8D	1B D0	      STA     unk_0_D01B
0A3E A5	08	      LDA     SpriteEna
0A40 F0	07	      BEQ     _11
0A42 A5	02	      LDA     byte_0_2
0A44 0D	15 D0	      ORA     byte_0_D014+1
0A47 D0	05	      BNE     _12
0A49	      _11:				  ; WrSpriteState+89↑j
0A49 AD	15 D0	      LDA     byte_0_D014+1
0A4C 25	03	      AND     byte_0_3
0A4E	      _12:				  ; WrSpriteState+90↑j
0A4E 8D	15 D0	      STA     byte_0_D014+1
0A51 60		      RTS
0A51	      ;	End of function	WrSpriteState
0A52	      ;	---------------	S U B R	O U T I	N E ---------------------------------------
0A52	      FillCRAM:				  ; LevelColors+C↓p
0A52						  ; ClearGameScreen+A↓p
0A52						  ; ClearGameScreen+19↓p
0A52						  ; con_DroidInfo+13↓p
0A52						  ; DrInfo3+26↓p DrInfo0+D↓p
0A52						  ; SubGameSelectSide+75↓p
0A52 85	0D	      STA     SpriteColor
0A54	      _1:				  ; FillCRAM+1B↓j
0A54 A0	00	      LDY     #unk_0_0
0A56	      _2:				  ; FillCRAM+9↓j
0A56 91	1C	      STA     (dest),Y
0A58 C8		      INY
0A59 C0	28	      CPY     #40
0A5B 90	F9	      BCC     _2
0A5D CA		      DEX
0A5E F0	10	      BEQ     _4
0A60 18		      CLC
0A61 A5	1C	      LDA     dest
0A63 69	28	      ADC     #40
0A65 85	1C	      STA     dest
0A67 90	02	      BCC     _3
0A69 E6	1D	      INC     dest+1
0A6B	      _3:				  ; FillCRAM+15↑j
0A6B A5	0D	      LDA     SpriteColor
0A6D 4C	54 0A	      JMP     _1
0A70	      _4:				  ; FillCRAM+C↑j
0A70 18		      CLC			  ; !! reuse code above	!!
0A71 18		      CLC
0A72 A5	1C	      LDA     dest
0A74 69	28	      ADC     #40
0A76 85	1C	      STA     dest
0A78 90	02	      BCC     _5
0A7A E6	1D	      INC     dest+1
0A7C	      _5:				  ; FillCRAM+26↑j
0A7C 60		      RTS
0A7C	      ;	End of function	FillCRAM
0A7D	      ;	---------------	S U B R	O U T I	N E ---------------------------------------
0A7D	      DoScore:				  ; DoScore+C↓j	DelayScore+6↓p
0A7D						  ; TitleLoop+80↓p
0A7D						  ; TitleLoop+85↓p
0A7D						  ; StartGame+26↓p GameLoop+9↓p
0A7D						  ; EndGame+43↓p EndGame+4B↓p
0A7D						  ; EndGame+80↓p
0A7D A5	26	      LDA     scoreAdd
0A7F F0	2D	      BEQ     _3
0A81 C6	26	      DEC     scoreAdd		  ; one	more point to add
0A83 A5	27	      LDA     scoreSub		  ; take from decrements if possible
0A85 F0	05	      BEQ     _1
0A87 C6	27	      DEC     scoreSub
0A89 4C	7D 0A	      JMP     DoScore
0A8C	      _1:				  ; DoScore+8↑j
0A8C F8		      SED
0A8D 18		      CLC
0A8E A5	24	      LDA     Score+3		  ; !! use code	below !!
0A90 69	01	      ADC     #1
0A92 85	24	      STA     Score+3
0A94 A2	02	      LDX     #2
0A96	      _2:				  ; DoScore+20↓j
0A96 B5	21	      LDA     Score,X
0A98 69	00	      ADC     #0
0A9A 95	21	      STA     Score,X
0A9C CA		      DEX
0A9D 10	F7	      BPL     _2
0A9F 90	38	      BCC     _6
0AA1 A9	99	      LDA     #$99
0AA3 85	21	      STA     Score
0AA5 85	22	      STA     Score+1
0AA7 85	23	      STA     Score+2
0AA9 85	24	      STA     Score+3
0AAB 4C	D9 0A	      JMP     _6
0AAE	      _3:				  ; DoScore+2↑j
0AAE A5	27	      LDA     scoreSub
0AB0 F0	26	      BEQ     _5
0AB2 C6	27	      DEC     scoreSub		  ; one	more point to substract
0AB4 F8		      SED
0AB5 38		      SEC
0AB6 A5	24	      LDA     Score+3		  ; !! use code	below !!
0AB8 E9	01	      SBC     #1
0ABA 85	24	      STA     Score+3
0ABC A2	02	      LDX     #2
0ABE	      _4:				  ; DoScore+48↓j
0ABE B5	21	      LDA     Score,X
0AC0 E9	00	      SBC     #0
0AC2 95	21	      STA     Score,X
0AC4 CA		      DEX
0AC5 10	F7	      BPL     _4
0AC7 B0	10	      BCS     _6
0AC9 A9	00	      LDA     #0
0ACB 85	21	      STA     Score
0ACD 85	22	      STA     Score+1
0ACF 85	23	      STA     Score+2
0AD1 85	24	      STA     Score+3
0AD3 85	27	      STA     scoreSub
0AD5 4C	D9 0A	      JMP     _6
0AD8	      _5:				  ; DoScore+33↑j
0AD8 60		      RTS
0AD9	      _6:				  ; DoScore+22↑j DoScore+2E↑j
0AD9						  ; DoScore+4A↑j DoScore+58↑j
0AD9 D8		      CLD
0ADA A9	02	      LDA     #2
0ADC 85	B4	      STA     prntY
0ADE A9	1E	      LDA     #30
0AE0 85	B5	      STA     prntX
0AE2 A2	00	      LDX     #0
0AE4 86	10	      STX     currentIdx
0AE6 A9	30	      LDA     #$30		  ; empty leading chars
0AE8 85	0F	      STA     tmp1
0AEA	      _7:				  ; DoScore+95↓j
0AEA B5	21	      LDA     Score,X
0AEC 4A		      LSR     A
0AED 4A		      LSR     A
0AEE 4A		      LSR     A
0AEF 4A		      LSR     A
0AF0 D0	23	      BNE     _10
0AF2 A5	0F	      LDA     tmp1
0AF4	      _8:				  ; DoScore+9C↓j
0AF4 85	B6	      STA     drwChar
0AF6 20	5F 0C	      JSR     DrawChar
0AF9 A6	10	      LDX     currentIdx
0AFB B5	21	      LDA     Score,X
0AFD 29	0F	      AND     #$F
0AFF D0	1B	      BNE     _11
0B01 E0	03	      CPX     #3		  ; force last number visible
0B03 F0	17	      BEQ     _11
0B05 A5	0F	      LDA     tmp1
0B07	      _9:				  ; DoScore+A3↓j
0B07 85	B6	      STA     drwChar
0B09 20	5F 0C	      JSR     DrawChar
0B0C E6	10	      INC     currentIdx
0B0E A6	10	      LDX     currentIdx
0B10 E0	04	      CPX     #4
0B12 D0	D6	      BNE     _7
0B14 60		      RTS
0B15	      _10:				  ; DoScore+73↑j
0B15 A0	00	      LDY     #0
0B17 84	0F	      STY     tmp1
0B19 4C	F4 0A	      JMP     _8
0B1C	      _11:				  ; DoScore+82↑j DoScore+86↑j
0B1C A0	00	      LDY     #0
0B1E 84	0F	      STY     tmp1
0B20 4C	07 0B	      JMP     _9
0B20	      ;	End of function	DoScore
0B23	      ;	---------------	S U B R	O U T I	N E ---------------------------------------
0B23	      ReadFKeys:			  ; DoCheese+11↓p RunGame+5↓p
0B23						  ; DoPause+38↓p DoPause+72↓p
0B23 A9	FF	      LDA     #$FF
0B25 8D	02 DC	      STA     byte_0_DC02
0B28 A9	00	      LDA     #0
0B2A 8D	03 DC	      STA     byte_0_DC03
0B2D A9	FE	      LDA     #$FE
0B2F 8D	00 DC	      STA     byte_0_DC00
0B32 AD	01 DC	      LDA     byte_0_DC01
0B35 29	78	      AND     #$78		  ; - F5 F3 F1 F7 - - -
0B37 85	19	      STA     FKeys
0B39 A9	FD	      LDA     #$FD
0B3B 8D	00 DC	      STA     byte_0_DC00
0B3E AD	01 DC	      LDA     byte_0_DC01
0B41 29	80	      AND     #$80
0B43 05	19	      ORA     FKeys
0B45 85	19	      STA     FKeys		  ; lsh	F5 F3 F1 F7 - -	-
0B47 A9	BF	      LDA     #$BF
0B49 8D	00 DC	      STA     byte_0_DC00
0B4C AD	01 DC	      LDA     byte_0_DC01
0B4F 29	10	      AND     #$10
0B51 D0	06	      BNE     _1
0B53 A5	19	      LDA     FKeys
0B55 29	7F	      AND     #$7F
0B57 85	19	      STA     FKeys		  ; sh F5 F3 F1	F7 - - -
0B59	      _1:				  ; ReadFKeys+2E↑j
0B59 A9	FF	      LDA     #$FF
0B5B 8D	00 DC	      STA     byte_0_DC00
0B5E AD	01 DC	      LDA     byte_0_DC01
0B61 60		      RTS
0B61	      ;	End of function	ReadFKeys
0B62	      ;	---------------	S U B R	O U T I	N E ---------------------------------------
0B62	      DelayScore:			  ; DelayScore+1↓j
0B62						  ; DelayScore+4↓j
0B62						  ; StartGame+FC↓p
0B62						  ; GameLoop+147↓p
0B62						  ; FinishTransfer2+B↓p
0B62						  ; Capture+4B↓p WaitNoFire+9↓p
0B62						  ; PrintTokenString+4D↓p
0B62						  ; EndGame+48↓p EndGame+7D↓p
0B62						  ; DoPause+3D↓p
0B62						  ; SubGameSelectSide+200↓p
0B62						  ; GetInitial+2E↓p
0B62 CA		      DEX
0B63 D0	FD	      BNE     DelayScore
0B65 88		      DEY
0B66 D0	FA	      BNE     DelayScore
0B68 20	7D 0A	      JSR     DoScore
0B6B A0	00	      LDY     #0
0B6D 60		      RTS
0B6D	      ;	End of function	DelayScore
0B6E	      ;	---------------	S U B R	O U T I	N E ---------------------------------------
0B6E	      TapeMotorControl:			  ; Irq1+2E↓p Irq_246+25↓p
0B6E A5	01	      LDA     byte_0_1
0B70 29	10	      AND     #$10
0B72 F0	0A	      BEQ     _2
0B74 A5	01	      LDA     byte_0_1
0B76 09	20	      ORA     #$20
0B78 85	01	      STA     byte_0_1
0B7A 8D	00 02	      STA     TapeMotorState
0B7D	      _1:				  ; TapeMotorControl+13↓j
0B7D 60		      RTS
0B7E	      _2:				  ; TapeMotorControl+4↑j
0B7E AD	00 02	      LDA     TapeMotorState
0B81 F0	FA	      BEQ     _1
0B83 A5	01	      LDA     byte_0_1
0B85 29	DF	      AND     #$DF
0B87 85	01	      STA     byte_0_1
0B89 60		      RTS
0B89	      ;	End of function	TapeMotorControl
0B8A	      ;	---------------	S U B R	O U T I	N E ---------------------------------------
0B8A	      DoCheese:				  ; DoPause+40↓p
0B8A A5	19	      LDA     FKeys
0B8C 29	08	      AND     #8		  ; f7
0B8E D0	3E	      BNE     _2
0B90 A5	19	      LDA     FKeys
0B92 10	3A	      BPL     _2
0B94 A2	DC	      LDX     #$DC		  ; 0bdc - Cheese_txt
0B96 A0	0B	      LDY     #$B
0B98 20	2E 0C	      JSR     DrawString
0B9B	      _1:				  ; DoCheese+37↓j DoCheese+3B↓j
0B9B 20	23 0B	      JSR     ReadFKeys
0B9E 20	1A 09	      JSR     ReadJoystick
0BA1 A9	BF	      LDA     #$BF		  ; clr/home?
0BA3 8D	00 DC	      STA     byte_0_DC00
0BA6 AD	01 DC	      LDA     byte_0_DC01
0BA9 29	08	      AND     #8
0BAB F0	21	      BEQ     _2
0BAD A9	7F	      LDA     #$7F		  ; run/stop?
0BAF 8D	00 DC	      STA     byte_0_DC00
0BB2 AD	01 DC	      LDA     byte_0_DC01
0BB5 29	80	      AND     #$80
0BB7 F0	15	      BEQ     _2
0BB9 A5	18	      LDA     joyFire
0BBB F0	11	      BEQ     _2
0BBD A5	19	      LDA     FKeys
0BBF 29	08	      AND     #8
0BC1 D0	D8	      BNE     _1
0BC3 A5	19	      LDA     FKeys
0BC5 30	D4	      BMI     _1
0BC7 A2	CF	      LDX     #$CF		  ; 0bcf - Pause_txt
0BC9 A0	0B	      LDY     #$B
0BCB 20	2E 0C	      JSR     DrawString
0BCE	      _2:				  ; DoCheese+4↑j DoCheese+8↑j
0BCE						  ; DoCheese+21↑j DoCheese+2D↑j
0BCE						  ; DoCheese+31↑j
0BCE 60		      RTS
0BCE	      ;	End of function	DoCheese
0BCF 02	02    Pause_txt:.BYTE 2, 2		  ; Pause
0BD1 49	0A 1E+	      .BYTE $49, $A, $1E, $1C, $E, $30,	$30, $30, $30, $30, $FF
0BDC 02	02    Cheese_txt:.BYTE 2, 2		  ; Cheese
0BDE 3C	11 0E+	      .BYTE $3C, $11, $E, $E, $1C, $E, $30, $30, $30, $30, $FF
0BE9	      ;	skip one strng,	print the next one
0BE9	      ;	---------------	S U B R	O U T I	N E ---------------------------------------
0BE9	      sub_0_BE9:			  ; PrCapitalString+12↓p
0BE9						  ; PrintDroidInfo+65↓p
0BE9						  ; PrintDroidInfo+A6↓p
0BE9 86	BE	      STX     drwStr
0BEB 84	BF	      STY     drwStr+1
0BED A0	00	      LDY     #0
0BEF 84	BA	      STY     byte_0_BA
0BF1 A9	30	      LDA     #$30
0BF3 85	B6	      STA     drwChar
0BF5 20	5F 0C	      JSR     DrawChar
0BF8 A0	00	      LDY     #0
0BFA A6	B5	      LDX     prntX
0BFC B1	BE	      LDA     (drwStr),Y
0BFE 29	7F	      AND     #$7F
0C00 4C	07 0C	      JMP     _2
0C03	      _1:				  ; sub_0_BE9+2B↓j
0C03 B1	BE	      LDA     (drwStr),Y
0C05 30	10	      BMI     _4
0C07	      _2:				  ; sub_0_BE9+17↑j
0C07 C9	3A	      CMP     #$3A		  ; 3a..5a are wide
0C09 90	05	      BCC     _3
0C0B C9	5A	      CMP     #$5A
0C0D B0	01	      BCS     _3
0C0F E8		      INX
0C10	      _3:				  ; sub_0_BE9+20↑j
0C10						  ; sub_0_BE9+24↑j
0C10 E8		      INX
0C11 C8		      INY
0C12 30	4A	      BMI     locret_0_C5E
0C14 4C	03 0C	      JMP     _1
0C17	      _4:				  ; sub_0_BE9+1C↑j
0C17 A0	00	      LDY     #0
0C19 E0	27	      CPX     #39
0C1B 90	25	      BCC     loc_0_C42
0C1D A5	45	      LDA     byte_0_45
0C1F 85	B5	      STA     prntX
0C21 A5	B4	      LDA     prntY
0C23 69	01	      ADC     #1
0C25 85	B4	      STA     prntY
0C27 C9	18	      CMP     #24
0C29 B0	33	      BCS     locret_0_C5E
0C2B 4C	42 0C	      JMP     loc_0_C42
0C2B	      ;	End of function	sub_0_BE9
0C2E	      ;	---------------	S U B R	O U T I	N E ---------------------------------------
0C2E	      DrawString:			  ; DoCheese+E↑p DoCheese+41↑p
0C2E						  ; AdjustVolume+43↓p
0C2E						  ; DbgEdit+161↓p TitleLoop+66↓p
0C2E						  ; TitleLoop+6D↓p
0C2E						  ; TitleLoop+74↓p
0C2E						  ; TitleLoop+7B↓p
0C2E						  ; TitleLoop+C4↓p StartGame+9↓p
0C2E						  ; GameLoop+7F↓p
0C2E						  ; xferDoCounter+23↓p
0C2E						  ; FinishTransfer1+22↓p
0C2E						  ; FinishTransfer1+52↓p
0C2E						  ; FinishTransfer1+64↓p
0C2E						  ; Capture+7↓p	Capture+3A↓p
0C2E						  ; DoLift+17↓p	ConsoleMain+7↓p
0C2E						  ; ConsoleMain+E↓p
0C2E						  ; ConsoleMain+25↓p
0C2E						  ; ConsoleMain+34↓p
0C2E						  ; conRedraw+3A↓p DrInfo3+4↓p
0C2E						  ; DrInfo3+13↓p
0C2E						  ; ShowRobotType+1E↓p
0C2E						  ; DoMoveMode+1A↓p
0C2E						  ; DoMoveMode+35↓p
0C2E						  ; DoMoveMode+61↓p
0C2E						  ; DoBlkWhte+E↓p DoBlkWhte+1A↓p
0C2E						  ; EndGame+69↓p ...
0C2E 86	BE	      STX     drwStr
0C30 84	BF	      STY     drwStr+1
0C32 A0	00	      LDY     #0
0C34 B1	BE	      LDA     (drwStr),Y
0C36 85	B4	      STA     prntY
0C38 C9	18	      CMP     #24
0C3A B0	22	      BCS     locret_0_C5E
0C3C C8		      INY
0C3D B1	BE	      LDA     (drwStr),Y
0C3F 85	B5	      STA     prntX
0C41 C8		      INY
0C42	      loc_0_C42:			  ; sub_0_BE9+32↑j
0C42						  ; sub_0_BE9+42↑j
0C42 B1	BE	      LDA     (drwStr),Y
0C44 29	7F	      AND     #$7F
0C46 4C	4D 0C	      JMP     _2
0C49	      _1:				  ; DrawString+2D↓j
0C49 A4	BA	      LDY     byte_0_BA
0C4B B1	BE	      LDA     (drwStr),Y
0C4D	      _2:				  ; DrawString+18↑j
0C4D C8		      INY
0C4E 84	BA	      STY     byte_0_BA
0C50 30	0C	      BMI     locret_0_C5E
0C52 C9	00	      CMP     #0
0C54 30	08	      BMI     locret_0_C5E
0C56 85	B6	      STA     drwChar
0C58 20	5F 0C	      JSR     DrawChar
0C5B 4C	49 0C	      JMP     _1
0C5E	      locret_0_C5E:			  ; sub_0_BE9+29↑j
0C5E						  ; sub_0_BE9+40↑j
0C5E						  ; DrawString+C↑j
0C5E						  ; DrawString+22↑j
0C5E						  ; DrawString+26↑j
0C5E 60		      RTS
0C5E	      ;	End of function	DrawString
0C5F	      ;	---------------	S U B R	O U T I	N E ---------------------------------------
0C5F	      DrawChar:				  ; DoScore+79↑p DoScore+8C↑p
0C5F						  ; sub_0_BE9+C↑p
0C5F						  ; DrawString+2A↑p
0C5F						  ; sub_0_2DCD+3C↓p
0C5F						  ; sub_0_2DCD+48↓p
0C5F						  ; PrintDroidInfo+21↓p
0C5F						  ; PrintDroidInfo+3B↓p
0C5F						  ; PrintDroidInfo+44↓p
0C5F						  ; ClearEOL+A↓p
0C5F						  ; PrintTokenString+24↓p
0C5F A4	B4	      LDY     prntY
0C61 B9	FB 0C	      LDA     LinePtr_hi,Y
0C64 85	B1	      STA     cpyDest+1
0C66 B9	14 0D	      LDA     LinePtr_lo,Y
0C69 18		      CLC
0C6A 65	B5	      ADC     prntX
0C6C 85	B0	      STA     cpyDest
0C6E A9	00	      LDA     #0
0C70 65	B1	      ADC     cpyDest+1
0C72 85	B1	      STA     cpyDest+1
0C74 A5	B6	      LDA     drwChar
0C76 A0	00	      LDY     #0
0C78 91	B0	      STA     (cpyDest),Y
0C7A 09	80	      ORA     #$80
0C7C A0	28	      LDY     #40
0C7E 91	B0	      STA     (cpyDest),Y
0C80 E6	B5	      INC     prntX
0C82 29	7F	      AND     #$7F		  ; see	if it was wide
0C84 C9	3A	      CMP     #$3A
0C86 90	12	      BCC     _1
0C88 C9	5A	      CMP     #$5A
0C8A B0	0E	      BCS     _1
0C8C A0	01	      LDY     #1
0C8E 69	20	      ADC     #$20
0C90 91	B0	      STA     (cpyDest),Y
0C92 09	80	      ORA     #$80
0C94 A0	29	      LDY     #$29
0C96 91	B0	      STA     (cpyDest),Y
0C98 E6	B5	      INC     prntX
0C9A	      _1:				  ; DrawChar+27↑j DrawChar+2B↑j
0C9A 60		      RTS
0C9A	      ;	End of function	DrawChar
0C9B	      ;	---------------	S U B R	O U T I	N E ---------------------------------------
0C9B	      ;	(b2) ->	(b0)
0C9B	      MoveMem:				  ; MoveMem+A↓j	TitleLoop+4A↓p
0C9B						  ; TitleLoop+5F↓p
0C9B						  ; ShowTitle+12↓p
0C9B						  ; ShowTitle+6A↓p
0C9B						  ; Entry+21↓r Entry+36↓r
0C9B						  ; Entry+4B↓r Entry+60↓r
0C9B						  ; Entry+75↓r
0C9B A0	00	      LDY     #0
0C9D 20	A8 0C	      JSR     copyPage
0CA0 E6	B3	      INC     cpySrc+1
0CA2 E6	B1	      INC     cpyDest+1
0CA4 CA		      DEX
0CA5 D0	F4	      BNE     MoveMem		  ; (b2) -> (b0)
0CA7 60		      RTS
0CA7	      ;	End of function	MoveMem
0CA8	      ;	---------------	S U B R	O U T I	N E ---------------------------------------
0CA8	      copyPage:				  ; MoveMem+2↑p	copyPage+5↓j
0CA8 B1	B2	      LDA     (cpySrc),Y
0CAA 91	B0	      STA     (cpyDest),Y
0CAC 88		      DEY
0CAD D0	F9	      BNE     copyPage
0CAF B1	B2	      LDA     (cpySrc),Y
0CB1 91	B0	      STA     (cpyDest),Y
0CB3 60		      RTS
0CB3	      ;	End of function	copyPage
0CB4	      ;	---------------	S U B R	O U T I	N E ---------------------------------------
0CB4	      AdjustVolume:			  ; TitleLoop+E3↓p
0CB4						  ; TitleLoop+F9↓p
0CB4						  ; TitleLoop+113↓p
0CB4						  ; TitleLoop+147↓p
0CB4 A5	4A	      LDA     frameCount
0CB6 29	03	      AND     #3
0CB8 D0	40	      BNE     _5
0CBA A5	19	      LDA     FKeys
0CBC 29	40	      AND     #$40
0CBE D0	3A	      BNE     _5
0CC0 A5	19	      LDA     FKeys
0CC2 10	0B	      BPL     _1
0CC4 A5	47	      LDA     sndVolume
0CC6 C9	0F	      CMP     #$F
0CC8 B0	0D	      BCS     _2
0CCA E6	47	      INC     sndVolume
0CCC 4C	D7 0C	      JMP     _2
0CCF	      _1:				  ; AdjustVolume+E↑j
0CCF A5	47	      LDA     sndVolume
0CD1 C9	00	      CMP     #0
0CD3 F0	02	      BEQ     _2
0CD5 C6	47	      DEC     sndVolume
0CD7	      _2:				  ; AdjustVolume+14↑j
0CD7						  ; AdjustVolume+18↑j
0CD7						  ; AdjustVolume+1F↑j
0CD7 A5	47	      LDA     sndVolume
0CD9 C9	0A	      CMP     #10
0CDB 90	07	      BCC     _3
0CDD E9	0A	      SBC     #10
0CDF A0	01	      LDY     #1
0CE1 4C	E6 0C	      JMP     _4
0CE4	      _3:				  ; AdjustVolume+27↑j
0CE4 A0	30	      LDY     #$30
0CE6	      _4:				  ; AdjustVolume+2D↑j
0CE6 8C	60 0D	      STY     Volume_txt+9
0CE9 8D	61 0D	      STA     Volume_txt+$A
0CEC A9	80	      LDA     #$80
0CEE 05	47	      ORA     sndVolume
0CF0 8D	18 D4	      STA     byte_0_D418
0CF3 A2	57	      LDX     #$57		  ; 0d57 - Volume_txt
0CF5 A0	0D	      LDY     #$D
0CF7 20	2E 0C	      JSR     DrawString
0CFA	      _5:				  ; AdjustVolume+4↑j
0CFA						  ; AdjustVolume+A↑j
0CFA 60		      RTS
0CFA	      ;	End of function	AdjustVolume
0CFB 48	48 48+LinePtr_hi:.BYTE $48, $48, $48, $48, $48 ; DrawChar+2↑r
0CFB 48	48 48+					  ; xferGetLine+4↓r
0CFB 48	49 49+					  ; lift_HighlightDeck+17↓r
0CFB 49	49 49+					  ; FindLift+40↓r
0CFB 49	4A 4A+					  ; con_DeckInfo+3B↓r
0CFB 4A	4A 4A+					  ; xfer_GetLinePtr+4↓r
0CFB 4A	4A 4B+	      .BYTE $48, $48, $49, $49,	$49
0CFB 4B	4B 4B+	      .BYTE $49, $49, $49, $4A,	$4A
0CFB 4B		      .BYTE $4A, $4A, $4A, $4A,	$4A
0CFB		      .BYTE $4B, $4B, $4B, $4B,	$4B
0D14 00	28 50+LinePtr_lo:.BYTE 0, $28, $50, $78, $A0 ; DrawChar+7↑r
0D14 78	A0 C8+					  ; xferGetLine+9↓r
0D14 F0	18 40+					  ; lift_HighlightDeck+E↓r
0D14 68	90 B8+					  ; FindLift+37↓r
0D14 E0	08 30+					  ; con_DeckInfo+48↓r
0D14 58	80 A8+					  ; xfer_GetLinePtr+9↓r
0D14 D0	F8 20+	      .BYTE $C8, $F0, $18, $40,	$68
0D14 48	70 98+	      .BYTE $90, $B8, $E0, 8, $30
0D14 C0		      .BYTE $58, $80, $A8, $D0,	$F8
0D14		      .BYTE $20, $48, $70, $98,	$C0
0D2D 02	02 26+ABmon_txt:.BYTE 2, 2, $26, $30, $A, $B, $42, $18,	$17, $30, $2A, $30, 0, 0, 0, 0,	$30, $2E, $30, 0 ; ( abmon : 0000 : 00 )
0D2D 30	0A 0B+	      .BYTE 0, $30, $27, $FF
0D45	      ;	fd,04 -	A
0D45	      ;	fb,04 -	D
0D45	      ;	df,80 -	,
0D45	      ;	df,10 -	.
0D45	      ;	ef,04 -	J
0D45	      ;	ef,10 -	M
0D45 FD	FB DF+dbgKeyRow_t:.BYTE	$FD, $FB, $DF, $DF, $EF, $EF ; DbgRdKeys+2↓r
0D4B 04	04 80+dbgKeyCol_t:.BYTE	4, 4, $80, $10,	4, $10 ; DbgRdKeys+B↓r
0D51 41	44 9D+dbgKey_t:.BYTE $41, $44, $9D, $1D, $91, $11 ; DbgRdKeys+10↓r
0D57 02	02 4F+Volume_txt:.BYTE 2, 2, $4F, $18, $15, $1E, $42, $E, $30, 0, 5, $FF
0D57 18	15 1E+					  ; AdjustVolume+32↑w
0D57 42	0E 30+					  ; AdjustVolume+35↑w
0D63	      ;	---------------	S U B R	O U T I	N E ---------------------------------------
0D63	      Debug:
0D63 20	F1 0E	      JSR     DbgRdKeys
0D66 85	BD	      STA     dbgKey
0D68 C9	44	      CMP     #'D'
0D6A F0	0D	      BEQ     _1
0D6C C9	41	      CMP     #'A'
0D6E D0	0D	      BNE     _2
0D70 A5	BB	      LDA     dbgCounter
0D72 29	7F	      AND     #$7F
0D74 85	BB	      STA     dbgCounter
0D76 4C	7D 0D	      JMP     _2
0D79	      _1:				  ; Debug+7↑j
0D79 A9	80	      LDA     #$80
0D7B 85	BB	      STA     dbgCounter
0D7D	      _2:				  ; Debug+B↑j Debug+13↑j
0D7D A5	BB	      LDA     dbgCounter
0D7F 30	0A	      BMI     _3
0D81 18		      CLC
0D82 69	01	      ADC     #1
0D84 29	7F	      AND     #$7F
0D86 85	BB	      STA     dbgCounter
0D88 20	8C 0D	      JSR     DbgEdit
0D8B	      _3:				  ; Debug+1C↑j
0D8B 60		      RTS
0D8B	      ;	End of function	Debug
0D8C	      ;	---------------	S U B R	O U T I	N E ---------------------------------------
0D8C	      DbgEdit:				  ; Debug+25↑p
0D8C A0	00	      LDY     #0
0D8E B1	B7	      LDA     (dbgPtr),Y
0D90 85	B9	      STA     dbgByte
0D92 A5	BB	      LDA     dbgCounter
0D94 29	03	      AND     #3
0D96 D0	35	      BNE     _5
0D98 A5	BD	      LDA     dbgKey
0D9A C9	9D	      CMP     #$9D		  ; left
0D9C F0	07	      BEQ     _l
0D9E C9	1D	      CMP     #$1D		  ; right
0DA0 F0	17	      BEQ     _r
0DA2 4C	CD 0D	      JMP     _5
0DA5	      _l:				  ; DbgEdit+10↑j
0DA5 A5	BC	      LDA     dbgXpos
0DA7 C9	0A	      CMP     #10
0DA9 F0	22	      BEQ     _5
0DAB C9	11	      CMP     #17
0DAD D0	02	      BNE     _2
0DAF A9	0E	      LDA     #14
0DB1	      _2:				  ; DbgEdit+21↑j
0DB1 38		      SEC
0DB2 E9	01	      SBC     #1
0DB4 85	BC	      STA     dbgXpos
0DB6 4C	99 0E	      JMP     _21
0DB9	      _r:				  ; DbgEdit+14↑j
0DB9 A5	BC	      LDA     dbgXpos
0DBB C9	12	      CMP     #18
0DBD F0	0E	      BEQ     _5
0DBF C9	0D	      CMP     #13
0DC1 D0	02	      BNE     _4
0DC3 A9	10	      LDA     #16
0DC5	      _4:				  ; DbgEdit+35↑j
0DC5 18		      CLC
0DC6 69	01	      ADC     #1
0DC8 85	BC	      STA     dbgXpos
0DCA 4C	99 0E	      JMP     _21
0DCD	      _5:				  ; DbgEdit+A↑j	DbgEdit+16↑j
0DCD						  ; DbgEdit+1D↑j DbgEdit+31↑j
0DCD A5	BD	      LDA     dbgKey
0DCF C9	91	      CMP     #$91		  ; up
0DD1 F0	07	      BEQ     _u_data
0DD3 C9	11	      CMP     #$11		  ; down
0DD5 F0	24	      BEQ     _d_data
0DD7 4C	99 0E	      JMP     _21
0DDA	      _u_data:				  ; DbgEdit+45↑j
0DDA A5	BC	      LDA     dbgXpos
0DDC C9	11	      CMP     #17
0DDE F0	07	      BEQ     _7
0DE0 C9	12	      CMP     #18
0DE2 F0	0D	      BEQ     _8
0DE4 4C	1C 0E	      JMP     _12
0DE7	      _7:				  ; DbgEdit+52↑j
0DE7 A5	B9	      LDA     dbgByte
0DE9 18		      CLC
0DEA 69	10	      ADC     #16
0DEC 85	B9	      STA     dbgByte
0DEE 4C	99 0E	      JMP     _21
0DF1	      _8:				  ; DbgEdit+56↑j
0DF1 A5	B9	      LDA     dbgByte
0DF3 18		      CLC
0DF4 69	01	      ADC     #1
0DF6 85	B9	      STA     dbgByte
0DF8 4C	99 0E	      JMP     _21
0DFB	      _d_data:				  ; DbgEdit+49↑j
0DFB A5	BC	      LDA     dbgXpos
0DFD C9	11	      CMP     #17
0DFF F0	07	      BEQ     _10
0E01 C9	12	      CMP     #18
0E03 F0	0D	      BEQ     _11
0E05 4C	1C 0E	      JMP     _12
0E08	      _10:				  ; DbgEdit+73↑j
0E08 A5	B9	      LDA     dbgByte
0E0A 38		      SEC
0E0B E9	10	      SBC     #16
0E0D 85	B9	      STA     dbgByte
0E0F 4C	99 0E	      JMP     _21
0E12	      _11:				  ; DbgEdit+77↑j
0E12 A5	B9	      LDA     dbgByte
0E14 38		      SEC
0E15 E9	01	      SBC     #1
0E17 85	B9	      STA     dbgByte
0E19 4C	99 0E	      JMP     _21
0E1C	      _12:				  ; DbgEdit+58↑j DbgEdit+79↑j
0E1C A5	BD	      LDA     dbgKey
0E1E C9	91	      CMP     #$91
0E20 F0	3A	      BEQ     _u_ptr
0E22 A5	BC	      LDA     dbgXpos
0E24 C9	0A	      CMP     #10
0E26 F0	2A	      BEQ     _15
0E28 C9	0B	      CMP     #11
0E2A F0	1C	      BEQ     _14
0E2C C9	0C	      CMP     #12
0E2E F0	0C	      BEQ     _13
0E30 A5	B7	      LDA     dbgPtr
0E32 38		      SEC
0E33 E9	01	      SBC     #1
0E35 85	B7	      STA     dbgPtr
0E37 90	0F	      BCC     _14
0E39 4C	93 0E	      JMP     _20
0E3C	      _13:				  ; DbgEdit+A2↑j
0E3C A5	B7	      LDA     dbgPtr
0E3E 38		      SEC
0E3F E9	10	      SBC     #16
0E41 85	B7	      STA     dbgPtr
0E43 90	03	      BCC     _14
0E45 4C	93 0E	      JMP     _20
0E48	      _14:				  ; DbgEdit+9E↑j DbgEdit+AB↑j
0E48						  ; DbgEdit+B7↑j
0E48 A5	B8	      LDA     dbgPtr+1
0E4A 38		      SEC
0E4B E9	01	      SBC     #1
0E4D 85	B8	      STA     dbgPtr+1
0E4F 4C	93 0E	      JMP     _20
0E52	      _15:				  ; DbgEdit+9A↑j
0E52 A5	B8	      LDA     dbgPtr+1
0E54 38		      SEC
0E55 E9	10	      SBC     #16
0E57 85	B8	      STA     dbgPtr+1
0E59 4C	93 0E	      JMP     _20
0E5C	      _u_ptr:				  ; DbgEdit+94↑j
0E5C A5	BC	      LDA     dbgXpos
0E5E C9	0A	      CMP     #10
0E60 F0	2A	      BEQ     _19
0E62 C9	0B	      CMP     #11
0E64 F0	1C	      BEQ     _18
0E66 C9	0C	      CMP     #12
0E68 F0	0C	      BEQ     _17
0E6A A5	B7	      LDA     dbgPtr
0E6C 18		      CLC
0E6D 69	01	      ADC     #1
0E6F 85	B7	      STA     dbgPtr
0E71 B0	0F	      BCS     _18
0E73 4C	93 0E	      JMP     _20
0E76	      _17:				  ; DbgEdit+DC↑j
0E76 A5	B7	      LDA     dbgPtr
0E78 18		      CLC
0E79 69	10	      ADC     #16
0E7B 85	B7	      STA     dbgPtr
0E7D B0	03	      BCS     _18
0E7F 4C	93 0E	      JMP     _20
0E82	      _18:				  ; DbgEdit+D8↑j DbgEdit+E5↑j
0E82						  ; DbgEdit+F1↑j
0E82 A5	B8	      LDA     dbgPtr+1
0E84 18		      CLC
0E85 69	01	      ADC     #1
0E87 85	B8	      STA     dbgPtr+1
0E89 4C	93 0E	      JMP     _20
0E8C	      _19:				  ; DbgEdit+D4↑j
0E8C A5	B8	      LDA     dbgPtr+1
0E8E 18		      CLC
0E8F 69	10	      ADC     #16
0E91 85	B8	      STA     dbgPtr+1
0E93	      _20:				  ; DbgEdit+AD↑j DbgEdit+B9↑j
0E93						  ; DbgEdit+C3↑j DbgEdit+CD↑j
0E93						  ; DbgEdit+E7↑j DbgEdit+F3↑j
0E93						  ; DbgEdit+FD↑j
0E93 A0	00	      LDY     #0
0E95 B1	B7	      LDA     (dbgPtr),Y
0E97 85	B9	      STA     dbgByte
0E99	      _21:				  ; DbgEdit+2A↑j DbgEdit+3E↑j
0E99						  ; DbgEdit+4B↑j DbgEdit+62↑j
0E99						  ; DbgEdit+6C↑j DbgEdit+83↑j
0E99						  ; DbgEdit+8D↑j
0E99 A0	00	      LDY     #0
0E9B A5	B9	      LDA     dbgByte
0E9D 91	B7	      STA     (dbgPtr),Y
0E9F A9	2F	      LDA     #$2F		  ; 0d2f - ABmon_txt+2
0EA1 85	BE	      STA     drwStr
0EA3 A9	0D	      LDA     #$D
0EA5 85	BF	      STA     drwStr+1
0EA7 A0	0A	      LDY     #$A
0EA9 A5	B8	      LDA     dbgPtr+1
0EAB 4A		      LSR     A
0EAC 4A		      LSR     A
0EAD 4A		      LSR     A
0EAE 4A		      LSR     A
0EAF 91	BE	      STA     (drwStr),Y
0EB1 C8		      INY
0EB2 A5	B8	      LDA     dbgPtr+1
0EB4 29	0F	      AND     #$F
0EB6 91	BE	      STA     (drwStr),Y
0EB8 C8		      INY
0EB9 A5	B7	      LDA     dbgPtr
0EBB 4A		      LSR     A
0EBC 4A		      LSR     A
0EBD 4A		      LSR     A
0EBE 4A		      LSR     A
0EBF 91	BE	      STA     (drwStr),Y
0EC1 C8		      INY
0EC2 A5	B7	      LDA     dbgPtr
0EC4 29	0F	      AND     #$F
0EC6 91	BE	      STA     (drwStr),Y
0EC8 C8		      INY
0EC9 C8		      INY
0ECA C8		      INY
0ECB C8		      INY
0ECC A5	B9	      LDA     dbgByte
0ECE 4A		      LSR     A
0ECF 4A		      LSR     A
0ED0 4A		      LSR     A
0ED1 4A		      LSR     A
0ED2 91	BE	      STA     (drwStr),Y
0ED4 C8		      INY
0ED5 A5	B9	      LDA     dbgByte
0ED7 29	0F	      AND     #$F
0ED9 91	BE	      STA     (drwStr),Y
0EDB A4	BC	      LDY     dbgXpos
0EDD A5	BB	      LDA     dbgCounter
0EDF 29	03	      AND     #3
0EE1 C9	02	      CMP     #2
0EE3 90	04	      BCC     _22
0EE5 A9	30	      LDA     #$30		  ; space
0EE7 91	BE	      STA     (drwStr),Y
0EE9	      _22:				  ; DbgEdit+157↑j
0EE9 A0	0D	      LDY     #$D		  ; 0d2d - ABmon_txt
0EEB A2	2D	      LDX     #$2D
0EED 20	2E 0C	      JSR     DrawString
0EF0 60		      RTS
0EF0	      ;	End of function	DbgEdit
0EF1	      ;	---------------	S U B R	O U T I	N E ---------------------------------------
0EF1	      DbgRdKeys:			  ; Debug↑p
0EF1 A0	05	      LDY     #5
0EF3	      _1:				  ; DbgRdKeys+15↓j
0EF3 B9	45 0D	      LDA     dbgKeyRow_t,Y
0EF6 8D	00 DC	      STA     byte_0_DC00
0EF9 AD	01 DC	      LDA     byte_0_DC01
0EFC 39	4B 0D	      AND     dbgKeyCol_t,Y
0EFF D0	04	      BNE     _2
0F01 B9	51 0D	      LDA     dbgKey_t,Y
0F04 60		      RTS
0F05	      _2:				  ; DbgRdKeys+E↑j
0F05 88		      DEY
0F06 10	EB	      BPL     _1
0F08 A9	00	      LDA     #0
0F0A 60		      RTS
0F0A	      ;	End of function	DbgRdKeys
0F0B	      :	unused
0F0B 00	00 FF+	      .BYTE 0, 0, $FF, 0, $FF, $1F, $EF, 0, $FF, 0, $FF, 0, $FF, 0, $FF, $10, $FF, 0, 0, $80, $C8
0F0B 00	FF 1F+	      .BYTE 0, $DE, 0, 0, 0, $C8, 0, $FF, $FF, $FF, $FF, $FF, $CC, $FF,	0, $F9,	$B7, $FF, 0, $FF
0F0B EF	00 FF+	      .BYTE 0, $FF, 0, $B7, 0, $F7, $C8, $C8, 0, $FF, 0, 0, 0, $C8, 0, $FF, 0, $FF, 0, $63, $80
0F0B 00	FF 00+	      .BYTE $C8, 0, $C8, 0, $FF, $C8, $C8, $48,	$C8, 0,	$FF, 0,	$FF, 0,	$FF, 0,	$FF, 0,	$FF, 0
0F0B FF	00 FF+	      .BYTE $FE, 0, $40, $C8, $FF, 0, $FF, 0, $FF, 0, $C8, $C8,	$FF, 0,	$88, $FF, $FF, 0, $C8
0F0B 10	FF 00+	      .BYTE 0, $C8, $C8, $FF, 0, $FF, 0, $C8, $C8, $FF,	$C8, $FF, $C8, $FF, $FF, $4F, $F0, 0, $60
0F0B 00	80 C8+	      .BYTE $60, $F7, $FF, $FF,	$E0, $FF, 0, $FF, 0, 0,	0, $FF,	$20, $60, 0, $FF, 0, $FF, 0, $FF
0F0B 00	DE 00+	      .BYTE 0, $FF, 0, $EF, 0, $FF, $FF, $7F, $70, $FF,	1, $FF,	$FF, $FF, $60, $FF, 0, 0, 0, 0
0F0B 00	00 C8+	      .BYTE 0, 0, 0, $FF, 0, $48, 0, $FF, 0, $FF, 0, $FF, $48, $FF, 0, $60, $60, $FF, 0, $FF, $FF
0F0B 00	FF FF+	      .BYTE $FF, $60, $FF, 0, $FF, 0, $FF, $C, $6A, $60, $FF, $60, $FF,	0, $62,	$60, $60, $60
0F0B FF	FF FF+	      .BYTE $FF, 0, $FF, 0, $FF, 0, $FF, 0, $FF, 0, $FF, 1, $FF, $6C, $60, 0, $FF, 0, $FF, 0, $FF
0F0B CC	FF 00+	      .BYTE $60, $60, 0, $FF, $60, 0, 0, $F3, $60, $FF,	$60, $60, 0, $FF, 0, $F3, $60, $60, 0
0F0B F9	B7 FF+	      .BYTE $60, 0, $60, 0, 0, $B0
1000	      ;	---------------	S U B R	O U T I	N E ---------------------------------------
1000	      Entry:
1000 78		      SEI
1001 A9	24	      LDA     #$24
1003 85	01	      STA     byte_0_1
1005 A0	FE	      LDY     #$FE
1007	      _1:				  ; Entry+D↓j
1007 A9	00	      LDA     #0
1009 99	01 00	      STA     1,Y
100C 88		      DEY
100D D0	F8	      BNE     _1
100F A2	00	      LDX     #0
1011 A0	40	      LDY     #$40
1013 86	B2	      STX     cpySrc
1015 84	B3	      STY     cpySrc+1
1017 A2	00	      LDX     #0
1019 A0	D0	      LDY     #$D0
101B 86	B0	      STX     cpyDest
101D 84	B1	      STY     cpyDest+1
101F A2	0C	      LDX     #$C
1021 2C	9B 0C	      BIT     MoveMem		  ; (b2) -> (b0)
1024 A2	00	      LDX     #0
1026 A0	51	      LDY     #$51
1028 86	B2	      STX     cpySrc
102A 84	B3	      STY     cpySrc+1
102C A2	00	      LDX     #0
102E A0	DC	      LDY     #$DC
1030 86	B0	      STX     cpyDest
1032 84	B1	      STY     cpyDest+1
1034 A2	03	      LDX     #3
1036 2C	9B 0C	      BIT     MoveMem		  ; (b2) -> (b0)
1039 A2	00	      LDX     #0
103B A0	80	      LDY     #$80
103D 86	B2	      STX     cpySrc
103F 84	B3	      STY     cpySrc+1
1041 A2	00	      LDX     #0
1043 A0	E0	      LDY     #$E0
1045 86	B0	      STX     cpyDest
1047 84	B1	      STY     cpyDest+1
1049 A2	20	      LDX     #$20
104B 2C	9B 0C	      BIT     MoveMem		  ; (b2) -> (b0)
104E A2	00	      LDX     #0
1050 A0	A0	      LDY     #$A0
1052 86	B2	      STX     cpySrc
1054 84	B3	      STY     cpySrc+1
1056 A2	00	      LDX     #0
1058 A0	C0	      LDY     #$C0
105A 86	B0	      STX     cpyDest
105C 84	B1	      STY     cpyDest+1
105E A2	10	      LDX     #$10
1060 2C	9B 0C	      BIT     MoveMem		  ; (b2) -> (b0)
1063 A2	00	      LDX     #0
1065 A0	B0	      LDY     #$B0
1067 86	B2	      STX     cpySrc
1069 84	B3	      STY     cpySrc+1
106B A2	00	      LDX     #0
106D A0	05	      LDY     #5
106F 86	B0	      STX     cpyDest
1071 84	B1	      STY     cpyDest+1
1073 A2	03	      LDX     #3
1075 2C	9B 0C	      BIT     MoveMem		  ; (b2) -> (b0)
1075	      ;	End of function	Entry
1078	      ;	---------------	S U B R	O U T I	N E ---------------------------------------
1078	      Restart0:
1078 78		      SEI
1079 A9	25	      LDA     #$25
107B 85	01	      STA     byte_0_1
107D AD	02 DD	      LDA     byte_0_DD02
1080 09	03	      ORA     #3
1082 8D	02 DD	      STA     byte_0_DD02
1085 AD	00 DD	      LDA     byte_0_DD00
1088 29	FC	      AND     #$FC
108A 09	02	      ORA     #2
108C 8D	00 DD	      STA     byte_0_DD00
108F 20	00 09	      JSR     sub_0_900
1092 A2	22	      LDX     #$22		  ; 2922 - Irq1
1094 A0	29	      LDY     #$29
1096 8E	FE FF	      STX     byte_0_FFFE
1099 8C	FF FF	      STY     byte_0_FFFE+1
109C A2	78	      LDX     #$78		  ; 1078 - Restart0
109E A0	10	      LDY     #$10
10A0 8E	FC FF	      STX     byte_0_FFFC
10A3 8C	FD FF	      STY     byte_0_FFFC+1
10A6 A2	E9	      LDX     #$E9		  ; 6fe9 - NMI
10A8 A0	6F	      LDY     #$6F
10AA 8E	FA FF	      STX     byte_0_FFFA
10AD 8C	FB FF	      STY     byte_0_FFFA+1
10B0 A9	01	      LDA     #1
10B2 8D	1A D0	      STA     unk_0_D01A
10B5 A9	5B	      LDA     #$5B
10B7 8D	12 D0	      STA     unk_0_D012
10BA A9	1B	      LDA     #$1B
10BC 8D	11 D0	      STA     unk_0_D011
10BF A9	7F	      LDA     #$7F
10C1 8D	0D DC	      STA     byte_0_DC0D
10C4 8D	0D DD	      STA     byte_0_DD0D
10C7 AD	0D DC	      LDA     byte_0_DC0D
10CA AD	0D DD	      LDA     byte_0_DD0D
10CD 58		      CLI
10CE A9	F0	      LDA     #$F0
10D0 8D	25 D0	      STA     byte_0_D022+3
10D0	      ;	End of function	Restart0
10D3	      ;	---------------	S U B R	O U T I	N E ---------------------------------------
10D3	      TitleLoop:			  ; TitleLoop+169↓j
10D3						  ; GameLoop+F9↓j DoPause+6C↓j
10D3 A2	FF	      LDX     #$FF
10D5 9A		      TXS
10D6 A9	00	      LDA     #0
10D8 8D	15 D0	      STA     byte_0_D014+1	  ; d015
10DB 85	94	      STA     disruptorCnt
10DD 85	26	      STA     scoreAdd
10DF 85	27	      STA     scoreSub
10E1 85	90	      STA     sndState
10E3 20	00 05	      JSR     Sound
10E6 20	79 28	      JSR     ShowTitle
10E9 78		      SEI
10EA A2	C0	      LDX     #$C0		  ; 6ec0 - Irq2_1
10EC A0	6E	      LDY     #$6E
10EE 8E	FE FF	      STX     byte_0_FFFE
10F1 8C	FF FF	      STY     byte_0_FFFE+1
10F4 58		      CLI
10F5 A9	21	      LDA     #$21
10F7 8D	55 6F	      STA     _d018+1
10FA A9	C0	      LDA     #$C0
10FC 8D	1C 6F	      STA     _d016Mode+1
10FF A9	00	      LDA     #0
1101 A8		      TAY
1102	      _1:				  ; TitleLoop+36↓j
1102 99	00 40	      STA     $4000,Y
1105 99	00 49	      STA     $4900,Y
1108 88		      DEY
1109 D0	F7	      BNE     _1
110B A2	00	      LDX     #0		  ; clear 4100..47ff
110D A0	40	      LDY     #$40
110F 86	B2	      STX     cpySrc
1111 84	B3	      STY     cpySrc+1
1113 A2	00	      LDX     #0
1115 A0	41	      LDY     #$41
1117 86	B0	      STX     cpyDest
1119 84	B1	      STY     cpyDest+1
111B A2	07	      LDX     #7
111D 20	9B 0C	      JSR     MoveMem		  ; (b2) -> (b0)
1120 A2	00	      LDX     #0		  ; clear 5200..53ff
1122 A0	40	      LDY     #$40
1124 86	B2	      STX     cpySrc
1126 84	B3	      STY     cpySrc+1
1128 A2	00	      LDX     #0
112A A0	52	      LDY     #$52
112C 86	B0	      STX     cpyDest
112E 84	B1	      STY     cpyDest+1
1130 A2	02	      LDX     #2
1132 20	9B 0C	      JSR     MoveMem		  ; (b2) -> (b0)
1135 A2	00	      LDX     #0		  ; 6900
1137 A0	69	      LDY     #$69
1139 20	2E 0C	      JSR     DrawString	  ; top	logo
113C A2	17	      LDX     #$17		  ; 6917
113E A0	69	      LDY     #$69
1140 20	2E 0C	      JSR     DrawString
1143 A2	37	      LDX     #$37		  ; 6937
1145 A0	69	      LDY     #$69
1147 20	2E 0C	      JSR     DrawString
114A A2	3C	      LDX     #$3C		  ; 693c
114C A0	69	      LDY     #$69
114E 20	2E 0C	      JSR     DrawString
1151 E6	26	      INC     scoreAdd		  ; show score
1153 20	7D 0A	      JSR     DoScore
1156 E6	27	      INC     scoreSub
1158 20	7D 0A	      JSR     DoScore
115B A9	11	      LDA     #$11
115D 85	90	      STA     sndState
115F 20	00 05	      JSR     Sound
1162 A2	00	      LDX     #0
1164 A0	00	      LDY     #0
1166 86	2D	      STX     ScreenPosX
1168 84	2E	      STY     ScreenPosX+1
116A 86	2F	      STX     ScreenPosY
116C 84	30	      STY     ScreenPosY+1
116E 86	28	      STX     xSpd
1170 84	29	      STY     xSpd+1
1172 20	A1 27	      JSR     SetIntroColors
1175 A5	53	      LDA     byte_0_53
1177 D0	03	      BNE     _2
1179 4C	42 12	      JMP     StartGame
117C	      _2:				  ; TitleLoop+A4↑j
117C 20	45 15	      JSR     RunGame		  ; draw once
117F A9	2D	      LDA     #$2D
1181 8D	55 6F	      STA     _d018+1
1184	      _3:				  ; TitleLoop+16C↓j
1184 A9	00	      LDA     #0
1186 85	4A	      STA     frameCount
1188 85	2F	      STA     ScreenPosY
118A 85	30	      STA     ScreenPosY+1
118C 85	2A	      STA     ySpd
118E 85	2B	      STA     ySpd+1
1190 8D	15 D0	      STA     byte_0_D014+1
1193 A2	16	      LDX     #$16		  ; 6a16 - Briefing_txt
1195 A0	6A	      LDY     #$6A
1197 20	2E 0C	      JSR     DrawString
119A A5	2E	      LDA     ScreenPosX+1	  ; high score screen?
119C C9	05	      CMP     #5
119E D0	10	      BNE     _4
11A0 AD	1B D4	      LDA     byte_0_D41B
11A3 29	0F	      AND     #$F
11A5 69	00	      ADC     #0		  ; +1 from carry
11A7 85	58	      STA     dType		  ; random robot
11A9 A9	F1	      LDA     #$F1
11AB 85	2C	      STA     Irq1bgColor
11AD 20	29 36	      JSR     BuildIntroSprites
11B0	      _4:				  ; TitleLoop+CB↑j
11B0						  ; TitleLoop+F1↓j
11B0 20	45 15	      JSR     RunGame
11B3 20	B7 32	      JSR     DoBlkWhte
11B6 20	B4 0C	      JSR     AdjustVolume
11B9 A5	18	      LDA     joyFire
11BB D0	03	      BNE     _5
11BD 4C	42 12	      JMP     StartGame
11C0	      _5:				  ; TitleLoop+E8↑j
11C0 A5	16	      LDA     joyYDir
11C2 C9	01	      CMP     #1		  ; down?
11C4 F0	EA	      BEQ     _4
11C6	      _6:				  ; TitleLoop+10B↓j
11C6 20	45 15	      JSR     RunGame
11C9 20	B7 32	      JSR     DoBlkWhte
11CC 20	B4 0C	      JSR     AdjustVolume
11CF A5	18	      LDA     joyFire
11D1 D0	03	      BNE     _7
11D3 4C	42 12	      JMP     StartGame
11D6	      _7:				  ; TitleLoop+FE↑j
11D6 A5	16	      LDA     joyYDir
11D8 C9	01	      CMP     #1		  ; down?
11DA F0	04	      BEQ     _8
11DC A5	4A	      LDA     frameCount
11DE D0	E6	      BNE     _6
11E0	      _8:				  ; TitleLoop+107↑j
11E0						  ; TitleLoop+12F↓j
11E0						  ; TitleLoop+135↓j
11E0 20	45 15	      JSR     RunGame
11E3 20	B7 32	      JSR     DoBlkWhte
11E6 20	B4 0C	      JSR     AdjustVolume
11E9 A5	18	      LDA     joyFire
11EB F0	55	      BEQ     StartGame
11ED	      _9:				  ; TitleLoop+11C↓j
11ED A5	4B	      LDA     irqToggle
11EF D0	FC	      BNE     _9
11F1	      _10:				  ; TitleLoop+120↓j
11F1 A5	4B	      LDA     irqToggle
11F3 F0	FC	      BEQ     _10
11F5 A9	FF	      LDA     #$FF		  ; up
11F7 85	2A	      STA     ySpd
11F9 38		      SEC
11FA E5	16	      SBC     joyYDir
11FC 85	2B	      STA     ySpd+1
11FE A5	30	      LDA     ScreenPosY+1
1200 C9	01	      CMP     #1
1202 90	DC	      BCC     _8
1204 A5	2F	      LDA     ScreenPosY
1206 C9	68	      CMP     #$68
1208 90	D6	      BCC     _8
120A A9	80	      LDA     #$80
120C 85	4A	      STA     frameCount
120E A9	00	      LDA     #0
1210 85	2A	      STA     ySpd
1212 85	2B	      STA     ySpd+1
1214	      _11:				  ; TitleLoop+156↓j
1214 20	45 15	      JSR     RunGame
1217 20	B7 32	      JSR     DoBlkWhte
121A 20	B4 0C	      JSR     AdjustVolume
121D A5	18	      LDA     joyFire
121F F0	21	      BEQ     StartGame
1221 A5	16	      LDA     joyYDir
1223 C9	01	      CMP     #1
1225 F0	04	      BEQ     _12
1227 A5	4A	      LDA     frameCount
1229 D0	E9	      BNE     _11
122B	      _12:				  ; TitleLoop+152↑j
122B A5	2D	      LDA     ScreenPosX
122D 18		      CLC
122E 69	40	      ADC     #$40
1230 85	2D	      STA     ScreenPosX
1232 A5	2E	      LDA     ScreenPosX+1
1234 69	01	      ADC     #1
1236 85	2E	      STA     ScreenPosX+1
1238 C9	06	      CMP     #6
123A 90	03	      BCC     _13
123C 4C	D3 10	      JMP     TitleLoop
123F	      _13:				  ; TitleLoop+167↑j
123F 4C	84 11	      JMP     _3
123F	      ;	End of function	TitleLoop
1242	      ;	---------------	S U B R	O U T I	N E ---------------------------------------
1242	      StartGame:			  ; TitleLoop+A6↑j
1242						  ; TitleLoop+EA↑j
1242						  ; TitleLoop+100↑j
1242						  ; TitleLoop+118↑j
1242						  ; TitleLoop+14C↑j
1242 A9	21	      LDA     #$21
1244 8D	55 6F	      STA     _d018+1
1247 A2	58	      LDX     #$58		  ; 6958 - GameOn_txt
1249 A0	69	      LDY     #$69
124B 20	2E 0C	      JSR     DrawString
124E A9	12	      LDA     #$12
1250 85	90	      STA     sndState
1252 20	00 05	      JSR     Sound
1255 A9	00	      LDA     #0
1257 85	67	      STA     shipLevel
1259 85	54	      STA     weaponType
125B 85	21	      STA     Score
125D 85	22	      STA     Score+1
125F 85	23	      STA     Score+2
1261 85	24	      STA     Score+3
1263 8D	40 03	      STA     droidType
1266 E6	27	      INC     scoreSub
1268 20	7D 0A	      JSR     DoScore
126B A9	06	      LDA     #6
126D 85	91	      STA     sndFx1
126F 4C	89 12	      JMP     _entership
1272	      _shipclean:			  ; StartGame+111↓j
1272 A9	0A	      LDA     #$A		  ; 10*200=2000	points
1274 85	20	      STA     tmp2
1276	      _sc_1:				  ; StartGame+3B↓j
1276 A9	C8	      LDA     #200
1278 20	94 3E	      JSR     AddScore
127B C6	20	      DEC     tmp2
127D D0	F7	      BNE     _sc_1
127F 20	CA 2B	      JSR     FindStrings
1282 A9	0B	      LDA     #$B
1284 85	91	      STA     sndFx1
1286 20	16 38	      JSR     ShowShipClear
1289	      _entership:			  ; StartGame+2D↑j
1289 A9	00	      LDA     #0
128B 85	28	      STA     xSpd
128D 85	29	      STA     xSpd+1
128F 85	2A	      STA     ySpd
1291 85	2B	      STA     ySpd+1
1293 85	64	      STA     Alert
1295 8D	90 03	      STA     droidSpriteImage
1298 8D	61 03	      STA     droidEnergy+1
129B 8D	51 03	      STA     droidSprNum+1
129E 20	E8 15	      JSR     NextLevel
12A1 A9	80	      LDA     #$80
12A3 85	3A	      STA     moveMode
12A5 A9	07	      LDA     #7
12A7 8D	60 03	      STA     droidEnergy
12AA 8D	50 03	      STA     droidSprNum
12AD A9	02	      LDA     #2
12AF 85	59	      STA     numDeckDroids
12B1 AD	40 03	      LDA     droidType
12B4 85	58	      STA     dType
12B6 AD	1B D4	      LDA     byte_0_D41B
12B9 29	03	      AND     #3
12BB 18		      CLC
12BC 69	04	      ADC     #4
12BE 85	33	      STA     deckNum
12C0 49	FF	      EOR     #$FF
12C2 85	65	      STA     prevDeck
12C4 20	CA 2B	      JSR     FindStrings
12C7 20	B9 36	      JSR     NewShipInfo
12CA 20	7E 37	      JSR     ClearSubGameData
12CD 20	90 35	      JSR     BuildLevel
12D0 A9	00	      LDA     #0
12D2 8D	15 D0	      STA     byte_0_D014+1
12D5 A9	F8	      LDA     #$F8
12D7 8D	26 D0	      STA     byte_0_D022+4
12DA A2	2E	      LDX     #$2E		  ; 6a2e
12DC A0	6A	      LDY     #$6A
12DE 86	1A	      STX     src
12E0 84	1B	      STY     src+1
12E2 20	86 3E	      JSR     WriteSprite
12E5 20	77 3C	      JSR     BuildDroidSprite
12E8 20	00 17	      JSR     GetWaypoints
12EB A0	00	      LDY     #0
12ED B1	1A	      LDA     (src),Y
12EF 84	1D	      STY     dest+1
12F1 84	15	      STY     ptr_14+1
12F3 38		      SEC
12F4 E9	13	      SBC     #19
12F6 0A		      ASL     A
12F7 26	1D	      ROL     dest+1
12F9 0A		      ASL     A
12FA 26	1D	      ROL     dest+1
12FC 0A		      ASL     A
12FD 26	1D	      ROL     dest+1
12FF 85	1C	      STA     dest
1301 C8		      INY
1302 B1	1A	      LDA     (src),Y
1304 38		      SEC
1305 E9	08	      SBC     #8
1307 10	02	      BPL     _es_1
1309 C6	15	      DEC     ptr_14+1
130B	      _es_1:				  ; StartGame+C5↑j
130B 0A		      ASL     A
130C 26	15	      ROL     ptr_14+1
130E 0A		      ASL     A
130F 26	15	      ROL     ptr_14+1
1311 0A		      ASL     A
1312 26	15	      ROL     ptr_14+1
1314 85	14	      STA     ptr_14
1316 A6	1C	      LDX     dest
1318 A4	1D	      LDY     dest+1
131A 86	2D	      STX     ScreenPosX
131C 84	2E	      STY     ScreenPosX+1
131E A6	14	      LDX     ptr_14
1320 A4	15	      LDY     ptr_14+1
1322 86	2F	      STX     ScreenPosY
1324 84	30	      STY     ScreenPosY+1
1326 A9	60	      LDA     #$60
1328 85	78	      STA     xfer_plySpriteX
132A A9	2F	      LDA     #$2F
132C 8D	55 6F	      STA     _d018+1
132F 20	E5 27	      JSR     InitColors
1332 A9	07	      LDA     #7
1334 85	91	      STA     sndFx1
1336	      _es_2:				  ; StartGame+101↓j
1336 20	FB 3C	      JSR     AnimateDroids
1339 20	45 15	      JSR     RunGame
133C A0	08	      LDY     #8
133E 20	62 0B	      JSR     DelayScore
1341 E6	78	      INC     xfer_plySpriteX
1343 10	F1	      BPL     _es_2
1345 A9	40	      LDA     #$40
1347 8D	60 03	      STA     droidEnergy
134A 85	66	      STA     maxEnergy
134C 4C	59 13	      JMP     _enterdeck
134F	      _lift:				  ; GameLoop+6A↓j
134F A5	68	      LDA     shipNumDroids
1351 D0	03	      BNE     _lift_1
1353 4C	72 12	      JMP     _shipclean
1356	      _lift_1:				  ; StartGame+10F↑j
1356 20	7A 26	      JSR     DoLift
1359	      _enterdeck:			  ; StartGame+10A↑j
1359 A4	33	      LDY     deckNum
135B C4	65	      CPY     prevDeck
135D F0	36	      BEQ     _ed_3
135F B9	60 6E	      LDA     deckBgSndVar1,Y
1362 8D	85 C7	      STA     sfx23+5
1365 B9	70 6E	      LDA     deckBgSndVar2,Y
1368 8D	86 C7	      STA     sfx23+6
136B B9	80 6E	      LDA     deckBgSndVar3,Y
136E 8D	87 C7	      STA     sfx23+7
1371 A9	00	      LDA     #0
1373 85	3B	      STA     numDoors
1375 A2	0F	      LDX     #$F
1377 86	59	      STX     numDeckDroids
1379	      _ed_1:				  ; StartGame+141↓j
1379 9D	40 03	      STA     droidType,X
137C 9D	50 03	      STA     droidSprNum,X
137F 9D	60 03	      STA     droidEnergy,X
1382 CA		      DEX
1383 D0	F4	      BNE     _ed_1
1385 20	64 16	      JSR     InitDeckDroids
1388 A5	78	      LDA     xfer_plySpriteX
138A D0	06	      BNE     _ed_2
138C A9	01	      LDA     #1
138E 85	59	      STA     numDeckDroids
1390 D0	03	      BNE     _ed_3
1392	      _ed_2:				  ; StartGame+148↑j
1392 20	4B 17	      JSR     RunDroids
1395	      _ed_3:				  ; StartGame+11B↑j
1395						  ; StartGame+14E↑j
1395 20	E5 27	      JSR     InitColors
1398 AD	54 69	      LDA     DecelerationNeg_
139B 85	34	      STA     DecelerationNeg
139D AD	55 69	      LDA     Acceleration_
13A0 85	35	      STA     Acceleration
13A2 AD	56 69	      LDA     Deceleration_
13A5 85	37	      STA     Deceleration
13A7 AD	57 69	      LDA     AccelerationNeg_
13AA 85	38	      STA     AccelerationNeg
13AC AC	40 03	      LDY     droidType
13AF BE	40 EA	      LDX     DSpeed_t,Y
13B2 BD	97 6D	      LDA     PlayerSpeed_t,X
13B5 85	36	      STA     MaxSpeed
13B7 49	FF	      EOR     #$FF
13B9 85	39	      STA     MaxSpeedNeg
13BB E6	39	      INC     MaxSpeedNeg
13BD 20	35 38	      JSR     DoMobile
13C0 A9	01	      LDA     #1
13C2 8D	90 03	      STA     droidSpriteImage
13C5 8D	A0 03	      STA     droidFireDelay
13C8 A9	00	      LDA     #0
13CA 85	25	      STA     notInDeck
13CC 85	6B	      STA     xferDroid
13CE 85	4F	      STA     SprSprCollision
13D0 85	94	      STA     disruptorCnt
13D2 A9	2F	      LDA     #$2F
13D4 8D	55 6F	      STA     _d018+1
13D7 4C	2E 14	      JMP     EnterGame
13D7	      ;	End of function	StartGame
13DA	      ;	---------------	S U B R	O U T I	N E ---------------------------------------
13DA	      GameLoop:				  ; GameLoop+68↓j
13DA A5	4B	      LDA     irqToggle		  ; !! remove
13DC D0	00	      BNE     _w1
13DE	      _w1:
13DE E6	4A	      INC     frameCount
13E0 20	1A 09	      JSR     ReadJoystick
13E3 20	7D 0A	      JSR     DoScore
13E6 20	7C 3B	      JSR     DoPause
13E9 20	B9 31	      JSR     DoMoveMode
13EC 20	EA 19	      JSR     DoCollision
13EF A5	6B	      LDA     xferDroid
13F1 D0	54	      BNE     _capture
13F3 A5	4B	      LDA     irqToggle		  ; !! remove
13F5 F0	00	      BEQ     _w2
13F7	      _w2:
13F7 20	4B 17	      JSR     RunDroids
13FA A5	4B	      LDA     irqToggle		  ; !! remove
13FC D0	00	      BNE     _w3
13FE	      _w3:
13FE 20	D9 32	      JSR     MovePlyFire
1401 20	C4 38	      JSR     AnimAllInsideFont
1404 A2	28	      LDX     #$28		  ; 6c28 - ChrAnimData2	- recharger
1406 A0	6C	      LDY     #$6C
1408 86	1A	      STX     src
140A 84	1B	      STY     src+1
140C A9	02	      LDA     #2
140E 20	05 26	      JSR     AnimateIntoFont
1411 20	FB 3C	      JSR     AnimateDroids
1414 20	32 3E	      JSR     DoAlertAndAging
1417	      _w4:				  ; GameLoop+3F↓j
1417 A5	4B	      LDA     irqToggle
1419 F0	FC	      BEQ     _w4
141B 20	F9 39	      JSR     CalcSpeed
141E 20	C1 29	      JSR     CheckPlyAdvance
1421 20	08 2B	      JSR     CloseDoors
1424 20	7B 2E	      JSR     DoCharUnder
1427 A5	3C	      LDA     consoleState
1429 10	03	      BPL     EnterGame
142B 4C	D6 14	      JMP     _console		  ; console
142E	      EnterGame:			  ; StartGame+195↑j
142E						  ; GameLoop+4F↑j GameLoop+56↓j
142E						  ; GameLoop+168↓j
142E						  ; BlowInto001+72↓j
142E A5	4B	      LDA     irqToggle
1430 D0	FC	      BNE     EnterGame
1432 20	49 38	      JSR     DoMove
1435 20	1E 23	      JSR     Disruptor
1438 20	1A 39	      JSR     DrawScreen
143B AD	60 03	      LDA     droidEnergy
143E F0	0D	      BEQ     _energy0
1440 A5	25	      LDA     notInDeck
1442 F0	96	      BEQ     GameLoop
1444 4C	4F 13	      JMP     _lift
1447	      _capture:				  ; GameLoop+17↑j
1447 20	9D 22	      JSR     Capture
144A 4C	32 15	      JMP     _reenter_game
144D	      _energy0:				  ; GameLoop+64↑j
144D AD	40 03	      LDA     droidType
1450 F0	03	      BEQ     _gameover
1452 4C	73 15	      JMP     BlowInto001
1455	      _gameover:			  ; GameLoop+76↑j
1455 A2	71	      LDX     #$71		  ; 6971 - GameOver_txt
1457 A0	69	      LDY     #$69
1459 20	2E 0C	      JSR     DrawString
145C A9	00	      LDA     #0
145E 85	29	      STA     xSpd+1
1460 85	2B	      STA     ySpd+1
1462 8D	15 D0	      STA     byte_0_D014+1
1465 A9	06	      LDA     #6
1467 85	78	      STA     xfer_plySpriteX
1469 A9	13	      LDA     #$13
146B 85	91	      STA     sndFx1
146D A2	39	      LDX     #$39		  ; 6a39
146F A0	6A	      LDY     #$6A
1471 86	1A	      STX     src
1473 84	1B	      STY     src+1
1475 20	86 3E	      JSR     WriteSprite
1478	      _go_1:				  ; GameLoop+F4↓j
1478 A5	78	      LDA     xfer_plySpriteX
147A 30	2C	      BMI     _go_2
147C A9	07	      LDA     #7
147E 85	04	      STA     SpriteNum
1480 20	66 09	      JSR     RdSpriteState
1483 A5	78	      LDA     xfer_plySpriteX
1485 85	04	      STA     SpriteNum
1487 AD	1B D4	      LDA     byte_0_D41B
148A 29	07	      AND     #7
148C 38		      SEC
148D E9	04	      SBC     #4
148F 18		      CLC
1490 65	05	      ADC     SpriteX
1492 85	05	      STA     SpriteX
1494 A9	39	      LDA     #$39
1496 85	0E	      STA     SpriteImage
1498 AD	1B D4	      LDA     byte_0_D41B
149B 29	07	      AND     #7
149D 38		      SEC
149E E9	04	      SBC     #4
14A0 18		      CLC
14A1 65	07	      ADC     SpriteY
14A3 85	07	      STA     SpriteY
14A5 20	B7 09	      JSR     WrSpriteState
14A8	      _go_2:				  ; GameLoop+A0↑j
14A8 20	45 15	      JSR     RunGame
14AB A9	07	      LDA     #7
14AD 85	04	      STA     SpriteNum
14AF	      _go_3:				  ; GameLoop+E9↓j
14AF 20	66 09	      JSR     RdSpriteState
14B2 E6	0E	      INC     SpriteImage
14B4 A5	0E	      LDA     SpriteImage
14B6 C9	44	      CMP     #$44
14B8 90	04	      BCC     _go_4
14BA A9	00	      LDA     #0
14BC 85	08	      STA     SpriteEna
14BE	      _go_4:				  ; GameLoop+DE↑j
14BE 20	B7 09	      JSR     WrSpriteState
14C1 C6	04	      DEC     SpriteNum
14C3 10	EA	      BPL     _go_3
14C5 20	45 15	      JSR     RunGame
14C8 C6	78	      DEC     xfer_plySpriteX
14CA A5	78	      LDA     xfer_plySpriteX
14CC C9	F0	      CMP     #$F0
14CE D0	A8	      BNE     _go_1
14D0 20	8B 37	      JSR     EndGame
14D3 4C	D3 10	      JMP     TitleLoop
14D6	      _console:				  ; GameLoop+51↑j
14D6 20	CA 2B	      JSR     FindStrings
14D9 A5	4A	      LDA     frameCount
14DB 85	55	      STA     byte_0_55
14DD 20	C3 2E	      JSR     SaveVicState
14E0 A9	2D	      LDA     #$2D
14E2 8D	55 6F	      STA     _d018+1
14E5 A9	16	      LDA     #$16
14E7 85	92	      STA     SndFx2
14E9 A9	C0	      LDA     #$C0		  ; enter console
14EB 85	3C	      STA     consoleState
14ED A9	00	      LDA     #0
14EF 85	58	      STA     dType
14F1 85	3A	      STA     moveMode
14F3	      _con_1:				  ; GameLoop+14C↓j
14F3 20	1A 09	      JSR     ReadJoystick
14F6 A2	28	      LDX     #$28		  ; 6c28 - ChrAnimData2	- recharger
14F8 A0	6C	      LDY     #$6C
14FA 86	1A	      STX     src
14FC 84	1B	      STY     src+1
14FE A9	02	      LDA     #2
1500 20	05 26	      JSR     AnimateIntoFont
1503 A5	18	      LDA     joyFire
1505 49	10	      EOR     #$10
1507 05	16	      ORA     joyYDir
1509 05	17	      ORA     joyXDir
150B F0	09	      BEQ     _con_2
150D A5	3A	      LDA     moveMode
150F D0	0E	      BNE     _con_4
1511 E6	3A	      INC     moveMode
1513 4C	1C 15	      JMP     _con_3
1516	      _con_2:				  ; GameLoop+131↑j
1516 A9	00	      LDA     #0
1518 85	3A	      STA     moveMode
151A A9	15	      LDA     #$15		  ; !! wtf
151C	      _con_3:				  ; GameLoop+139↑j
151C 20	04 2C	      JSR     Console
151F	      _con_4:				  ; GameLoop+135↑j
151F A0	20	      LDY     #$20
1521 20	62 0B	      JSR     DelayScore
1524 A5	3C	      LDA     consoleState
1526 D0	CB	      BNE     _con_1
1528 A5	55	      LDA     byte_0_55
152A 85	4A	      STA     frameCount
152C 20	64 28	      JSR     WaitNoFire
152F 20	10 2F	      JSR     RestoreVicState
1532	      _reenter_game:			  ; GameLoop+70↑j
1532 20	35 38	      JSR     DoMobile
1535 20	7E 37	      JSR     ClearSubGameData
1538 A9	2F	      LDA     #$2F
153A 8D	55 6F	      STA     _d018+1
153D A9	C0	      LDA     #$C0
153F 8D	1C 6F	      STA     _d016Mode+1
1542 4C	2E 14	      JMP     EnterGame
1542	      ;	End of function	GameLoop
1545	      ;	---------------	S U B R	O U T I	N E ---------------------------------------
1545	      RunGame:				  ; TitleLoop+A9↑p
1545						  ; TitleLoop+DD↑p
1545						  ; TitleLoop+F3↑p
1545						  ; TitleLoop+10D↑p
1545						  ; TitleLoop+141↑p
1545						  ; StartGame+F7↑p GameLoop+CE↑p
1545						  ; GameLoop+EB↑p
1545						  ; BlowInto001+3D↓p
1545 20	1A 09	      JSR     ReadJoystick
1548 E6	4A	      INC     frameCount
154A 20	23 0B	      JSR     ReadFKeys
154D 20	1E 23	      JSR     Disruptor
1550	      _1:				  ; RunGame+D↓j
1550 A5	4B	      LDA     irqToggle
1552 F0	FC	      BEQ     _1
1554 20	C4 38	      JSR     AnimAllInsideFont
1557 A2	28	      LDX     #$28		  ; 6c28 - ChrAnimData2	- recharger
1559 A0	6C	      LDY     #$6C
155B 86	1A	      STX     src
155D 84	1B	      STY     src+1
155F A9	02	      LDA     #2		  ; recharger and droid	in desk	map
1561 20	05 26	      JSR     AnimateIntoFont
1564	      _2:				  ; RunGame+21↓j
1564 A5	4B	      LDA     irqToggle
1566 D0	FC	      BNE     _2
1568 20	49 38	      JSR     DoMove
156B 20	1A 39	      JSR     DrawScreen
156E	      _3:				  ; RunGame+2B↓j
156E A5	4B	      LDA     irqToggle
1570 F0	FC	      BEQ     _3
1572 60		      RTS
1572	      ;	End of function	RunGame
1573	      ;	---------------	S U B R	O U T I	N E ---------------------------------------
1573	      BlowInto001:			  ; GameLoop+78↑j
1573 A9	07	      LDA     #7
1575 85	04	      STA     SpriteNum
1577 20	66 09	      JSR     RdSpriteState
157A A9	00	      LDA     #0
157C 85	04	      STA     SpriteNum
157E A9	FF	      LDA     #$FF
1580 85	0B	      STA     SpriteMC
1582 A9	F7	      LDA     #$F7
1584 85	0D	      STA     SpriteColor
1586 A9	39	      LDA     #$39		  ; explosion2
1588 85	0E	      STA     SpriteImage
158A 20	B7 09	      JSR     WrSpriteState
158D A9	07	      LDA     #7
158F 85	04	      STA     SpriteNum
1591 8D	60 03	      STA     droidEnergy
1594 A5	66	      LDA     maxEnergy
1596 C9	07	      CMP     #7
1598 B0	04	      BCS     _1
159A A9	07	      LDA     #7
159C 85	66	      STA     maxEnergy
159E	      _1:				  ; BlowInto001+25↑j
159E A9	00	      LDA     #0
15A0 8D	40 03	      STA     droidType
15A3 85	58	      STA     dType
15A5 85	2B	      STA     ySpd+1
15A7 85	29	      STA     xSpd+1
15A9 20	77 3C	      JSR     BuildDroidSprite
15AC A9	12	      LDA     #$12
15AE 85	91	      STA     sndFx1
15B0	      _2:				  ; BlowInto001+55↓j
15B0 20	45 15	      JSR     RunGame
15B3 20	4B 17	      JSR     RunDroids
15B6 A9	00	      LDA     #0
15B8 85	04	      STA     SpriteNum
15BA 20	66 09	      JSR     RdSpriteState
15BD E6	0E	      INC     SpriteImage
15BF A5	0E	      LDA     SpriteImage
15C1 C9	44	      CMP     #$44		  ; end	explosion2
15C3 B0	06	      BCS     _3
15C5 20	B7 09	      JSR     WrSpriteState
15C8 4C	B0 15	      JMP     _2
15CB	      _3:				  ; BlowInto001+50↑j
15CB A9	00	      LDA     #0
15CD 85	08	      STA     SpriteEna
15CF 20	B7 09	      JSR     WrSpriteState
15D2 AC	40 EA	      LDY     DSpeed_t
15D5 B9	97 6D	      LDA     PlayerSpeed_t,Y
15D8 85	36	      STA     MaxSpeed
15DA 49	FF	      EOR     #$FF
15DC 85	39	      STA     MaxSpeedNeg
15DE E6	39	      INC     MaxSpeedNeg
15E0 AD	80 EA	      LDA     DWeapon_t
15E3 85	54	      STA     weaponType
15E5 4C	2E 14	      JMP     EnterGame
15E5	      ;	End of function	BlowInto001
15E8	      ;	---------------	S U B R	O U T I	N E ---------------------------------------
15E8	      NextLevel:			  ; StartGame+5C↑p
15E8 A9	00	      LDA     #0
15EA A8		      TAY
15EB	      _1:				  ; NextLevel+7↓j
15EB 99	00 04	      STA     shipDroids,Y
15EE 88		      DEY
15EF D0	FA	      BNE     _1
15F1 E6	67	      INC     shipLevel
15F3 A5	67	      LDA     shipLevel
15F5 C9	09	      CMP     #9
15F7 90	02	      BCC     _2
15F9 C6	67	      DEC     shipLevel
15FB	      _2:				  ; NextLevel+F↑j
15FB A2	F0	      LDX     #$F0		  ; 04f0 - shipDroids +	$f0
15FD A0	04	      LDY     #4
15FF 86	1C	      STX     dest
1601 84	1D	      STY     dest+1
1603 A9	01	      LDA     #1
1605 85	68	      STA     shipNumDroids
1607 A2	0F	      LDX     #$F
1609	      _3:				  ; NextLevel+74↓j
1609 BD	30 C8	      LDA     deckDroidBase,X	  ; adjust basedroid, max 19
160C 18		      CLC
160D 65	67	      ADC     shipLevel
160F C9	14	      CMP     #20
1611 90	02	      BCC     _4
1613 A9	13	      LDA     #19
1615	      _4:				  ; NextLevel+29↑j
1615 85	0F	      STA     tmp1
1617 BD	70 F1	      LDA     deckNumDroids,X
161A 85	20	      STA     tmp2
161C C6	20	      DEC     tmp2
161E F0	34	      BEQ     _deck_ok
1620 A0	0C	      LDY     #12
1622	      _5:				  ; NextLevel+4D↓j
1622 AD	1B D4	      LDA     byte_0_D41B	  ; first 7 droids are base + [0,3]
1625 29	03	      AND     #3
1627 18		      CLC
1628 65	0F	      ADC     tmp1
162A 91	1C	      STA     (dest),Y
162C E6	68	      INC     shipNumDroids
162E C6	20	      DEC     tmp2
1630 F0	22	      BEQ     _deck_ok
1632 88		      DEY
1633 C0	06	      CPY     #6
1635 B0	EB	      BCS     _5
1637 A5	0F	      LDA     tmp1		  ; base += 3
1639 69	03	      ADC     #3
163B 85	0F	      STA     tmp1
163D	      _6:				  ; NextLevel+6A↓j
163D AD	1B D4	      LDA     byte_0_D41B
1640 29	0F	      AND     #$F
1642	      _7:				  ; NextLevel+5F↓j
1642 4A		      LSR     A
1643 F0	08	      BEQ     _8
1645 C5	0F	      CMP     tmp1
1647 B0	F9	      BCS     _7
1649 91	1C	      STA     (dest),Y
164B E6	68	      INC     shipNumDroids
164D	      _8:				  ; NextLevel+5B↑j
164D C6	20	      DEC     tmp2
164F F0	03	      BEQ     _deck_ok
1651 88		      DEY
1652 D0	E9	      BNE     _6
1654	      _deck_ok:				  ; NextLevel+36↑j
1654						  ; NextLevel+48↑j
1654						  ; NextLevel+67↑j
1654 A5	1C	      LDA     dest
1656 38		      SEC
1657 E9	10	      SBC     #$10
1659 85	1C	      STA     dest
165B CA		      DEX
165C 10	AB	      BPL     _3
165E A9	17	      LDA     #23		  ; 999
1660 8D	1D 04	      STA     shipDroids+$1D
1663 60		      RTS
1663	      ;	End of function	NextLevel
1664	      ;	---------------	S U B R	O U T I	N E ---------------------------------------
1664	      InitDeckDroids:			  ; StartGame+143↑p
1664 20	00 17	      JSR     GetWaypoints
1667 18		      CLC			  ; skip first waypoint
1668 A5	1A	      LDA     src
166A 69	03	      ADC     #3
166C 85	1A	      STA     src
166E 90	02	      BCC     _1
1670 E6	1B	      INC     src+1
1672	      _1:				  ; InitDeckDroids+A↑j
1672 A9	00	      LDA     #0
1674 85	78	      STA     xfer_plySpriteX
1676 A5	33	      LDA     deckNum
1678 0A		      ASL     A
1679 0A		      ASL     A
167A 0A		      ASL     A
167B 0A		      ASL     A
167C 85	12	      STA     ptr_12
167E A9	04	      LDA     #4
1680 85	13	      STA     ptr_12+1		  ; 04x0
1682 A0	0D	      LDY     #13
1684	      _2:				  ; InitDeckDroids+8A↓j
1684 B1	12	      LDA     (ptr_12),Y
1686 F0	5A	      BEQ     _3
1688 99	40 03	      STA     droidType,Y
168B 98		      TYA
168C 18		      CLC
168D 65	12	      ADC     ptr_12
168F 99	30 03	      STA     droidShipIdx,Y
1692 E6	78	      INC     xfer_plySpriteX
1694 A9	01	      LDA     #1
1696 99	90 03	      STA     droidSpriteImage,Y
1699 A9	00	      LDA     #0
169B 99	A0 03	      STA     droidFireDelay,Y
169E 99	50 03	      STA     droidSprNum,Y
16A1 99	70 03	      STA     droidSpdX,Y
16A4 99	80 03	      STA     droidSpdY,Y
16A7 9D	F0 03	      STA     droidState,X
16AA A9	40	      LDA     #$40
16AC 99	60 03	      STA     droidEnergy,Y
16AF 84	11	      STY     xfer_cpuSpriteX
16B1 A0	00	      LDY     #0
16B3 A6	11	      LDX     xfer_cpuSpriteX
16B5 A9	00	      LDA     #0
16B7 9D	C0 03	      STA     droidPosX_hi,X
16BA 9D	E0 03	      STA     droidPosY_hi,X
16BD B1	1A	      LDA     (src),Y		  ; waypoint x in chars
16BF 0A		      ASL     A
16C0 3E	C0 03	      ROL     droidPosX_hi,X
16C3 0A		      ASL     A
16C4 3E	C0 03	      ROL     droidPosX_hi,X
16C7 0A		      ASL     A
16C8 3E	C0 03	      ROL     droidPosX_hi,X
16CB 9D	B0 03	      STA     droidPosX_lo,X
16CE C8		      INY
16CF B1	1A	      LDA     (src),Y		  ; waypoint y in chars
16D1 A4	11	      LDY     xfer_cpuSpriteX
16D3 0A		      ASL     A
16D4 3E	E0 03	      ROL     droidPosY_hi,X
16D7 0A		      ASL     A
16D8 3E	E0 03	      ROL     droidPosY_hi,X
16DB 0A		      ASL     A
16DC 3E	E0 03	      ROL     droidPosY_hi,X
16DF 9D	D0 03	      STA     droidPosY_lo,X
16E2	      _3:				  ; InitDeckDroids+22↑j
16E2 18		      CLC
16E3 A5	1A	      LDA     src
16E5 69	03	      ADC     #3
16E7 85	1A	      STA     src
16E9 90	02	      BCC     _4
16EB E6	1B	      INC     src+1
16ED	      _4:				  ; InitDeckDroids+85↑j
16ED 88		      DEY
16EE D0	94	      BNE     _2
16F0 A0	06	      LDY     #6
16F2 A9	00	      LDA     #0
16F4	      _5:				  ; InitDeckDroids+94↓j
16F4 99	05 02	      STA     SprNumber,Y
16F7 88		      DEY
16F8 D0	FA	      BNE     _5
16FA A9	80	      LDA     #$80
16FC 8D	15 D0	      STA     byte_0_D014+1
16FF 60		      RTS
16FF	      ;	End of function	InitDeckDroids
1700	      ;	---------------	S U B R	O U T I	N E ---------------------------------------
1700	      GetWaypoints:			  ; StartGame+A6↑p
1700						  ; InitDeckDroids↑p
1700						  ; FindWaypoint↓p
1700 A4	33	      LDY     deckNum
1702 B9	10 C8	      LDA     Waypoints_lo,Y
1705 85	1A	      STA     src
1707 B9	20 C8	      LDA     Waypoints_hi,Y
170A 85	1B	      STA     src+1
170C 60		      RTS
170C	      ;	End of function	GetWaypoints
170D	      ;	---------------	S U B R	O U T I	N E ---------------------------------------
170D	      FindWaypoint:			  ; dMd0_droid+94↓p
170D 20	00 17	      JSR     GetWaypoints
1710 B9	00 C8	      LDA     numWaypoints,Y
1713 85	20	      STA     tmp2
1715 A5	13	      LDA     ptr_12+1
1717 29	7F	      AND     #$7F
1719 85	13	      STA     ptr_12+1
171B	      _1:				  ; FindWaypoint+34↓j
171B A0	01	      LDY     #1
171D B1	1A	      LDA     (src),Y		  ; waypoint y in chars
171F C5	13	      CMP     ptr_12+1
1721 90	11	      BCC     _2		  ; wp_y < d_y
1723 D0	1E	      BNE     _5		  ; end	of list
1725 88		      DEY
1726 B1	1A	      LDA     (src),Y		  ; waypoint x in chars
1728 C5	12	      CMP     ptr_12
172A D0	08	      BNE     _2
172C A5	13	      LDA     ptr_12+1
172E 09	80	      ORA     #$80
1730 85	13	      STA     ptr_12+1
1732 38		      SEC
1733 60		      RTS
1734	      _2:				  ; FindWaypoint+14↑j
1734						  ; FindWaypoint+1D↑j
1734 18		      CLC
1735 A5	1A	      LDA     src
1737 69	03	      ADC     #3
1739 85	1A	      STA     src
173B 90	02	      BCC     _4
173D E6	1B	      INC     src+1
173F	      _4:				  ; FindWaypoint+2E↑j
173F C6	20	      DEC     tmp2
1741 D0	D8	      BNE     _1
1743	      _5:				  ; FindWaypoint+16↑j
1743 A5	13	      LDA     ptr_12+1
1745 09	80	      ORA     #$80
1747 85	13	      STA     ptr_12+1
1749 18		      CLC			  ; not	found
174A 60		      RTS
174A	      ;	End of function	FindWaypoint
174B	      ;	---------------	S U B R	O U T I	N E ---------------------------------------
174B	      RunDroids:			  ; StartGame+150↑p
174B						  ; GameLoop+1D↑p
174B						  ; BlowInto001+40↑p
174B A4	59	      LDY     numDeckDroids
174D C0	01	      CPY     #1
174F D0	01	      BNE     _1
1751 60		      RTS
1752	      _1:				  ; RunDroids+4↑j
1752 A2	01	      LDX     #1
1754 A0	01	      LDY     #1
1756	      _2:				  ; RunDroids+88↓j
1756 86	10	      STX     currentIdx
1758 84	11	      STY     xfer_cpuSpriteX
175A BD	60 03	      LDA     droidEnergy,X
175D F0	71	      BEQ     _skip
175F BD	40 03	      LDA     droidType,X	  ; .65..... ->	jsr index
1762 4A		      LSR     A
1763 4A		      LSR     A
1764 4A		      LSR     A
1765 4A		      LSR     A
1766 29	06	      AND     #6		  ; 00,02,04,06
1768 A8		      TAY
1769 B9	F3 6B	      LDA     DroidModeJump,Y
176C 8D	77 17	      STA     _3+1
176F C8		      INY
1770 B9	F3 6B	      LDA     DroidModeJump,Y
1773 8D	78 17	      STA     _3+2
1776	      _3:				  ; RunDroids+21↑w
1776						  ; RunDroids+28↑w
1776 20	CA 18	      JSR     dMd0_droid
1779 A6	10	      LDX     currentIdx	  ; copy data if droid removed
177B A4	11	      LDY     xfer_cpuSpriteX
177D E4	11	      CPX     xfer_cpuSpriteX
177F F0	4E	      BEQ     _4
1781 BD	40 03	      LDA     droidType,X
1784 99	40 03	      STA     droidType,Y
1787 BD	50 03	      LDA     droidSprNum,X
178A 99	50 03	      STA     droidSprNum,Y
178D BD	60 03	      LDA     droidEnergy,X
1790 99	60 03	      STA     droidEnergy,Y
1793 BD	70 03	      LDA     droidSpdX,X
1796 99	70 03	      STA     droidSpdX,Y
1799 BD	80 03	      LDA     droidSpdY,X
179C 99	80 03	      STA     droidSpdY,Y
179F BD	90 03	      LDA     droidSpriteImage,X
17A2 99	90 03	      STA     droidSpriteImage,Y
17A5 BD	A0 03	      LDA     droidFireDelay,X
17A8 99	A0 03	      STA     droidFireDelay,Y
17AB BD	B0 03	      LDA     droidPosX_lo,X
17AE 99	B0 03	      STA     droidPosX_lo,Y
17B1 BD	C0 03	      LDA     droidPosX_hi,X
17B4 99	C0 03	      STA     droidPosX_hi,Y
17B7 BD	D0 03	      LDA     droidPosY_lo,X
17BA 99	D0 03	      STA     droidPosY_lo,Y
17BD BD	E0 03	      LDA     droidPosY_hi,X
17C0 99	E0 03	      STA     droidPosY_hi,Y
17C3 BD	F0 03	      LDA     droidState,X
17C6 99	F0 03	      STA     droidState,Y
17C9 BD	30 03	      LDA     droidShipIdx,X
17CC 99	30 03	      STA     droidShipIdx,Y
17CF	      _4:				  ; RunDroids+34↑j
17CF C8		      INY
17D0	      _skip:				  ; RunDroids+12↑j
17D0 E8		      INX
17D1 E4	59	      CPX     numDeckDroids
17D3 90	81	      BCC     _2
17D5 84	59	      STY     numDeckDroids
17D7 C0	01	      CPY     #1
17D9 F0	01	      BEQ     _6
17DB 60		      RTS
17DC	      _6:				  ; RunDroids+8E↑j
17DC 20	E5 27	      JSR     InitColors
17DF A9	FA	      LDA     #250
17E1 20	94 3E	      JSR     AddScore
17E4 A9	FA	      LDA     #250
17E6 20	94 3E	      JSR     AddScore
17E9 A9	17	      LDA     #$17
17EB 85	91	      STA     sndFx1
17ED A5	68	      LDA     shipNumDroids
17EF D0	02	      BNE     _7
17F1 E6	25	      INC     notInDeck
17F3	      _7:				  ; RunDroids+A4↑j
17F3 60		      RTS
17F3	      ;	End of function	RunDroids
17F4	      ;	---------------	S U B R	O U T I	N E ---------------------------------------
17F4	      dMd2_explosion:			  ; 6BF7↓o
17F4 20	87 19	      JSR     MoveDroid
17F7 BD	50 03	      LDA     droidSprNum,X
17FA F0	19	      BEQ     _1
17FC 85	04	      STA     SpriteNum
17FE 20	66 09	      JSR     RdSpriteState
1801 20	1E 32	      JSR     DroidNear
1804 90	0F	      BCC     _1		  ; no
1806 20	7E 32	      JSR     SetSpriteXY
1809 E6	0E	      INC     SpriteImage
180B A5	0E	      LDA     SpriteImage	  ; end1?
180D C9	39	      CMP     #$39
180F F0	04	      BEQ     _1
1811 C9	44	      CMP     #$44		  ; end2?
1813 D0	0E	      BNE     _2
1815	      _1:				  ; dMd2_explosion+6↑j
1815						  ; dMd2_explosion+10↑j
1815						  ; dMd2_explosion+1B↑j
1815 A6	10	      LDX     currentIdx
1817 A9	00	      LDA     #0
1819 9D	60 03	      STA     droidEnergy,X
181C 9D	50 03	      STA     droidSprNum,X
181F 20	95 32	      JSR     FreeSprite
1822 60		      RTS
1823	      _2:				  ; dMd2_explosion+1F↑j
1823 20	B7 09	      JSR     WrSpriteState
1826 BD	70 03	      LDA     droidSpdX,X	  ; ASR	- halve	droid speed
1829 2A		      ROL     A			  ; cmp	#$80;ror a;cmp #$ff;adc	#0
182A BD	70 03	      LDA     droidSpdX,X
182D 6A		      ROR     A
182E C9	FF	      CMP     #$FF
1830 D0	02	      BNE     _3
1832 A9	00	      LDA     #0
1834	      _3:				  ; dMd2_explosion+3C↑j
1834 9D	70 03	      STA     droidSpdX,X
1837 BD	80 03	      LDA     droidSpdY,X
183A 2A		      ROL     A
183B BD	80 03	      LDA     droidSpdY,X
183E 6A		      ROR     A
183F C9	FF	      CMP     #$FF
1841 D0	02	      BNE     _x
1843 A9	00	      LDA     #0
1845	      _x:				  ; dMd2_explosion+4D↑j
1845 9D	80 03	      STA     droidSpdY,X
1848 60		      RTS
1848	      ;	End of function	dMd2_explosion
1849	      ;	---------------	S U B R	O U T I	N E ---------------------------------------
1849	      dMd1_bullet:			  ; 6BF5↓o 6BF9↓o
1849 20	87 19	      JSR     MoveDroid
184C BD	50 03	      LDA     droidSprNum,X
184F F0	4B	      BEQ     _4
1851 85	04	      STA     SpriteNum
1853 20	66 09	      JSR     RdSpriteState
1856 20	1E 32	      JSR     DroidNear
1859 90	41	      BCC     _4		  ; no
185B 20	7E 32	      JSR     SetSpriteXY
185E A6	10	      LDX     currentIdx
1860 BD	40 03	      LDA     droidType,X
1863 C9	20	      CMP     #$20
1865 F0	1A	      BEQ     _2
1867 DE	40 03	      DEC     droidType,X
186A C9	21	      CMP     #$21
186C F0	06	      BEQ     _1
186E A9	00	      LDA     #0
1870 85	08	      STA     SpriteEna
1872 F0	36	      BEQ     _5
1874	      _1:				  ; dMd1_bullet+23↑j
1874 A9	FF	      LDA     #$FF
1876 85	08	      STA     SpriteEna
1878 BD	90 03	      LDA     droidSpriteImage,X
187B 85	0E	      STA     SpriteImage
187D A9	00	      LDA     #0
187F 85	0B	      STA     SpriteMC
1881	      _2:				  ; dMd1_bullet+1C↑j
1881 AD	1B D4	      LDA     byte_0_D41B	  ; flash
1884 29	07	      AND     #7
1886 A8		      TAY
1887 B9	51 6D	      LDA     LowNrgXferCol_t,Y
188A 85	0D	      STA     SpriteColor
188C A5	0E	      LDA     SpriteImage	  ; animate
188E 29	01	      AND     #1
1890 F0	05	      BEQ     _3
1892 E6	0E	      INC     SpriteImage
1894 4C	AA 18	      JMP     _5
1897	      _3:				  ; dMd1_bullet+47↑j
1897 C6	0E	      DEC     SpriteImage
1899 4C	AA 18	      JMP     _5
189C	      _4:				  ; dMd1_bullet+6↑j
189C						  ; dMd1_bullet+10↑j
189C A6	10	      LDX     currentIdx
189E A9	00	      LDA     #0
18A0 9D	60 03	      STA     droidEnergy,X
18A3 9D	50 03	      STA     droidSprNum,X
18A6 20	95 32	      JSR     FreeSprite
18A9 60		      RTS
18AA	      _5:				  ; dMd1_bullet+29↑j
18AA						  ; dMd1_bullet+4B↑j
18AA						  ; dMd1_bullet+50↑j
18AA 20	B7 09	      JSR     WrSpriteState
18AD 20	9A 29	      JSR     GetDroidCharPos
18B0 A0	00	      LDY     #0
18B2 B1	76	      LDA     (MapPos),Y
18B4 30	01	      BMI     _6		  ; wall
18B6 60		      RTS
18B7	      _6:				  ; dMd1_bullet+6B↑j
18B7 A6	10	      LDX     currentIdx
18B9 A9	40	      LDA     #$40
18BB 9D	40 03	      STA     droidType,X
18BE A9	F1	      LDA     #$F1
18C0 85	0D	      STA     SpriteColor
18C2 A9	32	      LDA     #$32		  ; explosion1
18C4 85	0E	      STA     SpriteImage
18C6 20	B7 09	      JSR     WrSpriteState
18C9 60		      RTS
18C9	      ;	End of function	dMd1_bullet
18CA	      ;	---------------	S U B R	O U T I	N E ---------------------------------------
18CA	      dMd0_droid:			  ; RunDroids+2B↑p
18CA						  ; 6BF3↓o
18CA 20	87 19	      JSR     MoveDroid
18CD 20	1E 32	      JSR     DroidNear
18D0 B0	15	      BCS     _near		  ; yes
18D2 BD	50 03	      LDA     droidSprNum,X
18D5 D0	03	      BNE     _free
18D7 4C	44 19	      JMP     _7
18DA	      _free:				  ; dMd0_droid+B↑j
18DA 85	04	      STA     SpriteNum
18DC A9	00	      LDA     #0
18DE 9D	50 03	      STA     droidSprNum,X
18E1 20	95 32	      JSR     FreeSprite
18E4 4C	44 19	      JMP     _7
18E7	      _near:				  ; dMd0_droid+6↑j
18E7 BD	50 03	      LDA     droidSprNum,X
18EA D0	3A	      BNE     _update
18EC 20	A8 32	      JSR     FindFreeSprite
18EF D0	09	      BNE     _new
18F1 A9	00	      LDA     #0		  ; kill droid if not possible to add
18F3 9D	60 03	      STA     droidEnergy,X
18F6 20	9D 1C	      JSR     RemoveShipDroid
18F9 60		      RTS
18FA	      _new:				  ; dMd0_droid+25↑j
18FA BD	40 03	      LDA     droidType,X
18FD 99	05 02	      STA     SprNumber,Y
1900 85	58	      STA     dType
1902 A9	FF	      LDA     #$FF
1904 85	08	      STA     SpriteEna
1906 A9	F0	      LDA     #$F0
1908 85	0D	      STA     SpriteColor
190A A9	00	      LDA     #0
190C 85	0B	      STA     SpriteMC
190E 85	0C	      STA     SpriteXExp
1910 85	09	      STA     SpriteYExp
1912 85	0A	      STA     SpritePri
1914 A5	04	      LDA     SpriteNum
1916 9D	50 03	      STA     droidSprNum,X
1919 18		      CLC
191A 69	48	      ADC     #$48
191C 85	0E	      STA     SpriteImage
191E 20	77 3C	      JSR     BuildDroidSprite
1921 A6	10	      LDX     currentIdx
1923 4C	2B 19	      JMP     _5
1926	      _update:				  ; dMd0_droid+20↑j
1926 85	04	      STA     SpriteNum
1928 20	66 09	      JSR     RdSpriteState
192B	      _5:				  ; dMd0_droid+59↑j
192B 20	7E 32	      JSR     SetSpriteXY
192E 20	9A 29	      JSR     GetDroidCharPos
1931 20	AE 24	      JSR     LineOfVisibility	  ; enable sprite if Fc=0
1934 A9	00	      LDA     #0
1936 E9	00	      SBC     #0
1938 85	08	      STA     SpriteEna
193A F0	03	      BEQ     _hidden
193C 20	50 34	      JSR     DoEnemyFire
193F	      _hidden:				  ; dMd0_droid+70↑j
193F A6	10	      LDX     currentIdx
1941 20	B7 09	      JSR     WrSpriteState
1944	      _7:				  ; dMd0_droid+D↑j
1944						  ; dMd0_droid+1A↑j
1944 20	9A 29	      JSR     GetDroidCharPos	  ; (12) = (76)	= charpos
1947 BD	F0 03	      LDA     droidState,X
194A F0	06	      BEQ     _waypoint
194C DE	F0 03	      DEC     droidState,X
194F 4C	74 19	      JMP     _9
1952	      _waypoint:			  ; dMd0_droid+80↑j
1952 BD	B0 03	      LDA     droidPosX_lo,X	  ; !! rewrite this
1955 1D	D0 03	      ORA     droidPosY_lo,X
1958 29	1F	      AND     #$1F
195A C9	10	      CMP     #$10
195C D0	16	      BNE     _9		  ; not	centered on tile
195E 20	0D 17	      JSR     FindWaypoint	  ; are	we on waypoint?
1961 90	11	      BCC     _9		  ; no
1963 BC	40 03	      LDY     droidType,X
1966 B9	40 EA	      LDA     DSpeed_t,Y
1969 85	6F	      STA     DroidSpd
196B 49	FF	      EOR     #$FF
196D 69	00	      ADC     #0
196F 85	6D	      STA     DroidSpdNeg
1971 20	AD 1C	      JSR     GetNewDir
1974	      _9:				  ; dMd0_droid+85↑j
1974						  ; dMd0_droid+92↑j
1974						  ; dMd0_droid+97↑j
1974 20	30 1D	      JSR     CheckDroidAdvance
1977 20	0D 1D	      JSR     AdvanceMapPos
197A 20	30 1D	      JSR     CheckDroidAdvance
197D 20	0D 1D	      JSR     AdvanceMapPos
1980 20	30 1D	      JSR     CheckDroidAdvance
1983 20	45 1D	      JSR     Regenerate
1986 60		      RTS
1986	      ;	End of function	dMd0_droid
1987	      ;	---------------	S U B R	O U T I	N E ---------------------------------------
1987	      MoveDroid:			  ; dMd2_explosion↑p
1987						  ; dMd1_bullet↑p dMd0_droid↑p
1987 18		      CLC
1988 BD	F0 03	      LDA     droidState,X
198B F0	04	      BEQ     _1
198D A9	00	      LDA     #0
198F F0	05	      BEQ     _2
1991	      _1:				  ; MoveDroid+4↑j
1991 BD	70 03	      LDA     droidSpdX,X
1994 30	10	      BMI     _3
1996	      _2:				  ; MoveDroid+8↑j
1996 7D	B0 03	      ADC     droidPosX_lo,X
1999 9D	B0 03	      STA     droidPosX_lo,X
199C 85	41	      STA     dPosX
199E BD	C0 03	      LDA     droidPosX_hi,X
19A1 69	00	      ADC     #0
19A3 4C	B3 19	      JMP     _4
19A6	      _3:				  ; MoveDroid+D↑j
19A6 7D	B0 03	      ADC     droidPosX_lo,X
19A9 9D	B0 03	      STA     droidPosX_lo,X
19AC 85	41	      STA     dPosX
19AE BD	C0 03	      LDA     droidPosX_hi,X
19B1 69	FF	      ADC     #-1
19B3	      _4:				  ; MoveDroid+1C↑j
19B3 9D	C0 03	      STA     droidPosX_hi,X
19B6 85	42	      STA     dPosX+1
19B8 18		      CLC
19B9 BD	F0 03	      LDA     droidState,X
19BC F0	04	      BEQ     _5
19BE A9	00	      LDA     #0
19C0 F0	05	      BEQ     _6
19C2	      _5:				  ; MoveDroid+35↑j
19C2 BD	80 03	      LDA     droidSpdY,X
19C5 30	10	      BMI     _7
19C7	      _6:				  ; MoveDroid+39↑j
19C7 7D	D0 03	      ADC     droidPosY_lo,X
19CA 9D	D0 03	      STA     droidPosY_lo,X
19CD 85	43	      STA     dPosY
19CF BD	E0 03	      LDA     droidPosY_hi,X
19D2 69	00	      ADC     #0
19D4 4C	E4 19	      JMP     _8
19D7	      _7:				  ; MoveDroid+3E↑j
19D7 7D	D0 03	      ADC     droidPosY_lo,X
19DA 9D	D0 03	      STA     droidPosY_lo,X
19DD 85	43	      STA     dPosY
19DF BD	E0 03	      LDA     droidPosY_hi,X
19E2 69	FF	      ADC     #-1
19E4	      _8:				  ; MoveDroid+4D↑j
19E4 9D	E0 03	      STA     droidPosY_hi,X
19E7 85	44	      STA     dPosY+1
19E9 60		      RTS
19E9	      ;	End of function	MoveDroid
19EA	      ;	---------------	S U B R	O U T I	N E ---------------------------------------
19EA	      DoCollision:			  ; GameLoop+12↑p
19EA A5	4F	      LDA     SprSprCollision
19EC F0	50	      BEQ     _x_none
19EE A0	08	      LDY     #8
19F0 84	04	      STY     SpriteNum
19F2	      _1:				  ; DoCollision+B↓j
19F2 0A		      ASL     A
19F3 C6	04	      DEC     SpriteNum
19F5 90	FB	      BCC     _1
19F7 A4	04	      LDY     SpriteNum
19F9 C0	07	      CPY     #7
19FB F0	46	      BEQ     _player		  ; player collision
19FD 84	10	      STY     currentIdx	  ; first collision sprite
19FF C9	00	      CMP     #0
1A01 F0	3B	      BEQ     _x_none		  ; no collision
1A03	      _2:				  ; DoCollision+21↓j
1A03 18		      CLC
1A04	      _3:				  ; DoCollision+1D↓j
1A04 0A		      ASL     A
1A05 C6	04	      DEC     SpriteNum
1A07 90	FB	      BCC     _3
1A09 C9	00	      CMP     #0		  ; multiple collisions? take lowest one
1A0B D0	F6	      BNE     _2
1A0D 85	79	      STA     byte_0_79
1A0F A6	10	      LDX     currentIdx	  ; first droid/bullet/explosion
1A11 BD	05 02	      LDA     SprNumber,X
1A14 F0	28	      BEQ     _x_none		  ;  no	collision
1A16 4A		      LSR     A
1A17 4A		      LSR     A
1A18 4A		      LSR     A
1A19 4A		      LSR     A
1A1A 4A		      LSR     A
1A1B 85	69	      STA     collision1mode	  ; mode
1A1D A6	04	      LDX     SpriteNum		  ; second droid/bullet/explosion
1A1F BD	05 02	      LDA     SprNumber,X
1A22 F0	1A	      BEQ     _x_none
1A24 4A		      LSR     A
1A25 4A		      LSR     A
1A26 4A		      LSR     A
1A27 4A		      LSR     A
1A28 4A		      LSR     A
1A29 85	6A	      STA     collision2mode	  ; mode
1A2B A5	04	      LDA     SpriteNum		  ; swap variables
1A2D A6	10	      LDX     currentIdx
1A2F 86	04	      STX     SpriteNum
1A31 85	10	      STA     currentIdx
1A33 A5	69	      LDA     collision1mode
1A35 A6	6A	      LDX     collision2mode
1A37 86	69	      STX     collision1mode
1A39 85	6A	      STA     collision2mode
1A3B 4C	51 1B	      JMP     DoCollision2
1A3E	      _x_none:				  ; DoCollision+2↑j
1A3E						  ; DoCollision+17↑j
1A3E						  ; DoCollision+2A↑j
1A3E						  ; DoCollision+38↑j
1A3E						  ; DoCollision+5B↓j
1A3E						  ; DoCollision+64↓j
1A3E						  ; DoCollision+78↓j
1A3E A9	00	      LDA     #0
1A40 85	6C	      STA     byte_0_6C
1A42 60		      RTS
1A43	      _player:				  ; DoCollision+11↑j
1A43 C9	00	      CMP     #0
1A45 F0	F7	      BEQ     _x_none
1A47	      _5:				  ; DoCollision+60↓j
1A47 0A		      ASL     A
1A48 C6	04	      DEC     SpriteNum
1A4A 90	FB	      BCC     _5
1A4C C9	00	      CMP     #0		  ; multiple collisions? ignore
1A4E D0	EE	      BNE     _x_none
1A50 20	8D 1C	      JSR     GetDroidBySprNum
1A53 A4	04	      LDY     SpriteNum
1A55 B9	05 02	      LDA     SprNumber,Y
1A58 85	6A	      STA     collision2mode
1A5A C9	20	      CMP     #$20
1A5C 90	0C	      BCC     _ply_droid	  ; droid
1A5E C9	40	      CMP     #$40
1A60 F0	05	      BEQ     _6		  ; explosion
1A62 B0	DA	      BCS     _x_none
1A64 4C	F1 1A	      JMP     _ply_bullet
1A67	      _6:				  ; DoCollision+76↑j
1A67 4C	1A 1B	      JMP     _ply_xplosion
1A6A	      ;	do bump
1A6A	      _ply_droid:			  ; DoCollision+72↑j
1A6A A4	3A	      LDY     moveMode
1A6C D0	05	      BNE     _8
1A6E A4	20	      LDY     tmp2
1A70 84	6B	      STY     xferDroid
1A72 60		      RTS
1A73	      _8:				  ; DoCollision+82↑j
1A73 A5	6A	      LDA     collision2mode
1A75 49	FF	      EOR     #$FF
1A77 C5	6C	      CMP     byte_0_6C
1A79 F0	75	      BEQ     _x
1A7B A9	1A	      LDA     #$1A
1A7D 85	91	      STA     sndFx1
1A7F 20	39 1C	      JSR     PauseDroidFor16
1A82 20	5F 1C	      JSR     ReverseDroidDir
1A85 A5	2B	      LDA     ySpd+1		  ; neg, min 1
1A87 49	FF	      EOR     #$FF
1A89 18		      CLC
1A8A 69	01	      ADC     #1
1A8C D0	02	      BNE     _9
1A8E A9	01	      LDA     #1
1A90	      _9:				  ; DoCollision+A2↑j
1A90 0A		      ASL     A
1A91 85	2B	      STA     ySpd+1
1A93 A5	29	      LDA     xSpd+1		  ; neg, min 1
1A95 49	FF	      EOR     #$FF
1A97 18		      CLC
1A98 69	01	      ADC     #1
1A9A D0	02	      BNE     _10
1A9C A9	01	      LDA     #1
1A9E	      _10:				  ; DoCollision+B0↑j
1A9E 0A		      ASL     A
1A9F 85	29	      STA     xSpd+1
1AA1 A6	20	      LDX     tmp2		  ; do damage
1AA3 AD	40 03	      LDA     droidType
1AA6 18		      CLC
1AA7 69	02	      ADC     #2
1AA9 38		      SEC
1AAA FD	40 03	      SBC     droidType,X
1AAD 10	16	      BPL     _dmg_enemy
1AAF 49	FF	      EOR     #$FF
1AB1 4A		      LSR     A
1AB2 85	78	      STA     xfer_plySpriteX
1AB4 AD	60 03	      LDA     droidEnergy
1AB7 38		      SEC
1AB8 E5	78	      SBC     xfer_plySpriteX
1ABA 8D	60 03	      STA     droidEnergy
1ABD 10	31	      BPL     _x
1ABF A9	00	      LDA     #0
1AC1 8D	60 03	      STA     droidEnergy
1AC4 60		      RTS
1AC5	      _dmg_enemy:			  ; DoCollision+C3↑j
1AC5 0A		      ASL     A
1AC6 85	78	      STA     xfer_plySpriteX
1AC8 BD	60 03	      LDA     droidEnergy,X
1ACB 38		      SEC
1ACC E5	78	      SBC     xfer_plySpriteX
1ACE 9D	60 03	      STA     droidEnergy,X
1AD1 F0	02	      BEQ     _12
1AD3 10	1B	      BPL     _x
1AD5	      _12:				  ; DoCollision+E7↑j
1AD5 A5	64	      LDA     Alert
1AD7 18		      CLC
1AD8 7D	40 03	      ADC     droidType,X
1ADB 90	02	      BCC     _13
1ADD A9	FF	      LDA     #255
1ADF	      _13:				  ; DoCollision+F1↑j
1ADF 85	64	      STA     Alert
1AE1 BC	40 03	      LDY     droidType,X
1AE4 BE	00 EA	      LDX     DCent_t,Y
1AE7 BD	F6 6D	      LDA     BumpScore,X
1AEA 20	94 3E	      JSR     AddScore
1AED 4C	CA 1B	      JMP     ExplodeSprite
1AF0	      _x:				  ; DoCollision+8F↑j
1AF0						  ; DoCollision+D3↑j
1AF0						  ; DoCollision+E9↑j
1AF0 60		      RTS
1AF1	      _ply_bullet:			  ; DoCollision+7A↑j
1AF1 A5	04	      LDA     SpriteNum
1AF3 D0	01	      BNE     _16
1AF5 60		      RTS
1AF6	      _16:				  ; DoCollision+109↑j
1AF6 A6	20	      LDX     tmp2
1AF8 BD	90 03	      LDA     droidSpriteImage,X  ; !! bug! type1/type2	damage reversed
1AFB 38		      SEC
1AFC E9	91	      SBC     #$91		  ; [0,15]
1AFE 29	08	      AND     #8
1B00 18		      CLC
1B01 69	08	      ADC     #8		  ; {8,16}
1B03 85	78	      STA     xfer_plySpriteX
1B05 AD	60 03	      LDA     droidEnergy
1B08 38		      SEC
1B09 E5	78	      SBC     xfer_plySpriteX
1B0B B0	02	      BCS     _17
1B0D A9	00	      LDA     #0
1B0F	      _17:				  ; DoCollision+121↑j
1B0F 8D	60 03	      STA     droidEnergy
1B12 20	82 1C	      JSR     FreeSpriteTmp2
1B15 A9	19	      LDA     #$19
1B17 85	91	      STA     sndFx1
1B19 60		      RTS
1B1A	      _ply_xplosion:			  ; DoCollision+7D↑j
1B1A AD	60 03	      LDA     droidEnergy
1B1D 38		      SEC
1B1E E5	67	      SBC     shipLevel
1B20 B0	02	      BCS     _19
1B22 A9	00	      LDA     #0
1B24	      _19:				  ; DoCollision+136↑j
1B24 8D	60 03	      STA     droidEnergy
1B27 A9	19	      LDA     #$19
1B29 85	91	      STA     sndFx1
1B2B 60		      RTS
1B2B	      ;	End of function	DoCollision
1B2C	      ;	---------------	S U B R	O U T I	N E ---------------------------------------
1B2C	      GetCollisionType:			  ; DoCollision2↓p
1B2C						  ; DoCollision2+2B↓p
1B2C 20	8D 1C	      JSR     GetDroidBySprNum
1B2F A5	6A	      LDA     collision2mode
1B31 0A		      ASL     A
1B32 0A		      ASL     A
1B33 0A		      ASL     A
1B34 18		      CLC
1B35 65	69	      ADC     collision1mode
1B37 AA		      TAX
1B38 BD	6D 6D	      LDA     CollisionType,X
1B3B 60		      RTS
1B3B	      ;	End of function	GetCollisionType
1B3C	      ;	---------------	S U B R	O U T I	N E ---------------------------------------
1B3C	      FreePlyBullet:			  ; DoCollision2+29↓j
1B3C A5	79	      LDA     byte_0_79
1B3E F0	03	      BEQ     _1
1B40 20	94 3E	      JSR     AddScore
1B43	      _1:				  ; FreePlyBullet+2↑j
1B43 AD	15 D0	      LDA     byte_0_D014+1
1B46 29	FE	      AND     #$FE
1B48 8D	15 D0	      STA     byte_0_D014+1
1B4B A9	00	      LDA     #0
1B4D 8D	0D 02	      STA     SprImage_t
1B50 60		      RTS
1B50	      ;	End of function	FreePlyBullet
1B51	      ;	---------------	S U B R	O U T I	N E ---------------------------------------
1B51	      DoCollision2:			  ; DoCollision+51↑j
1B51 20	2C 1B	      JSR     GetCollisionType
1B54 30	12	      BMI     _1		  ; 80 - nop
1B56 0A		      ASL     A
1B57 30	3B	      BMI     _40_1		  ; 40 - explode tmp2
1B59 0A		      ASL     A
1B5A 30	3E	      BMI     _20_1		  ; 20 - friendly fire
1B5C 0A		      ASL     A
1B5D 30	41	      BMI     _10_1		  ; 10 - free tmp2
1B5F 0A		      ASL     A
1B60 30	44	      BMI     _08_1		  ; 08 - reverse dir
1B62 0A		      ASL     A
1B63 30	47	      BMI     _04_1		  ; 04 - ply fire
1B65 0A		      ASL     A
1B66 30	4A	      BMI     _02_1		  ; 02
1B68	      _1:				  ; DoCollision2+3↑j
1B68						  ; DoCollision2+46↓j
1B68						  ; DoCollision2+4C↓j
1B68						  ; DoCollision2+52↓j
1B68						  ; DoCollision2+58↓j
1B68						  ; DoCollision2+5E↓j
1B68						  ; DoCollision2+61↓j
1B68 A5	10	      LDA     currentIdx	  ; swap collision sprites
1B6A A6	04	      LDX     SpriteNum
1B6C 86	10	      STX     currentIdx
1B6E 85	04	      STA     SpriteNum
1B70 A5	69	      LDA     collision1mode
1B72 A6	6A	      LDX     collision2mode
1B74 86	69	      STX     collision1mode
1B76 85	6A	      STA     collision2mode
1B78 A5	04	      LDA     SpriteNum
1B7A F0	C0	      BEQ     FreePlyBullet
1B7C 20	2C 1B	      JSR     GetCollisionType
1B7F 30	12	      BMI     _x		  ; 80 - nop
1B81 0A		      ASL     A
1B82 30	31	      BMI     _40_2		  ; explode tmp2
1B84 0A		      ASL     A
1B85 30	32	      BMI     _20_2		  ; enemy fire enemy
1B87 0A		      ASL     A
1B88 30	33	      BMI     _10_2		  ; free sprite
1B8A 0A		      ASL     A
1B8B 30	34	      BMI     _08_2		  ; pause droid
1B8D 0A		      ASL     A
1B8E 30	35	      BMI     _04_2		  ; ply	fire enemy
1B90 0A		      ASL     A
1B91 30	36	      BMI     _x_2
1B93	      _x:				  ; DoCollision2+2E↑j
1B93 60		      RTS
1B94	      _40_1:				  ; DoCollision2+6↑j
1B94 20	CA 1B	      JSR     ExplodeSprite
1B97 4C	68 1B	      JMP     _1
1B9A	      _20_1:				  ; DoCollision2+9↑j
1B9A 20	F6 1B	      JSR     EnemyFireEnemy
1B9D 4C	68 1B	      JMP     _1
1BA0	      _10_1:				  ; DoCollision2+C↑j
1BA0 20	82 1C	      JSR     FreeSpriteTmp2
1BA3 4C	68 1B	      JMP     _1
1BA6	      _08_1:				  ; DoCollision2+F↑j
1BA6 20	5F 1C	      JSR     ReverseDroidDir
1BA9 4C	68 1B	      JMP     _1
1BAC	      _04_1:				  ; DoCollision2+12↑j
1BAC 20	0F 1C	      JSR     PlyFireEnemy
1BAF 4C	68 1B	      JMP     _1
1BB2	      _02_1:				  ; DoCollision2+15↑j
1BB2 4C	68 1B	      JMP     _1
1BB5	      _40_2:				  ; DoCollision2+31↑j
1BB5 20	CA 1B	      JSR     ExplodeSprite
1BB8 60		      RTS
1BB9	      _20_2:				  ; DoCollision2+34↑j
1BB9 20	F6 1B	      JSR     EnemyFireEnemy
1BBC 60		      RTS
1BBD	      _10_2:				  ; DoCollision2+37↑j
1BBD 20	82 1C	      JSR     FreeSpriteTmp2
1BC0 60		      RTS
1BC1	      _08_2:				  ; DoCollision2+3A↑j
1BC1 20	39 1C	      JSR     PauseDroidFor16
1BC4 60		      RTS
1BC5	      _04_2:				  ; DoCollision2+3D↑j
1BC5 20	0F 1C	      JSR     PlyFireEnemy
1BC8 60		      RTS
1BC9	      _x_2:				  ; DoCollision2+40↑j
1BC9 60		      RTS
1BC9	      ;	End of function	DoCollision2
1BCA	      ;	---------------	S U B R	O U T I	N E ---------------------------------------
1BCA	      ExplodeSprite:			  ; DoCollision+103↑j
1BCA						  ; DoCollision2+43↑p
1BCA						  ; DoCollision2+64↑p
1BCA						  ; KillDroid+1B↓j
1BCA A6	20	      LDX     tmp2
1BCC BD	40 03	      LDA     droidType,X
1BCF C9	20	      CMP     #$20
1BD1 B0	03	      BCS     _1		  ; not	droid
1BD3 20	9D 1C	      JSR     RemoveShipDroid
1BD6	      _1:				  ; ExplodeSprite+7↑j
1BD6 A9	40	      LDA     #$40
1BD8 9D	40 03	      STA     droidType,X
1BDB 9D	60 03	      STA     droidEnergy,X
1BDE A4	04	      LDY     SpriteNum
1BE0 99	05 02	      STA     SprNumber,Y
1BE3 20	66 09	      JSR     RdSpriteState
1BE6 A9	FF	      LDA     #$FF
1BE8 85	0B	      STA     SpriteMC
1BEA A9	F7	      LDA     #$F7
1BEC 85	0D	      STA     SpriteColor
1BEE A9	39	      LDA     #$39		  ; explosion2
1BF0 85	0E	      STA     SpriteImage
1BF2 20	B7 09	      JSR     WrSpriteState
1BF5 60		      RTS
1BF5	      ;	End of function	ExplodeSprite
1BF6	      ;	---------------	S U B R	O U T I	N E ---------------------------------------
1BF6	      EnemyFireEnemy:			  ; DoCollision2+49↑p
1BF6						  ; DoCollision2+68↑p
1BF6 A6	20	      LDX     tmp2
1BF8 A9	28	      LDA     #40
1BFA 38		      SEC
1BFB FD	40 03	      SBC     droidType,X
1BFE 0A		      ASL     A
1BFF 85	78	      STA     xfer_plySpriteX	  ; (40-type)*2
1C01 BD	60 03	      LDA     droidEnergy,X
1C04 38		      SEC
1C05 E5	78	      SBC     xfer_plySpriteX
1C07 F0	38	      BEQ     KillDroid
1C09 30	36	      BMI     KillDroid
1C0B 9D	60 03	      STA     droidEnergy,X
1C0E 60		      RTS
1C0E	      ;	End of function	EnemyFireEnemy
1C0F	      ;	---------------	S U B R	O U T I	N E ---------------------------------------
1C0F	      PlyFireEnemy:			  ; DoCollision2+5B↑p
1C0F						  ; DoCollision2+74↑p
1C0F A6	20	      LDX     tmp2
1C11 A5	54	      LDA     weaponType
1C13 18		      CLC
1C14 69	02	      ADC     #2
1C16 0A		      ASL     A
1C17 0A		      ASL     A
1C18 69	08	      ADC     #8		  ; (weapon+2)*4+8 = 4*wpn+16
1C1A 38		      SEC
1C1B FD	40 03	      SBC     droidType,X
1C1E 30	18	      BMI     _x
1C20 0A		      ASL     A
1C21 0A		      ASL     A
1C22 18		      CLC
1C23 69	10	      ADC     #$10
1C25 85	78	      STA     xfer_plySpriteX
1C27 BD	60 03	      LDA     droidEnergy,X
1C2A 38		      SEC
1C2B E5	78	      SBC     xfer_plySpriteX
1C2D F0	12	      BEQ     KillDroid
1C2F 30	10	      BMI     KillDroid
1C31 9D	60 03	      STA     droidEnergy,X
1C34 A9	11	      LDA     #$11
1C36 85	92	      STA     SndFx2
1C38	      _x:				  ; PlyFireEnemy+F↑j
1C38 60		      RTS
1C38	      ;	End of function	PlyFireEnemy
1C39	      ;	---------------	S U B R	O U T I	N E ---------------------------------------
1C39	      PauseDroidFor16:			  ; DoCollision+95↑p
1C39						  ; DoCollision2+70↑p
1C39 A6	20	      LDX     tmp2
1C3B A9	10	      LDA     #16
1C3D 9D	F0 03	      STA     droidState,X
1C40 60		      RTS
1C40	      ;	End of function	PauseDroidFor16
1C41	      ;	---------------	S U B R	O U T I	N E ---------------------------------------
1C41	      KillDroid:			  ; EnemyFireEnemy+11↑j
1C41						  ; EnemyFireEnemy+13↑j
1C41						  ; PlyFireEnemy+1E↑j
1C41						  ; PlyFireEnemy+20↑j
1C41 A5	64	      LDA     Alert
1C43 18		      CLC
1C44 7D	40 03	      ADC     droidType,X
1C47 90	02	      BCC     _1
1C49 A9	FF	      LDA     #$FF
1C4B	      _1:				  ; KillDroid+6↑j
1C4B 85	64	      STA     Alert
1C4D BC	40 03	      LDY     droidType,X
1C50 BE	00 EA	      LDX     DCent_t,Y
1C53 BD	EC 6D	      LDA     ShootScore,X
1C56 85	79	      STA     byte_0_79
1C58 A9	12	      LDA     #$12
1C5A 85	92	      STA     SndFx2
1C5C 4C	CA 1B	      JMP     ExplodeSprite
1C5C	      ;	End of function	KillDroid
1C5F	      ;	---------------	S U B R	O U T I	N E ---------------------------------------
1C5F	      ReverseDroidDir:			  ; DoCollision+98↑p
1C5F						  ; DoCollision2+55↑p
1C5F A5	6A	      LDA     collision2mode
1C61 49	FF	      EOR     #$FF
1C63 C5	6C	      CMP     byte_0_6C
1C65 F0	1A	      BEQ     _1
1C67 85	6C	      STA     byte_0_6C
1C69 A6	20	      LDX     tmp2
1C6B BD	70 03	      LDA     droidSpdX,X
1C6E 49	FF	      EOR     #$FF
1C70 18		      CLC
1C71 69	01	      ADC     #1
1C73 9D	70 03	      STA     droidSpdX,X
1C76 BD	80 03	      LDA     droidSpdY,X
1C79 49	FF	      EOR     #$FF
1C7B 18		      CLC
1C7C 69	01	      ADC     #1
1C7E 9D	80 03	      STA     droidSpdY,X
1C81	      _1:				  ; ReverseDroidDir+6↑j
1C81 60		      RTS
1C81	      ;	End of function	ReverseDroidDir
1C82	      ;	---------------	S U B R	O U T I	N E ---------------------------------------
1C82	      FreeSpriteTmp2:			  ; DoCollision+128↑p
1C82						  ; DoCollision2+4F↑p
1C82						  ; DoCollision2+6C↑p
1C82 A6	20	      LDX     tmp2
1C84 A9	00	      LDA     #0
1C86 9D	60 03	      STA     droidEnergy,X
1C89 20	95 32	      JSR     FreeSprite
1C8C 60		      RTS
1C8C	      ;	End of function	FreeSpriteTmp2
1C8D	      ;	---------------	S U B R	O U T I	N E ---------------------------------------
1C8D	      GetDroidBySprNum:			  ; DoCollision+66↑p
1C8D						  ; GetCollisionType↑p
1C8D A5	04	      LDA     SpriteNum
1C8F A6	59	      LDX     numDeckDroids
1C91 CA		      DEX
1C92	      _1:				  ; GetDroidBySprNum+B↓j
1C92 DD	50 03	      CMP     droidSprNum,X
1C95 F0	03	      BEQ     _2
1C97 CA		      DEX
1C98 D0	F8	      BNE     _1
1C9A	      _2:				  ; GetDroidBySprNum+8↑j
1C9A 86	20	      STX     tmp2
1C9C 60		      RTS
1C9C	      ;	End of function	GetDroidBySprNum
1C9D	      ;	---------------	S U B R	O U T I	N E ---------------------------------------
1C9D	      RemoveShipDroid:			  ; dMd0_droid+2C↑p
1C9D						  ; ExplodeSprite+9↑p
1C9D						  ; FinishTransfer2+39↓p
1C9D						  ; Disruptor+A4↓p
1C9D BC	30 03	      LDY     droidShipIdx,X
1CA0 B9	00 04	      LDA     shipDroids,Y
1CA3 F0	07	      BEQ     _1
1CA5 A9	00	      LDA     #0
1CA7 99	00 04	      STA     shipDroids,Y
1CAA C6	68	      DEC     shipNumDroids
1CAC	      _1:				  ; RemoveShipDroid+6↑j
1CAC 60		      RTS
1CAC	      ;	End of function	RemoveShipDroid
1CAD	      ;	---------------	S U B R	O U T I	N E ---------------------------------------
1CAD	      GetNewDir:			  ; dMd0_droid+A7↑p
1CAD A0	02	      LDY     #2
1CAF B1	1A	      LDA     (src),Y		  ; waypoint directions
1CB1 84	0F	      STY     tmp1
1CB3 A0	08	      LDY     #8		  ; get	first three possible directions
1CB5	      _1:				  ; GetNewDir+C↓j GetNewDir+26↓j
1CB5 0A		      ASL     A
1CB6 88		      DEY
1CB7 30	1D	      BMI     _3
1CB9 90	FA	      BCC     _1
1CBB 48		      PHA
1CBC BE	8F 6D	      LDX     dirXdelta,Y	  ; -,0,+,+,+,0,-,-
1CBF B5	6D	      LDA     DroidSpdNeg,X	  ; -,0,+
1CC1 A6	0F	      LDX     tmp1
1CC3 30	0D	      BMI     _2
1CC5 95	70	      STA     DeltaX_t,X
1CC7 BE	8D 6D	      LDX     dirYdelta,Y	  ; -,-,-,0,+,+,+,0
1CCA B5	6D	      LDA     DroidSpdNeg,X
1CCC A6	0F	      LDX     tmp1
1CCE 95	73	      STA     DeltaY_t,X
1CD0 C6	0F	      DEC     tmp1
1CD2	      _2:				  ; GetNewDir+16↑j
1CD2 68		      PLA
1CD3 4C	B5 1C	      JMP     _1
1CD6	      _3:				  ; GetNewDir+A↑j GetNewDir+35↓j
1CD6 A6	0F	      LDX     tmp1		  ; fill remaining slots with zero
1CD8 30	0A	      BMI     _4
1CDA A9	00	      LDA     #0
1CDC 95	70	      STA     DeltaX_t,X
1CDE 95	73	      STA     DeltaY_t,X
1CE0 C6	0F	      DEC     tmp1
1CE2 10	F2	      BPL     _3
1CE4	      _4:				  ; GetNewDir+2B↑j
1CE4 A0	00	      LDY     #0		  ; 1/3	random
1CE6 AD	1B D4	      LDA     byte_0_D41B
1CE9 C9	AA	      CMP     #$AA
1CEB B0	06	      BCS     _5
1CED C8		      INY
1CEE C9	55	      CMP     #$55
1CF0 B0	01	      BCS     _5
1CF2 C8		      INY
1CF3	      _5:				  ; GetNewDir+3E↑j
1CF3						  ; GetNewDir+43↑j
1CF3 B9	70 00	      LDA     DeltaX_t,Y
1CF6 A6	10	      LDX     currentIdx
1CF8 9D	70 03	      STA     droidSpdX,X
1CFB B9	73 00	      LDA     DeltaY_t,Y
1CFE 9D	80 03	      STA     droidSpdY,X
1D01 1D	70 03	      ORA     droidSpdX,X
1D04 D0	05	      BNE     _6
1D06 A9	08	      LDA     #8		  ; idling
1D08 9D	F0 03	      STA     droidState,X
1D0B	      _6:				  ; GetNewDir+57↑j
1D0B 60		      RTS
1D0B	      ;	End of function	GetNewDir
1D0C 60		      .BYTE  $60 ; `
1D0D	      ;	---------------	S U B R	O U T I	N E ---------------------------------------
1D0D	      AdvanceMapPos:			  ; dMd0_droid+AD↑p
1D0D						  ; dMd0_droid+B3↑p
1D0D A4	76	      LDY     MapPos
1D0F BD	70 03	      LDA     droidSpdX,X
1D12 F0	07	      BEQ     _2
1D14 30	04	      BMI     _1
1D16 C8		      INY
1D17 4C	1B 1D	      JMP     _2
1D1A	      _1:				  ; AdvanceMapPos+7↑j
1D1A 88		      DEY
1D1B	      _2:				  ; AdvanceMapPos+5↑j
1D1B						  ; AdvanceMapPos+A↑j
1D1B 84	76	      STY     MapPos
1D1D A4	77	      LDY     MapPos+1
1D1F BD	80 03	      LDA     droidSpdY,X
1D22 F0	07	      BEQ     _4
1D24 30	04	      BMI     _3
1D26 C8		      INY
1D27 4C	2B 1D	      JMP     _4
1D2A	      _3:				  ; AdvanceMapPos+17↑j
1D2A 88		      DEY
1D2B	      _4:				  ; AdvanceMapPos+15↑j
1D2B						  ; AdvanceMapPos+1A↑j
1D2B 84	77	      STY     MapPos+1
1D2D A0	00	      LDY     #0
1D2F 60		      RTS
1D2F	      ;	End of function	AdvanceMapPos
1D30	      ;	---------------	S U B R	O U T I	N E ---------------------------------------
1D30	      CheckDroidAdvance:		  ; dMd0_droid+AA↑p
1D30						  ; dMd0_droid+B0↑p
1D30						  ; dMd0_droid+B6↑p
1D30 A0	00	      LDY     #0
1D32 B1	76	      LDA     (MapPos),Y
1D34 30	05	      BMI     _1		  ; wall
1D36 C9	20	      CMP     #$20
1D38 F0	07	      BEQ     _2		  ; door
1D3A 60		      RTS
1D3B	      _1:				  ; CheckDroidAdvance+4↑j
1D3B A9	02	      LDA     #2		  ; stop for a while ?
1D3D 9D	F0 03	      STA     droidState,X
1D40 60		      RTS
1D41	      _2:				  ; CheckDroidAdvance+8↑j
1D41 20	6D 2A	      JSR     OpenDoor
1D44 60		      RTS
1D44	      ;	End of function	CheckDroidAdvance
1D45	      ;	---------------	S U B R	O U T I	N E ---------------------------------------
1D45	      Regenerate:			  ; dMd0_droid+B9↑p
1D45 A6	10	      LDX     currentIdx
1D47 BD	A0 03	      LDA     droidFireDelay,X
1D4A F0	03	      BEQ     _1
1D4C DE	A0 03	      DEC     droidFireDelay,X
1D4F	      _1:				  ; Regenerate+5↑j
1D4F A5	4A	      LDA     frameCount
1D51 29	03	      AND     #3
1D53 D0	11	      BNE     _x
1D55 BD	40 03	      LDA     droidType,X
1D58 C9	17	      CMP     #23		  ; 999?
1D5A F0	0B	      BEQ     _3
1D5C BD	60 03	      LDA     droidEnergy,X
1D5F C9	40	      CMP     #$40
1D61 B0	03	      BCS     _x
1D63 FE	60 03	      INC     droidEnergy,X
1D66	      _x:				  ; Regenerate+E↑j
1D66						  ; Regenerate+1C↑j
1D66 60		      RTS
1D67	      _3:				  ; Regenerate+15↑j
1D67 BD	60 03	      LDA     droidEnergy,X
1D6A 0A		      ASL     A
1D6B C9	40	      CMP     #$40
1D6D 90	02	      BCC     _4
1D6F A9	40	      LDA     #$40
1D71	      _4:				  ; Regenerate+28↑j
1D71 9D	60 03	      STA     droidEnergy,X
1D74 60		      RTS
1D74	      ;	End of function	Regenerate
1D75	      ;	---------------	S U B R	O U T I	N E ---------------------------------------
1D75	      xfer_DoMove:			  ; doSubGame+11↓p
1D75						  ; doSubGame+3E↓p
1D75 A5	80	      LDA     xfer_nLeftPulsers
1D77 F0	76	      BEQ     _x		  ;  no	more pulsers
1D79 A5	81	      LDA     xfer_PlyY
1D7B 20	05 20	      JSR     xferGetLine
1D7E A5	16	      LDA     joyYDir
1D80 F0	1F	      BEQ     _3
1D82 20	F0 1D	      JSR     xferRemovePulser
1D85 A5	16	      LDA     joyYDir
1D87 30	0E	      BMI     _1
1D89 E6	81	      INC     xfer_PlyY
1D8B A5	81	      LDA     xfer_PlyY
1D8D C9	0D	      CMP     #13
1D8F 90	10	      BCC     _3
1D91 A9	01	      LDA     #1
1D93 85	81	      STA     xfer_PlyY
1D95 D0	0A	      BNE     _3
1D97	      _1:				  ; xfer_DoMove+12↑j
1D97 C6	81	      DEC     xfer_PlyY
1D99 30	02	      BMI     _2
1D9B D0	04	      BNE     _3
1D9D	      _2:				  ; xfer_DoMove+24↑j
1D9D A9	0C	      LDA     #12
1D9F 85	81	      STA     xfer_PlyY
1DA1	      _3:				  ; xfer_DoMove+B↑j
1DA1						  ; xfer_DoMove+1A↑j
1DA1						  ; xfer_DoMove+20↑j
1DA1						  ; xfer_DoMove+26↑j
1DA1 A5	81	      LDA     xfer_PlyY
1DA3 20	05 20	      JSR     xferGetLine
1DA6 20	FB 1D	      JSR     xferDrawPulser
1DA9 A5	18	      LDA     joyFire
1DAB D0	42	      BNE     _x
1DAD 20	02 23	      JSR     xfer_AdvanceWire
1DB0 B1	1C	      LDA     (dest),Y
1DB2 C5	8C	      CMP     xfer_PlyWireChar
1DB4 D0	39	      BNE     _x		  ; not	empty
1DB6 20	95 27	      JSR     Scr2ColorRAM
1DB9 20	FB 1D	      JSR     xferDrawPulser	  ; draw it there
1DBC 20	10 23	      JSR     xfer_RetreatWire
1DBF 20	95 27	      JSR     Scr2ColorRAM
1DC2 20	F0 1D	      JSR     xferRemovePulser	  ; remove movable
1DC5 A9	0D	      LDA     #13
1DC7 38		      SEC
1DC8 E5	81	      SBC     xfer_PlyY
1DCA A8		      TAY
1DCB A9	B0	      LDA     #$B0		  ; duration - counts upwards
1DCD 91	1A	      STA     (src),Y
1DCF A9	00	      LDA     #0
1DD1 85	81	      STA     xfer_PlyY
1DD3 C6	80	      DEC     xfer_nLeftPulsers
1DD5 A5	80	      LDA     xfer_nLeftPulsers
1DD7 20	05 20	      JSR     xferGetLine
1DDA A2	04	      LDX     #4
1DDC	      _4:				  ; xfer_DoMove+6B↓j
1DDC 20	10 23	      JSR     xfer_RetreatWire
1DDF CA		      DEX
1DE0 D0	FA	      BNE     _4
1DE2 20	95 27	      JSR     Scr2ColorRAM
1DE5 A9	F2	      LDA     #$F2		  ; red	- invisible
1DE7 A4	8E	      LDY     xfer_PlyX
1DE9 91	1E	      STA     (dest2),Y
1DEB A9	0A	      LDA     #$A
1DED 85	91	      STA     sndFx1
1DEF	      _x:				  ; xfer_DoMove+2↑j
1DEF						  ; xfer_DoMove+36↑j
1DEF						  ; xfer_DoMove+3F↑j
1DEF 60		      RTS
1DEF	      ;	End of function	xfer_DoMove
1DF0	      xferRemovePulser:			  ; xfer_DoMove+D↑p
1DF0						  ; xfer_DoMove+4D↑p
1DF0 A4	8E	      LDY     xfer_PlyX
1DF2	      loc_0_1DF2:			  ; xfer_DoColumn+73↓p
1DF2 A5	8C	      LDA     xfer_PlyWireChar
1DF4 91	1C	      STA     (dest),Y
1DF6 A9	F8	      LDA     #$F8
1DF8 91	1E	      STA     (dest2),Y
1DFA 60		      RTS
1DFB	      ;	---------------	S U B R	O U T I	N E ---------------------------------------
1DFB	      xferDrawPulser:			  ; xfer_DoMove+31↑p
1DFB						  ; xfer_DoMove+44↑p
1DFB A4	8E	      LDY     xfer_PlyX
1DFD A5	82	      LDA     xfer_PlyPulserChar
1DFF 91	1C	      STA     (dest),Y
1E01 A5	7F	      LDA     xfer_PlyColor
1E03 91	1E	      STA     (dest2),Y
1E05 60		      RTS
1E05	      ;	End of function	xferDrawPulser
1E06	      ;	---------------	S U B R	O U T I	N E ---------------------------------------
1E06	      xfer_PlayLeft:			  ; doSubGame+14↓p
1E06 A2	E0	      LDX     #$E0		  ; 49e0
1E08 A0	49	      LDY     #$49
1E0A 86	1C	      STX     dest
1E0C 84	1D	      STY     dest+1
1E0E A2	00	      LDX     #0		  ; 4400
1E10 A0	44	      LDY     #$44
1E12 86	1A	      STX     src
1E14 84	1B	      STY     src+1
1E16 A2	10	      LDX     #$10		  ; 4410
1E18 A0	44	      LDY     #$44
1E1A 86	14	      STX     ptr_14
1E1C 84	15	      STY     ptr_14+1
1E1E A0	06	      LDY     #6
1E20 20	B6 1E	      JSR     xfer_DoColumn
1E23 A2	10	      LDX     #$10		  ; 4410
1E25 A0	44	      LDY     #$44
1E27 86	1A	      STX     src
1E29 84	1B	      STY     src+1
1E2B A2	20	      LDX     #$20		  ; 4420
1E2D A0	44	      LDY     #$44
1E2F 86	14	      STX     ptr_14
1E31 84	15	      STY     ptr_14+1
1E33 A2	E0	      LDX     #$E0		  ; 49e0
1E35 A0	49	      LDY     #$49
1E37 86	1C	      STX     dest
1E39 84	1D	      STY     dest+1
1E3B A0	0A	      LDY     #10
1E3D 20	B6 1E	      JSR     xfer_DoColumn
1E40 A2	20	      LDX     #$20		  ; 4420
1E42 A0	44	      LDY     #$44
1E44 86	1A	      STX     src
1E46 84	1B	      STY     src+1
1E48 A2	30	      LDX     #$30		  ; 4430
1E4A A0	44	      LDY     #$44
1E4C 86	14	      STX     ptr_14
1E4E 84	15	      STY     ptr_14+1
1E50 A2	E0	      LDX     #$E0		  ; 49e0
1E52 A0	49	      LDY     #$49
1E54 86	1C	      STX     dest
1E56 84	1D	      STY     dest+1
1E58 A0	0E	      LDY     #14
1E5A 20	B6 1E	      JSR     xfer_DoColumn
1E5D 60		      RTS
1E5D	      ;	End of function	xfer_PlayLeft
1E5E	      ;	---------------	S U B R	O U T I	N E ---------------------------------------
1E5E	      xfer_PlayRight:			  ; doSubGame+41↓p
1E5E A2	E0	      LDX     #$E0		  ; 49e0
1E60 A0	49	      LDY     #$49
1E62 86	1C	      STX     dest
1E64 84	1D	      STY     dest+1
1E66 A2	70	      LDX     #$70		  ; 4470
1E68 A0	44	      LDY     #$44
1E6A 86	1A	      STX     src
1E6C 84	1B	      STY     src+1
1E6E A2	60	      LDX     #$60		  ; 4460
1E70 A0	44	      LDY     #$44
1E72 86	14	      STX     ptr_14
1E74 84	15	      STY     ptr_14+1
1E76 A0	21	      LDY     #33
1E78 20	B6 1E	      JSR     xfer_DoColumn
1E7B A2	60	      LDX     #$60		  ; 4460
1E7D A0	44	      LDY     #$44
1E7F 86	1A	      STX     src
1E81 84	1B	      STY     src+1
1E83 A2	50	      LDX     #$50		  ; 4450
1E85 A0	44	      LDY     #$44
1E87 86	14	      STX     ptr_14
1E89 84	15	      STY     ptr_14+1
1E8B A2	E0	      LDX     #$E0		  ; 49e0
1E8D A0	49	      LDY     #$49
1E8F 86	1C	      STX     dest
1E91 84	1D	      STY     dest+1
1E93 A0	1D	      LDY     #29
1E95 20	B6 1E	      JSR     xfer_DoColumn
1E98 A2	50	      LDX     #$50		  ; 4450
1E9A A0	44	      LDY     #$44
1E9C 86	1A	      STX     src
1E9E 84	1B	      STY     src+1
1EA0 A2	40	      LDX     #$40		  ; 4450
1EA2 A0	44	      LDY     #$44
1EA4 86	14	      STX     ptr_14
1EA6 84	15	      STY     ptr_14+1
1EA8 A2	E0	      LDX     #$E0		  ; 49e0
1EAA A0	49	      LDY     #$49
1EAC 86	1C	      STX     dest
1EAE 84	1D	      STY     dest+1
1EB0 A0	19	      LDY     #25
1EB2 20	B6 1E	      JSR     xfer_DoColumn
1EB5 60		      RTS
1EB5	      ;	End of function	xfer_PlayRight
1EB6	      ;	---------------	S U B R	O U T I	N E ---------------------------------------
1EB6	      xfer_DoColumn:			  ; xfer_PlayLeft+1A↑p
1EB6						  ; xfer_PlayLeft+37↑p
1EB6						  ; xfer_PlayLeft+54↑p
1EB6						  ; xfer_PlayRight+1A↑p
1EB6						  ; xfer_PlayRight+37↑p
1EB6						  ; xfer_PlayRight+54↑p
1EB6 84	11	      STY     xfer_cpuSpriteX
1EB8 A9	0C	      LDA     #12
1EBA 85	20	      STA     tmp2
1EBC	      _1:				  ; xfer_DoColumn+4B↓j
1EBC A4	20	      LDY     tmp2
1EBE B1	1A	      LDA     (src),Y
1EC0 F0	42	      BEQ     _5
1EC2 30	48	      BMI     _6
1EC4 A4	11	      LDY     xfer_cpuSpriteX
1EC6 B1	1C	      LDA     (dest),Y
1EC8 C5	82	      CMP     xfer_PlyPulserChar
1ECA F0	63	      BEQ     _auto
1ECC A4	20	      LDY     tmp2		  ; decrease
1ECE B1	1A	      LDA     (src),Y
1ED0 38		      SEC
1ED1 E9	01	      SBC     #1
1ED3 91	1A	      STA     (src),Y
1ED5 A4	11	      LDY     xfer_cpuSpriteX
1ED7 B1	1C	      LDA     (dest),Y		  ; check char
1ED9 C5	7D	      CMP     xfer_CpuPulserChar
1EDB F0	61	      BEQ     _terminator
1EDD C9	F5	      CMP     #$F5		  ; vbar top - joiner
1EDF F0	66	      BEQ     _joiner
1EE1 C9	F6	      CMP     #$F6		  ; vbar middle	- splitter
1EE3 D0	03	      BNE     _2
1EE5 4C	81 1F	      JMP     _splitter
1EE8	      _2:				  ; xfer_DoColumn+2D↑j
1EE8 C9	F7	      CMP     #$F7		  ; vbar bottom	- joiner (handled)
1EEA F0	08	      BEQ     _next
1EEC 20	D4 1F	      JSR     xfer_Colorize4	  ; otherwise advance color
1EEF A4	20	      LDY     tmp2
1EF1 20	C7 1F	      JSR     xfer_put1
1EF4	      _next:				  ; xfer_DoColumn+34↑j
1EF4						  ; xfer_DoColumn+53↓j
1EF4						  ; xfer_DoColumn+6C↓j
1EF4						  ; xfer_DoColumn+76↓j
1EF4						  ; xfer_DoColumn+85↓j
1EF4						  ; xfer_DoColumn+8E↓j
1EF4						  ; xfer_DoColumn+97↓j
1EF4						  ; xfer_DoColumn+C1↓j
1EF4						  ; xfer_DoColumn+C8↓j
1EF4						  ; xfer_DoColumn+10E↓j
1EF4 18		      CLC
1EF5 A5	1C	      LDA     dest
1EF7 69	28	      ADC     #40
1EF9 85	1C	      STA     dest
1EFB 90	02	      BCC     _4
1EFD E6	1D	      INC     dest+1
1EFF	      _4:				  ; xfer_DoColumn+45↑j
1EFF C6	20	      DEC     tmp2
1F01 D0	B9	      BNE     _1
1F03 60		      RTS
1F04	      _5:				  ; xfer_DoColumn+A↑j
1F04 A4	11	      LDY     xfer_cpuSpriteX
1F06 20	CC 1F	      JSR     xsub_Black4
1F09 4C	F4 1E	      JMP     _next
1F0C	      _6:				  ; xfer_DoColumn+C↑j
1F0C A4	11	      LDY     xfer_cpuSpriteX
1F0E 20	D4 1F	      JSR     xfer_Colorize4
1F11 A4	20	      LDY     tmp2
1F13 20	C7 1F	      JSR     xfer_put1
1F16 A4	20	      LDY     tmp2
1F18 20	C7 1F	      JSR     xfer_put1
1F1B B1	1A	      LDA     (src),Y
1F1D 18		      CLC
1F1E 69	01	      ADC     #1
1F20 91	1A	      STA     (src),Y
1F22 D0	D0	      BNE     _next
1F24 A4	11	      LDY     xfer_cpuSpriteX
1F26 20	95 27	      JSR     Scr2ColorRAM
1F29 20	F2 1D	      JSR     loc_0_1DF2
1F2C 4C	F4 1E	      JMP     _next
1F2F	      _auto:				  ; xfer_DoColumn+14↑j
1F2F 20	D4 1F	      JSR     xfer_Colorize4
1F32 A4	20	      LDY     tmp2
1F34 20	C7 1F	      JSR     xfer_put1
1F37 A9	10	      LDA     #$10
1F39 91	1A	      STA     (src),Y
1F3B 4C	F4 1E	      JMP     _next
1F3E	      _terminator:			  ; xfer_DoColumn+25↑j
1F3E A4	20	      LDY     tmp2
1F40 A9	00	      LDA     #0
1F42 91	1A	      STA     (src),Y
1F44 4C	F4 1E	      JMP     _next
1F47	      _joiner:				  ; xfer_DoColumn+29↑j
1F47 A4	20	      LDY     tmp2		  ;  check other input
1F49 88		      DEY
1F4A 88		      DEY
1F4B B1	1A	      LDA     (src),Y
1F4D F0	A5	      BEQ     _next
1F4F C8		      INY
1F50 A9	01	      LDA     #1
1F52 91	1A	      STA     (src),Y
1F54 20	C7 1F	      JSR     xfer_put1
1F57 A6	1C	      LDX     dest		  ; save position
1F59 A4	1D	      LDY     dest+1
1F5B 86	12	      STX     ptr_12
1F5D 84	13	      STY     ptr_12+1
1F5F 18		      CLC			  ; colorize next line
1F60 A5	1C	      LDA     dest
1F62 69	28	      ADC     #40
1F64 85	1C	      STA     dest
1F66 90	02	      BCC     _10
1F68 E6	1D	      INC     dest+1
1F6A	      _10:				  ; xfer_DoColumn+B0↑j
1F6A A4	11	      LDY     xfer_cpuSpriteX
1F6C 20	D4 1F	      JSR     xfer_Colorize4
1F6F A6	12	      LDX     ptr_12		  ; restore position
1F71 A4	13	      LDY     ptr_12+1
1F73 86	1C	      STX     dest
1F75 84	1D	      STY     dest+1
1F77 4C	F4 1E	      JMP     _next
1F7A	      _11:				  ; xfer_DoColumn+D0↓j
1F7A A9	00	      LDA     #0
1F7C 91	1A	      STA     (src),Y
1F7E 4C	F4 1E	      JMP     _next
1F81	      _splitter:			  ; xfer_DoColumn+2F↑j
1F81 A4	20	      LDY     tmp2
1F83 88		      DEY			  ; prev line
1F84 B1	1A	      LDA     (src),Y
1F86 D0	F2	      BNE     _11
1F88 20	C7 1F	      JSR     xfer_put1
1F8B A9	01	      LDA     #1
1F8D 91	1A	      STA     (src),Y
1F8F C8		      INY			  ; next line
1F90 C8		      INY
1F91 20	C7 1F	      JSR     xfer_put1
1F94 A6	1C	      LDX     dest		  ; save position
1F96 A4	1D	      LDY     dest+1
1F98 86	12	      STX     ptr_12
1F9A 84	13	      STY     ptr_12+1
1F9C 18		      CLC			  ; next line
1F9D A5	1C	      LDA     dest
1F9F 69	28	      ADC     #40
1FA1 85	1C	      STA     dest
1FA3 90	02	      BCC     _13
1FA5 E6	1D	      INC     dest+1
1FA7	      _13:				  ; xfer_DoColumn+ED↑j
1FA7 A4	11	      LDY     xfer_cpuSpriteX	  ; colorize
1FA9 20	D4 1F	      JSR     xfer_Colorize4
1FAC A5	1C	      LDA     dest		  ; prev line
1FAE 38		      SEC
1FAF E9	50	      SBC     #80
1FB1 85	1C	      STA     dest
1FB3 A5	1D	      LDA     dest+1
1FB5 E9	00	      SBC     #0
1FB7 85	1D	      STA     dest+1
1FB9 20	D4 1F	      JSR     xfer_Colorize4	  ; colorize
1FBC A6	12	      LDX     ptr_12		  ; restore ptr
1FBE A4	13	      LDY     ptr_12+1
1FC0 86	1C	      STX     dest
1FC2 84	1D	      STY     dest+1
1FC4 4C	F4 1E	      JMP     _next
1FC4	      ;	End of function	xfer_DoColumn
1FC7	      ;	---------------	S U B R	O U T I	N E ---------------------------------------
1FC7	      xfer_put1:			  ; xfer_DoColumn+3B↑p
1FC7						  ; xfer_DoColumn+5D↑p
1FC7						  ; xfer_DoColumn+62↑p
1FC7						  ; xfer_DoColumn+7E↑p
1FC7						  ; xfer_DoColumn+9E↑p
1FC7						  ; xfer_DoColumn+D2↑p
1FC7						  ; xfer_DoColumn+DB↑p
1FC7 A9	01	      LDA     #1
1FC9 91	14	      STA     (ptr_14),Y
1FCB 60		      RTS
1FCB	      ;	End of function	xfer_put1
1FCC	      ;	---------------	S U B R	O U T I	N E ---------------------------------------
1FCC	      xsub_Black4:			  ; xfer_DoColumn+50↑p
1FCC 20	95 27	      JSR     Scr2ColorRAM
1FCF A9	F8	      LDA     #$F8		  ; black
1FD1 4C	DB 1F	      JMP     _1
1FD4	      xfer_Colorize4:			  ; xfer_DoColumn+36↑p
1FD4						  ; xfer_DoColumn+58↑p
1FD4						  ; xfer_DoColumn+79↑p
1FD4						  ; xfer_DoColumn+B6↑p
1FD4						  ; xfer_DoColumn+F3↑p
1FD4						  ; xfer_DoColumn+103↑p
1FD4 20	95 27	      JSR     Scr2ColorRAM	  ; get	pulser color
1FD7 B1	1E	      LDA     (dest2),Y
1FD9 09	F0	      ORA     #$F0
1FDB	      _1:				  ; xsub_Black4+5↑j
1FDB 85	0D	      STA     SpriteColor
1FDD A2	03	      LDX     #3		  ;  put it into next 3	chars
1FDF	      _2:				  ; xsub_Black4+1E↓j
1FDF 20	02 23	      JSR     xfer_AdvanceWire
1FE2 20	95 27	      JSR     Scr2ColorRAM
1FE5 A5	0D	      LDA     SpriteColor
1FE7 91	1E	      STA     (dest2),Y
1FE9 CA		      DEX
1FEA D0	F3	      BNE     _2
1FEC 20	02 23	      JSR     xfer_AdvanceWire
1FEF 20	95 27	      JSR     Scr2ColorRAM
1FF2 B1	1C	      LDA     (dest),Y		  ; one	more if	wire
1FF4 C5	8C	      CMP     xfer_PlyWireChar
1FF6 D0	04	      BNE     _3
1FF8 A5	0D	      LDA     SpriteColor
1FFA 91	1E	      STA     (dest2),Y
1FFC	      _3:				  ; xsub_Black4+2A↑j
1FFC A2	04	      LDX     #4
1FFE	      _4:				  ; xsub_Black4+36↓j
1FFE 20	10 23	      JSR     xfer_RetreatWire
2001 CA		      DEX
2002 D0	FA	      BNE     _4
2004 60		      RTS
2004	      ;	End of function	xsub_Black4
2005	      ;	---------------	S U B R	O U T I	N E ---------------------------------------
2005	      xferGetLine:			  ; xfer_DoMove+6↑p
2005						  ; xfer_DoMove+2E↑p
2005						  ; xfer_DoMove+62↑p
2005 18		      CLC
2006 69	0B	      ADC     #11
2008 A8		      TAY
2009 B9	FB 0C	      LDA     LinePtr_hi,Y
200C 85	1D	      STA     dest+1
200E B9	14 0D	      LDA     LinePtr_lo,Y
2011 85	1C	      STA     dest
2013 20	95 27	      JSR     Scr2ColorRAM
2016 60		      RTS
2016	      ;	End of function	xferGetLine
2017	      ;	---------------	S U B R	O U T I	N E ---------------------------------------
2017	      xferSwapSide:			  ; xferDrawCBar+61↓p
2017 A5	8C	      LDA     xfer_PlyWireChar
2019 A6	8D	      LDX     xfer_CpuWireChar
201B 86	8C	      STX     xfer_PlyWireChar
201D 85	8D	      STA     xfer_CpuWireChar
201F A5	82	      LDA     xfer_PlyPulserChar
2021 A6	7D	      LDX     xfer_CpuPulserChar
2023 86	82	      STX     xfer_PlyPulserChar
2025 85	7D	      STA     xfer_CpuPulserChar
2027 A5	7F	      LDA     xfer_PlyColor
2029 A6	87	      LDX     xfer_CpuColor
202B 86	7F	      STX     xfer_PlyColor
202D 85	87	      STA     xfer_CpuColor
202F A5	81	      LDA     xfer_PlyY
2031 A6	85	      LDX     xfer_CpuY
2033 86	81	      STX     xfer_PlyY
2035 85	85	      STA     xfer_CpuY
2037 A5	80	      LDA     xfer_nLeftPulsers
2039 A6	84	      LDX     xfer_nRightPulsers
203B 86	80	      STX     xfer_nLeftPulsers
203D 85	84	      STA     xfer_nRightPulsers
203F A5	8E	      LDA     xfer_PlyX
2041 A6	86	      LDX     xfer_CpuX
2043 86	8E	      STX     xfer_PlyX
2045 85	86	      STA     xfer_CpuX
2047 A5	7B	      LDA     xfer_DeltaX+1
2049 49	FF	      EOR     #$FF
204B 85	7B	      STA     xfer_DeltaX+1
204D A5	7A	      LDA     xfer_DeltaX
204F 49	FF	      EOR     #$FF
2051 18		      CLC
2052 69	01	      ADC     #1
2054 85	7A	      STA     xfer_DeltaX
2056 60		      RTS
2056	      ;	End of function	xferSwapSide
2057	      ;	---------------	S U B R	O U T I	N E ---------------------------------------
2057	      xferDrawCBar:			  ; doSubGame+21↓p
2057						  ; doSubGame+4E↓p
2057 84	11	      STY     xfer_cpuSpriteX
2059 A9	0C	      LDA     #12
205B 85	20	      STA     tmp2
205D A9	00	      LDA     #0
205F 85	7C	      STA     xfer_WinningSide
2061 A2	E0	      LDX     #$E0
2063 A0	49	      LDY     #$49
2065 86	1C	      STX     dest
2067 84	1D	      STY     dest+1
2069 20	95 27	      JSR     Scr2ColorRAM
206C	      _1:				  ; xferDrawCBar+48↓j
206C A4	20	      LDY     tmp2
206E B1	1A	      LDA     (src),Y
2070 48		      PHA
2071 A9	00	      LDA     #0
2073 91	1A	      STA     (src),Y
2075 68		      PLA
2076 F0	0B	      BEQ     _2
2078 A4	11	      LDY     xfer_cpuSpriteX	  ; result color
207A B1	1E	      LDA     (dest2),Y
207C A0	13	      LDY     #19
207E 91	1E	      STA     (dest2),Y
2080 C8		      INY
2081 91	1E	      STA     (dest2),Y
2083	      _2:				  ; xferDrawCBar+1F↑j
2083 A0	13	      LDY     #19
2085 B1	1E	      LDA     (dest2),Y
2087 09	F0	      ORA     #$F0
2089 C5	7F	      CMP     xfer_PlyColor
208B D0	02	      BNE     _3
208D E6	7C	      INC     xfer_WinningSide
208F	      _3:				  ; xferDrawCBar+34↑j
208F 18		      CLC
2090 A5	1C	      LDA     dest
2092 69	28	      ADC     #40
2094 85	1C	      STA     dest
2096 90	02	      BCC     _4
2098 E6	1D	      INC     dest+1
209A	      _4:				  ; xferDrawCBar+3F↑j
209A 20	95 27	      JSR     Scr2ColorRAM
209D C6	20	      DEC     tmp2
209F D0	CB	      BNE     _1
20A1 A2	A3	      LDX     #$A3		  ; d9a3
20A3 A0	D9	      LDY     #$D9
20A5 86	1E	      STX     dest2
20A7 84	1F	      STY     dest2+1
20A9 A6	87	      LDX     xfer_CpuColor
20AB A5	7C	      LDA     xfer_WinningSide
20AD C9	06	      CMP     #6
20AF F0	0B	      BEQ     _tie
20B1 90	02	      BCC     _cpu
20B3 A6	7F	      LDX     xfer_PlyColor
20B5	      _cpu:				  ; xferDrawCBar+5A↑j
20B5						  ; xferDrawCBar+67↓j
20B5 20	C0 20	      JSR     xferPutResultColor
20B8 20	17 20	      JSR     xferSwapSide
20BB 60		      RTS
20BC	      _tie:				  ; xferDrawCBar+58↑j
20BC A2	F8	      LDX     #$F8		  ; black
20BE D0	F5	      BNE     _cpu
20BE	      ;	End of function	xferDrawCBar
20C0	      ;	---------------	S U B R	O U T I	N E ---------------------------------------
20C0	      xferPutResultColor:		  ; xferDrawCBar+5E↑p
20C0 A9	A3	      LDA     #$A3
20C2 85	1E	      STA     dest2
20C4 A9	D9	      LDA     #$D9
20C6 85	1F	      STA     dest2+1
20C8 8A		      TXA
20C9 A0	00	      LDY     #0
20CB 91	1E	      STA     (dest2),Y
20CD C8		      INY
20CE 91	1E	      STA     (dest2),Y
20D0 A0	28	      LDY     #40
20D2 91	1E	      STA     (dest2),Y
20D4 C8		      INY
20D5 91	1E	      STA     (dest2),Y
20D7 85	8B	      STA     xfer_WinningColor
20D9 60		      RTS
20D9	      ;	End of function	xferPutResultColor
20DA	      ;	---------------	S U B R	O U T I	N E ---------------------------------------
20DA	      xferDoCounter:			  ; doSubGame+51↓p
20DA A5	4A	      LDA     frameCount
20DC 29	01	      AND     #1
20DE D0	28	      BNE     _x
20E0 A5	8A	      LDA     subGameTimeCount
20E2 F0	24	      BEQ     _x
20E4 F8		      SED
20E5 38		      SEC
20E6 E9	01	      SBC     #1
20E8 85	8A	      STA     subGameTimeCount
20EA D8		      CLD
20EB 4A		      LSR     A
20EC 4A		      LSR     A
20ED 4A		      LSR     A
20EE 4A		      LSR     A
20EF 8D	C8 69	      STA     Finish_txt+$A
20F2 A5	8A	      LDA     subGameTimeCount
20F4 29	0F	      AND     #$F
20F6 8D	C9 69	      STA     Finish_txt+$B
20F9 A2	BE	      LDX     #$BE		  ; 69be - Finish_txt
20FB A0	69	      LDY     #$69
20FD 20	2E 0C	      JSR     DrawString
2100 A5	8A	      LDA     subGameTimeCount
2102 D0	04	      BNE     _x
2104 A9	1B	      LDA     #$1B
2106 85	92	      STA     SndFx2
2108	      _x:				  ; xferDoCounter+4↑j
2108						  ; xferDoCounter+8↑j
2108						  ; xferDoCounter+28↑j
2108 60		      RTS
2108	      ;	End of function	xferDoCounter
2109	      ;	---------------	S U B R	O U T I	N E ---------------------------------------
2109	      xfer_GetMove:			  ; doSubGame+6↓p doSubGame+33↓p
2109 A5	7F	      LDA     xfer_PlyColor
210B C5	7E	      CMP     xfer_LeftColor
210D F0	40	      BEQ     _7
210F A5	4A	      LDA     frameCount
2111 29	01	      AND     #1
2113 D0	0D	      BNE     _nop
2115 A5	8F	      LDA     xfer_yWant
2117 C5	81	      CMP     xfer_PlyY
2119 F0	1D	      BEQ     _fire
211B B0	0E	      BCS     _3
211D	      _up:				  ; xfer_GetMove+28↓j
211D A9	FF	      LDA     #-1
211F 85	16	      STA     joyYDir
2121 60		      RTS
2122	      _nop:				  ; xfer_GetMove+A↑j
2122 A9	00	      LDA     #0
2124 85	16	      STA     joyYDir
2126 A9	10	      LDA     #$10
2128 85	18	      STA     joyFire
212A 60		      RTS
212B	      _3:				  ; xfer_GetMove+12↑j
212B A6	81	      LDX     xfer_PlyY
212D D0	04	      BNE     _down
212F C9	07	      CMP     #7
2131 B0	EA	      BCS     _up
2133	      _down:				  ; xfer_GetMove+24↑j
2133 A9	01	      LDA     #1
2135 85	16	      STA     joyYDir
2137 60		      RTS
2138	      _fire:				  ; xfer_GetMove+10↑j
2138 A9	00	      LDA     #0
213A 85	16	      STA     joyYDir
213C 85	18	      STA     joyFire
213E AD	1B D4	      LDA     byte_0_D41B
2141 29	0F	      AND     #$F
2143 18		      CLC
2144 69	01	      ADC     #1
2146 C9	0D	      CMP     #13
2148 90	02	      BCC     _6
214A E9	08	      SBC     #8
214C	      _6:				  ; xfer_GetMove+3F↑j
214C 85	8F	      STA     xfer_yWant
214E 60		      RTS
214F	      _7:				  ; xfer_GetMove+4↑j
214F 20	1A 09	      JSR     ReadJoystick
2152 60		      RTS
2152	      ;	End of function	xfer_GetMove
2153	      ;	---------------	S U B R	O U T I	N E ---------------------------------------
2153	      xferCheckEnd:			  ; doSubGame+61↓p
2153 A5	8A	      LDA     subGameTimeCount
2155 D0	0E	      BNE     _x
2157 A9	00	      LDA     #0
2159 85	80	      STA     xfer_nLeftPulsers
215B 85	84	      STA     xfer_nRightPulsers
215D C6	89	      DEC     byte_0_89
215F A5	89	      LDA     byte_0_89
2161 D0	02	      BNE     _x
2163 E6	25	      INC     notInDeck
2165	      _x:				  ; xferCheckEnd+2↑j
2165						  ; xferCheckEnd+E↑j
2165 60		      RTS
2165	      ;	End of function	xferCheckEnd
2166	      ;	---------------	S U B R	O U T I	N E ---------------------------------------
2166	      doSubGame:			  ; doSubGame+66↓j Capture+2D↓p
2166 E6	4A	      INC     frameCount
2168	      _1:				  ; doSubGame+4↓j
2168 A5	4B	      LDA     irqToggle
216A F0	FC	      BEQ     _1
216C 20	09 21	      JSR     xfer_GetMove
216F A2	00	      LDX     #0		  ; 4400
2171 A0	44	      LDY     #$44
2173 86	1A	      STX     src
2175 84	1B	      STY     src+1
2177 20	75 1D	      JSR     xfer_DoMove
217A 20	06 1E	      JSR     xfer_PlayLeft
217D A2	30	      LDX     #$30		  ; 4430
217F A0	44	      LDY     #$44
2181 86	1A	      STX     src
2183 84	1B	      STY     src+1
2185 A0	0E	      LDY     #14
2187 20	57 20	      JSR     xferDrawCBar
218A A5	89	      LDA     byte_0_89
218C C9	01	      CMP     #1
218E D0	05	      BNE     _2
2190 AD	1B D4	      LDA     byte_0_D41B
2193 30	32	      BMI     _3
2195	      _2:				  ; doSubGame+28↑j
2195						  ; doSubGame+31↓j
2195 A5	4B	      LDA     irqToggle
2197 F0	FC	      BEQ     _2
2199 20	09 21	      JSR     xfer_GetMove
219C A2	70	      LDX     #$70		  ; 4470
219E A0	44	      LDY     #$44
21A0 86	1A	      STX     src
21A2 84	1B	      STY     src+1
21A4 20	75 1D	      JSR     xfer_DoMove
21A7 20	5E 1E	      JSR     xfer_PlayRight
21AA A2	40	      LDX     #$40		  ; 4440
21AC A0	44	      LDY     #$44
21AE 86	1A	      STX     src
21B0 84	1B	      STY     src+1
21B2 A0	19	      LDY     #25
21B4 20	57 20	      JSR     xferDrawCBar
21B7 20	DA 20	      JSR     xferDoCounter
21BA A2	6C	      LDX     #$6C		  ; 6c6c - XferWire_anim
21BC A0	6C	      LDY     #$6C
21BE 86	1A	      STX     src
21C0 84	1B	      STY     src+1
21C2 A9	02	      LDA     #2
21C4 20	05 26	      JSR     AnimateIntoFont
21C7	      _3:				  ; doSubGame+2D↑j
21C7 20	53 21	      JSR     xferCheckEnd
21CA A5	25	      LDA     notInDeck
21CC F0	98	      BEQ     doSubGame
21CE 60		      RTS
21CE	      ;	End of function	doSubGame
21CF	      ;	---------------	S U B R	O U T I	N E ---------------------------------------
21CF	      FinishTransfer1:			  ; Capture+61↓p
21CF A5	7E	      LDA     xfer_LeftColor
21D1 C5	8B	      CMP     xfer_WinningColor
21D3 F0	27	      BEQ     _ok
21D5 AE	40 03	      LDX     droidType
21D8 F0	52	      BEQ     _burntout
21DA BC	00 EA	      LDY     DCent_t,X
21DD B9	F6 6D	      LDA     BumpScore,Y
21E0 20	C4 3E	      JSR     SubScore
21E3 A9	00	      LDA     #0
21E5 8D	40 03	      STA     droidType
21E8 85	58	      STA     dType
21EA 20	3E 22	      JSR     xferInitDroid
21ED A2	09	      LDX     #9		  ; 6a09 - Rejected_txt
21EF A0	6A	      LDY     #$6A
21F1 20	2E 0C	      JSR     DrawString
21F4 A9	0C	      LDA     #$C
21F6 85	91	      STA     sndFx1
21F8 20	60 22	      JSR     FinishTransfer2
21FB 60		      RTS
21FC	      _ok:				  ; FinishTransfer1+4↑j
21FC A4	6B	      LDY     xferDroid
21FE BE	40 03	      LDX     droidType,Y
2201 8E	40 03	      STX     droidType
2204 86	58	      STX     dType
2206 A6	6B	      LDX     xferDroid
2208 BD	60 03	      LDA     droidEnergy,X
220B 8D	60 03	      STA     droidEnergy
220E BC	40 03	      LDY     droidType,X
2211 BE	00 EA	      LDX     DCent_t,Y
2214 BD	EC 6D	      LDA     ShootScore,X
2217 20	94 3E	      JSR     AddScore
221A 20	3E 22	      JSR     xferInitDroid
221D A2	FD	      LDX     #$FD		  ; 69fd - Complete_txt
221F A0	69	      LDY     #$69
2221 20	2E 0C	      JSR     DrawString
2224 A9	0B	      LDA     #$B
2226 85	91	      STA     sndFx1
2228 20	60 22	      JSR     FinishTransfer2
222B 60		      RTS
222C	      _burntout:			  ; FinishTransfer1+9↑j
222C 8E	60 03	      STX     droidEnergy
222F A2	F1	      LDX     #$F1		  ; 69f1 - BurntOut_txt
2231 A0	69	      LDY     #$69
2233 20	2E 0C	      JSR     DrawString
2236 A9	0D	      LDA     #$D
2238 85	91	      STA     sndFx1
223A 20	60 22	      JSR     FinishTransfer2
223D 60		      RTS
223D	      ;	End of function	FinishTransfer1
223E	      ;	---------------	S U B R	O U T I	N E ---------------------------------------
223E	      xferInitDroid:			  ; FinishTransfer1+1B↑p
223E						  ; FinishTransfer1+4B↑p
223E A9	07	      LDA     #7
2240 85	04	      STA     SpriteNum
2242 20	77 3C	      JSR     BuildDroidSprite
2245 A9	40	      LDA     #$40
2247 85	66	      STA     maxEnergy
2249 AE	40 03	      LDX     droidType
224C BD	80 EA	      LDA     DWeapon_t,X
224F 85	54	      STA     weaponType
2251 BC	40 EA	      LDY     DSpeed_t,X
2254 B9	97 6D	      LDA     PlayerSpeed_t,Y
2257 85	36	      STA     MaxSpeed
2259 49	FF	      EOR     #$FF
225B 85	39	      STA     MaxSpeedNeg
225D E6	39	      INC     MaxSpeedNeg
225F 60		      RTS
225F	      ;	End of function	xferInitDroid
2260	      ;	---------------	S U B R	O U T I	N E ---------------------------------------
2260	      FinishTransfer2:			  ; FinishTransfer1+29↑p
2260						  ; FinishTransfer1+59↑p
2260						  ; FinishTransfer1+6B↑p
2260 A9	28	      LDA     #40
2262 85	78	      STA     xfer_plySpriteX
2264 A9	80	      LDA     #$80
2266 8D	15 D0	      STA     byte_0_D014+1
2269	      _1:				  ; FinishTransfer2+1D↓j
2269 A0	20	      LDY     #$20
226B 20	62 0B	      JSR     DelayScore
226E A2	6C	      LDX     #$6C		  ; 6c6c - XferWire_anim
2270 A0	6C	      LDY     #$6C
2272 86	1A	      STX     src
2274 84	1B	      STY     src+1
2276 A9	02	      LDA     #2
2278 20	05 26	      JSR     AnimateIntoFont
227B C6	78	      DEC     xfer_plySpriteX
227D D0	EA	      BNE     _1
227F 20	10 2F	      JSR     RestoreVicState
2282 A6	6B	      LDX     xferDroid
2284 A9	00	      LDA     #0
2286 9D	60 03	      STA     droidEnergy,X
2289 85	6B	      STA     xferDroid
228B 85	29	      STA     xSpd+1
228D 85	2B	      STA     ySpd+1
228F 85	25	      STA     notInDeck
2291 BD	50 03	      LDA     droidSprNum,X
2294 85	04	      STA     SpriteNum
2296 20	95 32	      JSR     FreeSprite
2299 20	9D 1C	      JSR     RemoveShipDroid
229C 60		      RTS
229C	      ;	End of function	FinishTransfer2
229D	      ;	---------------	S U B R	O U T I	N E ---------------------------------------
229D	      Capture:				  ; GameLoop+6D↑p
229D 20	C3 2E	      JSR     SaveVicState
22A0 A2	CB	      LDX     #$CB		  ; 69cb - Captured_txt
22A2 A0	69	      LDY     #$69
22A4 20	2E 0C	      JSR     DrawString
22A7 20	34 37	      JSR     ShowXferInfo
22AA 20	64 28	      JSR     WaitNoFire
22AD A9	D0	      LDA     #$D0
22AF 8D	1C 6F	      STA     _d016Mode+1
22B2 A9	2F	      LDA     #$2F
22B4 8D	55 6F	      STA     _d018+1
22B7 A9	00	      LDA     #0
22B9 8D	15 D0	      STA     byte_0_D014+1
22BC	      _1:				  ; Capture+5F↓j
22BC 20	7E 37	      JSR     ClearSubGameData
22BF A9	09	      LDA     #9
22C1 85	92	      STA     SndFx2
22C3 20	10 E0	      JSR     j_SubGameSelectSide
22C6 A9	1B	      LDA     #$1B
22C8 85	91	      STA     sndFx1
22CA 20	66 21	      JSR     doSubGame
22CD A5	8B	      LDA     xfer_WinningColor
22CF C9	F8	      CMP     #$F8		  ; black?
22D1 D0	2B	      BNE     _3
22D3 A2	A4	      LDX     #$A4		  ; 69a4 - Deadlock_txt
22D5 A0	69	      LDY     #$69
22D7 20	2E 0C	      JSR     DrawString
22DA A9	0E	      LDA     #$E
22DC 85	91	      STA     sndFx1
22DE A9	40	      LDA     #64
22E0 85	78	      STA     xfer_plySpriteX
22E2	      _2:				  ; Capture+5D↓j
22E2 A9	00	      LDA     #0
22E4 85	25	      STA     notInDeck
22E6 A0	20	      LDY     #$20
22E8 20	62 0B	      JSR     DelayScore
22EB A2	6C	      LDX     #$6C		  ; 6c6c - XferWire_anim
22ED A0	6C	      LDY     #$6C
22EF 86	1A	      STX     src
22F1 84	1B	      STY     src+1
22F3 A9	02	      LDA     #2
22F5 20	05 26	      JSR     AnimateIntoFont
22F8 C6	78	      DEC     xfer_plySpriteX
22FA D0	E6	      BNE     _2
22FC F0	BE	      BEQ     _1
22FE	      _3:				  ; Capture+34↑j
22FE 20	CF 21	      JSR     FinishTransfer1
2301 60		      RTS
2301	      ;	End of function	Capture
2302	      ;	---------------	S U B R	O U T I	N E ---------------------------------------
2302	      xfer_AdvanceWire:			  ; xfer_DoMove+38↑p
2302						  ; xsub_Black4+13↑p
2302						  ; xsub_Black4+20↑p
2302 A5	1C	      LDA     dest
2304 18		      CLC
2305 65	7A	      ADC     xfer_DeltaX
2307 85	1C	      STA     dest
2309 A5	1D	      LDA     dest+1
230B 65	7B	      ADC     xfer_DeltaX+1
230D 85	1D	      STA     dest+1
230F 60		      RTS
230F	      ;	End of function	xfer_AdvanceWire
2310	      ;	---------------	S U B R	O U T I	N E ---------------------------------------
2310	      xfer_RetreatWire:			  ; xfer_DoMove+47↑p
2310						  ; xfer_DoMove+67↑p
2310						  ; xsub_Black4+32↑p
2310 A5	1C	      LDA     dest
2312 38		      SEC
2313 E5	7A	      SBC     xfer_DeltaX
2315 85	1C	      STA     dest
2317 A5	1D	      LDA     dest+1
2319 E5	7B	      SBC     xfer_DeltaX+1
231B 85	1D	      STA     dest+1
231D	      locret_0_231D:			  ; Disruptor+2↓j
231D	      _1:
231D 60		      RTS
231D	      ;	End of function	xfer_RetreatWire
231E	      ;	---------------	S U B R	O U T I	N E ---------------------------------------
231E	      Disruptor:			  ; GameLoop+5B↑p RunGame+8↑p
231E A5	94	      LDA     disruptorCnt
2320 F0	FB	      BEQ     locret_0_231D
2322 29	0F	      AND     #$F		  ; !! not really necessary
2324 C9	01	      CMP     #1
2326 D0	03	      BNE     _1
2328 4C	05 24	      JMP     _state1
232B	      _1:				  ; Disruptor+8↑j
232B C9	02	      CMP     #2
232D F0	6B	      BEQ     _state2
232F C9	03	      CMP     #3
2331 D0	03	      BNE     _state4
2333 4C	00 24	      JMP     _state3
2336	      _state4:				  ; Disruptor+13↑j
2336 A5	2C	      LDA     Irq1bgColor
2338 85	95	      STA     disruptorBgSave
233A A9	84	      LDA     #$84
233C 85	91	      STA     sndFx1
233E A6	59	      LDX     numDeckDroids
2340 CA		      DEX
2341 F0	57	      BEQ     _state2
2343	      _3:				  ; Disruptor+56↓j
2343 BC	50 03	      LDY     droidSprNum,X
2346 F0	2B	      BEQ     _5
2348 B9	5E 09	      LDA     bits,Y
234B 2D	15 D0	      AND     byte_0_D014+1
234E F0	23	      BEQ     _5
2350 BD	40 03	      LDA     droidType,X
2353 A0	04	      LDY     #4
2355	      _4:				  ; Disruptor+3D↓j
2355 D9	5B 6E	      CMP     DisruptorImmune,Y
2358 F0	19	      BEQ     _5
235A 88		      DEY
235B 10	F8	      BPL     _4
235D A9	28	      LDA     #40		  ; (40-dType)*2
235F 38		      SEC
2360 FD	40 03	      SBC     droidType,X
2363 0A		      ASL     A
2364 85	78	      STA     xfer_plySpriteX
2366 BD	60 03	      LDA     droidEnergy,X
2369 38		      SEC
236A E5	78	      SBC     xfer_plySpriteX
236C 9D	60 03	      STA     droidEnergy,X
236F F0	45	      BEQ     _9
2371 30	43	      BMI     _9
2373	      _5:				  ; Disruptor+28↑j
2373						  ; Disruptor+30↑j
2373						  ; Disruptor+3A↑j
2373						  ; Disruptor+D1↓j
2373						  ; Disruptor+DF↓j
2373 CA		      DEX
2374 D0	CD	      BNE     _3
2376 AD	40 03	      LDA     droidType
2379 A2	04	      LDX     #4
237B	      _6:				  ; Disruptor+63↓j
237B DD	5B 6E	      CMP     DisruptorImmune,X
237E F0	1A	      BEQ     _state2
2380 CA		      DEX
2381 10	F8	      BPL     _6
2383 AD	60 03	      LDA     droidEnergy
2386 18		      CLC
2387 6D	40 03	      ADC     droidType
238A 38		      SEC
238B E5	67	      SBC     shipLevel
238D 38		      SEC
238E E9	20	      SBC     #$20
2390 8D	60 03	      STA     droidEnergy
2393 10	05	      BPL     _state2
2395 A9	00	      LDA     #0
2397 8D	60 03	      STA     droidEnergy
239A	      _state2:				  ; Disruptor+F↑j Disruptor+23↑j
239A						  ; Disruptor+60↑j
239A						  ; Disruptor+75↑j
239A A9	F1	      LDA     #$F1
239C 85	2C	      STA     Irq1bgColor
239E	      _8:				  ; Disruptor+E4↓j
239E AD	1B D4	      LDA     byte_0_D41B
23A1 29	07	      AND     #7
23A3 85	48	      STA     hScroll
23A5 A5	94	      LDA     disruptorCnt
23A7 29	0F	      AND     #$F
23A9 38		      SEC
23AA E9	01	      SBC     #1
23AC 85	94	      STA     disruptorCnt
23AE AD	1B D4	      LDA     byte_0_D41B
23B1 29	07	      AND     #7
23B3 85	49	      STA     vScroll
23B5 60		      RTS
23B6	      _9:				  ; Disruptor+51↑j
23B6						  ; Disruptor+53↑j
23B6 A5	64	      LDA     Alert
23B8 18		      CLC
23B9 7D	40 03	      ADC     droidType,X
23BC 90	02	      BCC     _10
23BE A9	FF	      LDA     #$FF
23C0	      _10:				  ; Disruptor+9E↑j
23C0 85	64	      STA     Alert
23C2 20	9D 1C	      JSR     RemoveShipDroid
23C5 BC	40 03	      LDY     droidType,X
23C8 B9	00 EA	      LDA     DCent_t,Y
23CB 85	0F	      STA     tmp1
23CD 98		      TYA
23CE A9	40	      LDA     #$40		  ; start explosion
23D0 9D	60 03	      STA     droidEnergy,X
23D3 9D	40 03	      STA     droidType,X
23D6 BD	50 03	      LDA     droidSprNum,X
23D9 85	04	      STA     SpriteNum
23DB 20	66 09	      JSR     RdSpriteState
23DE A9	FF	      LDA     #$FF
23E0 85	0B	      STA     SpriteMC
23E2 A9	F7	      LDA     #$F7
23E4 85	0D	      STA     SpriteColor
23E6 A9	39	      LDA     #$39
23E8 85	0E	      STA     SpriteImage
23EA 20	B7 09	      JSR     WrSpriteState
23ED A5	AF	      LDA     disruptorOwner
23EF D0	82	      BNE     _5
23F1 A4	0F	      LDY     tmp1
23F3 B9	EC 6D	      LDA     ShootScore,Y
23F6 20	94 3E	      JSR     AddScore
23F9 A9	12	      LDA     #$12
23FB 85	91	      STA     sndFx1
23FD 4C	73 23	      JMP     _5
2400	      _state3:				  ; Disruptor+15↑j
2400 C6	2C	      DEC     Irq1bgColor
2402 D0	9A	      BNE     _8
2404 60		      RTS
2405	      _state1:				  ; Disruptor+A↑j
2405 A5	95	      LDA     disruptorBgSave
2407 85	2C	      STA     Irq1bgColor
2409 C6	94	      DEC     disruptorCnt
240B 60		      RTS
240B	      ;	End of function	Disruptor
240C	      ;	---------------	S U B R	O U T I	N E ---------------------------------------
240C	      lift_HighlightDeck:		  ; ChangeDeck+18↓p
240C						  ; ChangeDeck+1F↓p
240C						  ; con_ShipInfo+38↓p
240C A4	33	      LDY     deckNum
240E B9	40 F1	      LDA     lift_DeckHeight,Y
2411 85	10	      STA     currentIdx
2413 B9	20 F1	      LDA     lift_DeckY,Y
2416 18		      CLC
2417 69	0A	      ADC     #10
2419 AA		      TAX
241A BD	14 0D	      LDA     LinePtr_lo,X
241D 38		      SEC
241E 79	30 F1	      ADC     lift_DeckX,Y
2421 85	1C	      STA     dest
2423 BD	FB 0C	      LDA     LinePtr_hi,X
2426 69	00	      ADC     #0
2428 85	1D	      STA     dest+1
242A B9	50 F1	      LDA     lift_DeckWidth,Y
242D 85	11	      STA     xfer_cpuSpriteX
242F A5	10	      LDA     currentIdx
2431 C9	01	      CMP     #1
2433 F0	45	      BEQ     _8
2435	      _1:				  ; lift_HighlightDeck+66↓j
2435 A0	00	      LDY     #0
2437	      _2:				  ; lift_HighlightDeck+57↓j
2437 B1	1C	      LDA     (dest),Y
2439 10	25	      BPL     _5
243B C9	9E	      CMP     #$9E
243D B0	21	      BCS     _5
243F C9	90	      CMP     #$90
2441 B0	07	      BCS     _3
2443 69	10	      ADC     #$10		  ; [80,8f] -> [90,9f]
2445 91	1C	      STA     (dest),Y
2447 4C	50 24	      JMP     _4
244A	      _3:				  ; lift_HighlightDeck+35↑j
244A 48		      PHA
244B E9	10	      SBC     #$10		  ; [90,9d] -> [80,8d]
244D 91	1C	      STA     (dest),Y
244F 68		      PLA
2450	      _4:				  ; lift_HighlightDeck+3B↑j
2450 C9	92	      CMP     #$92
2452 F0	21	      BEQ     _7
2454 C9	95	      CMP     #$95
2456 F0	1D	      BEQ     _7
2458 C9	98	      CMP     #$98
245A F0	19	      BEQ     _7
245C C9	9B	      CMP     #$9B
245E F0	15	      BEQ     _7
2460	      _5:				  ; lift_HighlightDeck+2D↑j
2460						  ; lift_HighlightDeck+31↑j
2460						  ; lift_HighlightDeck+6B↓j
2460 C8		      INY
2461 C4	11	      CPY     xfer_cpuSpriteX
2463 90	D2	      BCC     _2
2465 18		      CLC
2466 A5	1C	      LDA     dest
2468 69	28	      ADC     #40
246A 85	1C	      STA     dest
246C 90	02	      BCC     _6
246E E6	1D	      INC     dest+1
2470	      _6:				  ; lift_HighlightDeck+60↑j
2470 C6	10	      DEC     currentIdx
2472 D0	C1	      BNE     _1
2474 60		      RTS
2475	      _7:				  ; lift_HighlightDeck+46↑j
2475						  ; lift_HighlightDeck+4A↑j
2475						  ; lift_HighlightDeck+4E↑j
2475						  ; lift_HighlightDeck+52↑j
2475 A0	FE	      LDY     #-2
2477 4C	60 24	      JMP     _5
247A	      _8:				  ; lift_HighlightDeck+27↑j
247A A0	00	      LDY     #0
247C	      _9:				  ; lift_HighlightDeck+9F↓j
247C B1	1C	      LDA     (dest),Y
247E 10	28	      BPL     _12
2480 C9	9C	      CMP     #$9C
2482 F0	20	      BEQ     _11
2484 C9	9D	      CMP     #$9D
2486 F0	1C	      BEQ     _11
2488 C9	93	      CMP     #$93
248A B0	1C	      BCS     _12
248C C9	90	      CMP     #$90
248E B0	14	      BCS     _11
2490 C9	8E	      CMP     #$8E
2492 B0	14	      BCS     _12
2494 C9	8C	      CMP     #$8C
2496 B0	04	      BCS     _10
2498 C9	83	      CMP     #$83
249A B0	0C	      BCS     _12
249C	      _10:				  ; lift_HighlightDeck+8A↑j
249C 18		      CLC
249D 69	10	      ADC     #$10
249F 91	1C	      STA     (dest),Y
24A1 4C	A8 24	      JMP     _12
24A4	      _11:				  ; lift_HighlightDeck+76↑j
24A4						  ; lift_HighlightDeck+7A↑j
24A4						  ; lift_HighlightDeck+82↑j
24A4 E9	10	      SBC     #$10
24A6 91	1C	      STA     (dest),Y
24A8	      _12:				  ; lift_HighlightDeck+72↑j
24A8						  ; lift_HighlightDeck+7E↑j
24A8						  ; lift_HighlightDeck+86↑j
24A8						  ; lift_HighlightDeck+8E↑j
24A8						  ; lift_HighlightDeck+95↑j
24A8 C8		      INY
24A9 C4	11	      CPY     xfer_cpuSpriteX
24AB 90	CF	      BCC     _9
24AD 60		      RTS
24AD	      ;	End of function	lift_HighlightDeck
24AE	      ;	---------------	S U B R	O U T I	N E ---------------------------------------
24AE	      LineOfVisibility:			  ; dMd0_droid+67↑p
24AE A5	12	      LDA     ptr_12		  ; droid
24B0 C5	4C	      CMP     plyMapPos		  ; -player
24B2 D0	08	      BNE     _1
24B4 A5	13	      LDA     ptr_12+1
24B6 C5	4D	      CMP     plyMapPos+1
24B8 D0	02	      BNE     _1
24BA 18		      CLC
24BB 60		      RTS
24BC	      _1:				  ; LineOfVisibility+4↑j
24BC						  ; LineOfVisibility+A↑j
24BC A5	12	      LDA     ptr_12
24BE 38		      SEC
24BF E5	4C	      SBC     plyMapPos
24C1 85	5E	      STA     deltaX
24C3 30	27	      BMI     _left
24C5 A9	00	      LDA     #0
24C7 85	5F	      STA     deltaX+1
24C9 A5	13	      LDA     ptr_12+1
24CB 38		      SEC
24CC E5	4D	      SBC     plyMapPos+1
24CE 85	60	      STA     deltaY
24D0 30	53	      BMI     _ur
24D2 A9	00	      LDA     #0
24D4 85	61	      STA     deltaY+1
24D6 20	AF 25	      JSR     CalcDeltaAdd	  ; !! replace this POS
24D9	      _dr_loop:				  ; LineOfVisibility+34↓j
24D9						  ; LineOfVisibility+3A↓j
24D9 20	8D 25	      JSR     TestNextPiece
24DC B0	0D	      BCS     _x		  ; wall
24DE A5	14	      LDA     ptr_14
24E0 C5	12	      CMP     ptr_12
24E2 90	F5	      BCC     _dr_loop
24E4 A5	15	      LDA     ptr_14+1
24E6 C5	13	      CMP     ptr_12+1
24E8 90	EF	      BCC     _dr_loop
24EA 18		      CLC			  ; visible
24EB	      _x:				  ; LineOfVisibility+2E↑j
24EB						  ; LineOfVisibility+67↓j
24EB 60		      RTS
24EC	      _left:				  ; LineOfVisibility+15↑j
24EC A9	FF	      LDA     #$FF
24EE 85	5F	      STA     deltaX+1
24F0 A5	13	      LDA     ptr_12+1
24F2 38		      SEC
24F3 E5	4D	      SBC     plyMapPos+1
24F5 85	60	      STA     deltaY
24F7 30	57	      BMI     _ul
24F9 A9	00	      LDA     #0
24FB 85	61	      STA     deltaY+1
24FD A5	5E	      LDA     deltaX
24FF 49	FF	      EOR     #$FF
2501 18		      CLC
2502 69	01	      ADC     #1
2504 85	5E	      STA     deltaX
2506 20	AF 25	      JSR     CalcDeltaAdd	  ; !! replace this POS
2509 A5	5E	      LDA     deltaX
250B 49	FF	      EOR     #$FF
250D 18		      CLC
250E 69	01	      ADC     #1
2510 85	5E	      STA     deltaX
2512	      _dl_loop:				  ; LineOfVisibility+6D↓j
2512						  ; LineOfVisibility+73↓j
2512 20	8D 25	      JSR     TestNextPiece
2515 B0	D4	      BCS     _x
2517 A5	14	      LDA     ptr_14
2519 C5	12	      CMP     ptr_12
251B B0	F5	      BCS     _dl_loop
251D A5	15	      LDA     ptr_14+1
251F C5	13	      CMP     ptr_12+1
2521 90	EF	      BCC     _dl_loop
2523 18		      CLC
2524 60		      RTS
2525	      _ur:				  ; LineOfVisibility+22↑j
2525 A9	FF	      LDA     #-1
2527 85	61	      STA     deltaY+1
2529 A5	60	      LDA     deltaY
252B 49	FF	      EOR     #$FF
252D 18		      CLC
252E 69	01	      ADC     #1
2530 85	60	      STA     deltaY
2532 20	AF 25	      JSR     CalcDeltaAdd	  ; !! replace this POS
2535 A5	60	      LDA     deltaY
2537 49	FF	      EOR     #$FF
2539 18		      CLC
253A 69	01	      ADC     #1
253C 85	60	      STA     deltaY
253E	      _ur_loop:				  ; LineOfVisibility+99↓j
253E						  ; LineOfVisibility+9F↓j
253E 20	8D 25	      JSR     TestNextPiece
2541 B0	49	      BCS     _9
2543 A5	14	      LDA     ptr_14
2545 C5	12	      CMP     ptr_12
2547 90	F5	      BCC     _ur_loop
2549 A5	15	      LDA     ptr_14+1
254B C5	13	      CMP     ptr_12+1
254D B0	EF	      BCS     _ur_loop
254F 60		      RTS
2550	      _ul:				  ; LineOfVisibility+49↑j
2550 A9	FF	      LDA     #$FF
2552 85	61	      STA     deltaY+1
2554 A5	5E	      LDA     deltaX
2556 49	FF	      EOR     #$FF
2558 18		      CLC
2559 69	01	      ADC     #1
255B 85	5E	      STA     deltaX
255D A5	60	      LDA     deltaY
255F 49	FF	      EOR     #$FF
2561 18		      CLC
2562 69	01	      ADC     #1
2564 85	60	      STA     deltaY
2566 20	AF 25	      JSR     CalcDeltaAdd	  ; !! replace this POS
2569 A5	5E	      LDA     deltaX
256B 49	FF	      EOR     #$FF
256D 18		      CLC
256E 69	01	      ADC     #1
2570 85	5E	      STA     deltaX
2572 A5	60	      LDA     deltaY
2574 49	FF	      EOR     #$FF
2576 18		      CLC
2577 69	01	      ADC     #1
2579 85	60	      STA     deltaY
257B	      _ul_loop:				  ; LineOfVisibility+D6↓j
257B						  ; LineOfVisibility+DC↓j
257B 20	8D 25	      JSR     TestNextPiece
257E B0	0C	      BCS     _9
2580 A5	14	      LDA     ptr_14
2582 C5	12	      CMP     ptr_12
2584 B0	F5	      BCS     _ul_loop
2586 A5	15	      LDA     ptr_14+1
2588 C5	13	      CMP     ptr_12+1
258A B0	EF	      BCS     _ul_loop
258C	      _9:				  ; LineOfVisibility+93↑j
258C						  ; LineOfVisibility+D0↑j
258C 60		      RTS
258C	      ;	End of function	LineOfVisibility
258D	      ;	---------------	S U B R	O U T I	N E ---------------------------------------
258D	      TestNextPiece:			  ; LineOfVisibility+2B↑p
258D						  ; LineOfVisibility+64↑p
258D						  ; LineOfVisibility+90↑p
258D						  ; LineOfVisibility+CD↑p
258D A5	5E	      LDA     deltaX
258F 18		      CLC
2590 65	1C	      ADC     dest		  ; x fraction
2592 85	1C	      STA     dest
2594 A5	5F	      LDA     deltaX+1
2596 65	14	      ADC     ptr_14		  ; xcoord
2598 85	14	      STA     ptr_14
259A A5	60	      LDA     deltaY
259C 18		      CLC
259D 65	1D	      ADC     dest+1		  ; y fraction
259F 85	1D	      STA     dest+1
25A1 A5	61	      LDA     deltaY+1
25A3 65	15	      ADC     ptr_14+1		  ; ycoord
25A5 85	15	      STA     ptr_14+1
25A7 B1	14	      LDA     (ptr_14),Y
25A9 30	02	      BMI     _1		  ; wall
25AB 18		      CLC
25AC 60		      RTS
25AD	      _1:				  ; TestNextPiece+1C↑j
25AD 38		      SEC
25AE 60		      RTS
25AE	      ;	End of function	TestNextPiece
25AF	      ;	---------------	S U B R	O U T I	N E ---------------------------------------
25AF	      ;	!! replace this	POS
25AF	      CalcDeltaAdd:			  ; LineOfVisibility+28↑p
25AF						  ; LineOfVisibility+58↑p
25AF						  ; LineOfVisibility+84↑p
25AF						  ; LineOfVisibility+B8↑p
25AF A6	5E	      LDX     deltaX
25B1 A4	5F	      LDY     deltaX+1
25B3 86	1C	      STX     dest
25B5 84	1D	      STY     dest+1
25B7 A6	60	      LDX     deltaY
25B9 A4	61	      LDY     deltaY+1
25BB 86	14	      STX     ptr_14
25BD 84	15	      STY     ptr_14+1
25BF	      _1:				  ; CalcDeltaAdd+1F↓j
25BF A5	1C	      LDA     dest		  ; ROL	until b7 set on	either
25C1 0A		      ASL     A
25C2 B0	0D	      BCS     _2
25C4 AA		      TAX
25C5 A5	14	      LDA     ptr_14
25C7 0A		      ASL     A
25C8 B0	07	      BCS     _2
25CA 85	14	      STA     ptr_14
25CC 86	1C	      STX     dest
25CE 4C	BF 25	      JMP     _1
25D1	      _2:				  ; CalcDeltaAdd+13↑j
25D1						  ; CalcDeltaAdd+19↑j
25D1						  ; CalcDeltaAdd+34↓j
25D1 A5	1C	      LDA     dest		  ; += delta until Fc=1
25D3 18		      CLC
25D4 65	5E	      ADC     deltaX
25D6 B0	0E	      BCS     _3
25D8 AA		      TAX
25D9 A5	14	      LDA     ptr_14
25DB 65	60	      ADC     deltaY
25DD B0	07	      BCS     _3
25DF 85	14	      STA     ptr_14
25E1 86	1C	      STX     dest
25E3 4C	D1 25	      JMP     _2
25E6	      _3:				  ; CalcDeltaAdd+27↑j
25E6						  ; CalcDeltaAdd+2E↑j
25E6 A6	1C	      LDX     dest
25E8 A4	1D	      LDY     dest+1
25EA 86	5E	      STX     deltaX
25EC 84	5F	      STY     deltaX+1
25EE A6	14	      LDX     ptr_14
25F0 A4	15	      LDY     ptr_14+1
25F2 86	60	      STX     deltaY
25F4 84	61	      STY     deltaY+1
25F6 A6	4C	      LDX     plyMapPos
25F8 A4	4D	      LDY     plyMapPos+1
25FA 86	14	      STX     ptr_14
25FC 84	15	      STY     ptr_14+1
25FE A0	00	      LDY     #0
2600 84	1C	      STY     dest
2602 84	1D	      STY     dest+1
2604 60		      RTS
2604	      ;	End of function	CalcDeltaAdd
2605	      ;	---------------	S U B R	O U T I	N E ---------------------------------------
2605	      AnimateIntoFont:			  ; GameLoop+34↑p GameLoop+126↑p
2605						  ; RunGame+1C↑p doSubGame+5E↑p
2605						  ; FinishTransfer2+18↑p
2605						  ; Capture+58↑p DoPause+53↓p
2605 85	20	      STA     tmp2		  ; #chars
2607	      _1:				  ; AnimateIntoFont+1F↓j
2607 A0	00	      LDY     #0
2609 B1	1A	      LDA     (src),Y		  ; 61/81
260B AA		      TAX
260C 29	07	      AND     #7
260E 38		      SEC
260F E9	01	      SBC     #1
2611 F0	14	      BEQ     _4		  ; xxxxx001
2613 CA		      DEX			  ; decrement and put back
2614 8A		      TXA
2615 91	1A	      STA     (src),Y
2617	      _2:				  ; AnimateIntoFont+72↓j
2617 18		      CLC
2618 A5	1A	      LDA     src
261A 69	22	      ADC     #$22
261C 85	1A	      STA     src
261E 90	02	      BCC     _3
2620 E6	1B	      INC     src+1
2622	      _3:				  ; AnimateIntoFont+19↑j
2622 C6	20	      DEC     tmp2
2624 D0	E1	      BNE     _1
2626 60		      RTS
2627	      _4:				  ; AnimateIntoFont+C↑j
2627 B1	1A	      LDA     (src),Y		  ; b7..b5 into	tmp1
2629 2A		      ROL     A
262A 2A		      ROL     A
262B 2A		      ROL     A
262C 2A		      ROL     A
262D 29	07	      AND     #7
262F 85	0F	      STA     tmp1		  ; 03/04
2631 B1	1A	      LDA     (src),Y
2633 18		      CLC			  ; bump b4..b3
2634 69	08	      ADC     #8
2636 29	18	      AND     #$18
2638 AA		      TAX
2639 05	0F	      ORA     tmp1
263B 85	0F	      STA     tmp1
263D B1	1A	      LDA     (src),Y
263F 29	E0	      AND     #$E0
2641 05	0F	      ORA     tmp1
2643 91	1A	      STA     (src),Y
2645 C8		      INY
2646 A9	00	      LDA     #0
2648 8D	72 26	      STA     _dest+2
264B B1	1A	      LDA     (src),Y		  ; 14/a0
264D 18		      CLC
264E 2A		      ROL     A
264F 2E	72 26	      ROL     _dest+2
2652 2A		      ROL     A
2653 2E	72 26	      ROL     _dest+2
2656 2A		      ROL     A
2657 2E	72 26	      ROL     _dest+2		  ; 00/05
265A 69	00	      ADC     #0
265C 8D	71 26	      STA     _dest+1		  ; a0/00
265F AD	72 26	      LDA     _dest+2
2662 69	78	      ADC     #$78
2664 8D	72 26	      STA     _dest+2		  ; 78a0 7d00
2667 8A		      TXA
2668 18		      CLC
2669 69	09	      ADC     #9
266B A8		      TAY
266C A2	07	      LDX     #7
266E	      _5:				  ; AnimateIntoFont+70↓j
266E B1	1A	      LDA     (src),Y
2670	      _dest:				  ; AnimateIntoFont+57↑w
2670						  ; AnimateIntoFont+43↑w
2670						  ; AnimateIntoFont+5A↑r
2670						  ; AnimateIntoFont+5F↑w
2670 9D	00 78	      STA     $7800,X
2673 88		      DEY
2674 CA		      DEX
2675 10	F7	      BPL     _5
2677 4C	17 26	      JMP     _2
2677	      ;	End of function	AnimateIntoFont
267A	      ;	---------------	S U B R	O U T I	N E ---------------------------------------
267A	      DoLift:				  ; StartGame+114↑p
267A 20	C3 2E	      JSR     SaveVicState
267D A9	00	      LDA     #0
267F 85	5B	      STA     dInfoPage
2681 20	69 30	      JSR     DrawSideview
2684 A5	33	      LDA     deckNum
2686 85	65	      STA     prevDeck
2688 20	2F 27	      JSR     FindLift
268B B0	67	      BCS     _3
268D A2	FB	      LDX     #$FB		  ; 6bfb - Lift_txt
268F A0	6B	      LDY     #$6B
2691 20	2E 0C	      JSR     DrawString
2694 A9	16	      LDA     #$16
2696 85	92	      STA     SndFx2
2698 20	64 28	      JSR     WaitNoFire
269B	      _1:				  ; DoLift+2D↓j
269B 20	1A 09	      JSR     ReadJoystick
269E A5	16	      LDA     joyYDir
26A0 F0	03	      BEQ     _2
26A2 20	05 27	      JSR     ChangeDeck
26A5	      _2:				  ; DoLift+26↑j
26A5 A5	18	      LDA     joyFire
26A7 D0	F2	      BNE     _1
26A9 A4	62	      LDY     liftPos
26AB A9	00	      LDA     #0
26AD 85	1D	      STA     dest+1
26AF B9	26 6D	      LDA     liftPosY,Y
26B2 0A		      ASL     A
26B3 26	1D	      ROL     dest+1
26B5 0A		      ASL     A
26B6 26	1D	      ROL     dest+1
26B8 0A		      ASL     A
26B9 26	1D	      ROL     dest+1
26BB 85	1C	      STA     dest		  ; *8
26BD A5	2F	      LDA     ScreenPosY
26BF 29	1F	      AND     #$1F
26C1 05	1C	      ORA     dest
26C3 85	1C	      STA     dest
26C5 A6	1C	      LDX     dest
26C7 A4	1D	      LDY     dest+1
26C9 86	2F	      STX     ScreenPosY
26CB 84	30	      STY     ScreenPosY+1
26CD A4	62	      LDY     liftPos
26CF A9	00	      LDA     #0
26D1 85	1D	      STA     dest+1
26D3 B9	07 6D	      LDA     liftPosX,Y
26D6 0A		      ASL     A
26D7 26	1D	      ROL     dest+1
26D9 0A		      ASL     A
26DA 26	1D	      ROL     dest+1
26DC 0A		      ASL     A
26DD 26	1D	      ROL     dest+1
26DF 85	1C	      STA     dest		  ; *8
26E1 A5	2D	      LDA     ScreenPosX
26E3 29	1F	      AND     #$1F
26E5 05	1C	      ORA     dest
26E7 85	1C	      STA     dest
26E9 A6	1C	      LDX     dest
26EB A4	1D	      LDY     dest+1
26ED 86	2D	      STX     ScreenPosX
26EF 84	2E	      STY     ScreenPosX+1
26F1 20	64 28	      JSR     WaitNoFire
26F4	      _3:				  ; DoLift+11↑j
26F4 20	35 38	      JSR     DoMobile
26F7 A9	C0	      LDA     #$C0
26F9 8D	1C 6F	      STA     _d016Mode+1
26FC A9	21	      LDA     #$21
26FE 8D	55 6F	      STA     _d018+1
2701 20	10 2F	      JSR     RestoreVicState
2704 60		      RTS
2704	      ;	End of function	DoLift
2705	      ;	---------------	S U B R	O U T I	N E ---------------------------------------
2705	      ChangeDeck:			  ; DoLift+28↑p
2705 A5	62	      LDA     liftPos
2707 18		      CLC
2708 65	16	      ADC     joyYDir
270A A8		      TAY
270B B9	E7 6C	      LDA     liftIdx2Shaft,Y
270E C5	63	      CMP     liftNum
2710 D0	1C	      BNE     _1
2712 B9	C8 6C	      LDA     liftPosDeck,Y
2715 84	62	      STY     liftPos
2717 85	0F	      STA     tmp1
2719 A9	10	      LDA     #$10
271B 85	92	      STA     SndFx2
271D 20	0C 24	      JSR     lift_HighlightDeck
2720 A5	0F	      LDA     tmp1
2722 85	33	      STA     deckNum
2724 20	0C 24	      JSR     lift_HighlightDeck
2727 A9	10	      LDA     #$10
2729 85	91	      STA     sndFx1
272B 20	90 35	      JSR     BuildLevel
272E	      _1:				  ; ChangeDeck+B↑j
272E 60		      RTS
272E	      ;	End of function	ChangeDeck
272F	      ;	---------------	S U B R	O U T I	N E ---------------------------------------
272F	      FindLift:				  ; DoLift+E↑p
272F A0	1F	      LDY     #$1F		  ; !! error - should be $1e !!
2731 A5	32	      LDA     byte_0_32
2733 29	FC	      AND     #$FC
2735 85	1D	      STA     dest+1
2737 A5	31	      LDA     byte_0_31
2739 29	FC	      AND     #$FC
273B 85	1C	      STA     dest
273D	      _1:				  ; FindLift+24↓j
273D B9	26 6D	      LDA     liftPosY,Y	  ; find matching (x,y,deck)
2740 C5	1D	      CMP     dest+1
2742 D0	0E	      BNE     _2
2744 B9	07 6D	      LDA     liftPosX,Y
2747 C5	1C	      CMP     dest
2749 D0	07	      BNE     _2
274B B9	C8 6C	      LDA     liftPosDeck,Y
274E C5	33	      CMP     deckNum
2750 F0	05	      BEQ     _3
2752	      _2:				  ; FindLift+13↑j FindLift+1A↑j
2752 88		      DEY
2753 D0	E8	      BNE     _1
2755 38		      SEC
2756 60		      RTS
2757	      _3:				  ; FindLift+21↑j
2757 84	62	      STY     liftPos
2759 B9	E7 6C	      LDA     liftIdx2Shaft,Y
275C 85	63	      STA     liftNum
275E A8		      TAY
275F B9	B8 6C	      LDA     liftShaftY,Y
2762 18		      CLC
2763 69	0A	      ADC     #10
2765 AA		      TAX
2766 BD	14 0D	      LDA     LinePtr_lo,X
2769 38		      SEC
276A 79	B0 6C	      ADC     liftShaftX,Y
276D 85	1C	      STA     dest
276F BD	FB 0C	      LDA     LinePtr_hi,X
2772 69	00	      ADC     #0
2774 85	1D	      STA     dest+1
2776 20	95 27	      JSR     Scr2ColorRAM
2779 B9	C0 6C	      LDA     liftShaftHeight,Y
277C 29	0F	      AND     #$F
277E AA		      TAX
277F A0	00	      LDY     #0
2781	      _4:				  ; FindLift+62↓j
2781 A9	F9	      LDA     #$F9
2783 91	1E	      STA     (dest2),Y
2785 18		      CLC
2786 A5	1E	      LDA     dest2
2788 69	28	      ADC     #40
278A 85	1E	      STA     dest2
278C 90	02	      BCC     _5
278E E6	1F	      INC     dest2+1
2790	      _5:				  ; FindLift+5D↑j
2790 CA		      DEX
2791 D0	EE	      BNE     _4
2793 18		      CLC
2794 60		      RTS
2794	      ;	End of function	FindLift
2795	      ;	---------------	S U B R	O U T I	N E ---------------------------------------
2795	      Scr2ColorRAM:			  ; xfer_DoMove+41↑p
2795						  ; xfer_DoMove+4A↑p
2795						  ; xfer_DoMove+6D↑p
2795						  ; xfer_DoColumn+70↑p
2795						  ; xsub_Black4↑p
2795						  ; xsub_Black4+8↑p
2795						  ; xsub_Black4+16↑p
2795						  ; xsub_Black4+23↑p
2795						  ; xferGetLine+E↑p
2795						  ; xferDrawCBar+12↑p
2795						  ; xferDrawCBar+43↑p
2795						  ; FindLift+47↑p
2795						  ; con_DeckInfo+57↓p
2795						  ; EndGame+18↓p
2795 A5	1C	      LDA     dest
2797 85	1E	      STA     dest2
2799 A5	1D	      LDA     dest+1
279B 18		      CLC
279C 69	90	      ADC     #$90
279E 85	1F	      STA     dest2+1
27A0 60		      RTS
27A0	      ;	End of function	Scr2ColorRAM
27A1	      ;	---------------	S U B R	O U T I	N E ---------------------------------------
27A1	      SetIntroColors:			  ; TitleLoop+9F↑p
27A1 A2	44	      LDX     #$44		  ; 6a44 - ColorSets
27A3 A0	6A	      LDY     #$6A
27A5 86	1C	      STX     dest
27A7 84	1D	      STY     dest+1
27A9 AD	1B D4	      LDA     byte_0_D41B	  ; rnd	[2,5]
27AC 29	03	      AND     #3
27AE 18		      CLC
27AF 69	02	      ADC     #2
27B1 85	20	      STA     tmp2
27B3	      _1:				  ; SetIntroColors+1F↓j
27B3 18		      CLC
27B4 A5	1C	      LDA     dest
27B6 69	0C	      ADC     #12
27B8 85	1C	      STA     dest
27BA 90	02	      BCC     _2
27BC E6	1D	      INC     dest+1
27BE	      _2:				  ; SetIntroColors+19↑j
27BE C6	20	      DEC     tmp2
27C0 D0	F1	      BNE     _1
27C2 A0	0B	      LDY     #11
27C4	      _3:				  ; SetIntroColors+29↓j
27C4 B1	1C	      LDA     (dest),Y
27C6 99	15 02	      STA     clr0_top_d020,Y
27C9 88		      DEY
27CA 10	F8	      BPL     _3
27CC 85	2C	      STA     Irq1bgColor
27CE AD	18 02	      LDA     clr3_d020
27D1 85	5A	      STA     bgColor
27D3 8D	20 D0	      STA     unk_0_D020
27D6 AD	19 02	      LDA     clr4_txt		  ; textcolor
27D9 A0	0F	      LDY     #$F		  ; to all indexes
27DB	      _4:				  ; SetIntroColors+3E↓j
27DB 99	15 02	      STA     clr0_top_d020,Y
27DE 88		      DEY
27DF 10	FA	      BPL     _4
27E1 20	44 28	      JSR     LevelColors
27E4 60		      RTS
27E4	      ;	End of function	SetIntroColors
27E5	      ;	---------------	S U B R	O U T I	N E ---------------------------------------
27E5	      InitColors:			  ; StartGame+ED↑p
27E5						  ; StartGame+153↑p
27E5						  ; RunDroids+91↑p
27E5						  ; ShowTitle+20↓p DoPause+8C↓p
27E5 A2	44	      LDX     #$44		  ; 6a44 - ColorSets
27E7 A0	6A	      LDY     #$6A
27E9 86	1C	      STX     dest
27EB 84	1D	      STY     dest+1
27ED A9	00	      LDA     #0
27EF 85	20	      STA     tmp2
27F1 A5	59	      LDA     numDeckDroids
27F3 C9	01	      CMP     #1
27F5 D0	04	      BNE     _1
27F7 A9	07	      LDA     #7
27F9 D0	09	      BNE     _2
27FB	      _1:				  ; InitColors+10↑j
27FB A5	50	      LDA     blkWhte
27FD D0	18	      BNE     _5
27FF A4	33	      LDY     deckNum
2801 B9	60 F1	      LDA     deckColorScheme,Y
2804	      _2:				  ; InitColors+14↑j
2804 85	20	      STA     tmp2
2806 F0	0F	      BEQ     _5
2808	      _3:				  ; InitColors+30↓j
2808 18		      CLC
2809 A5	1C	      LDA     dest
280B 69	0C	      ADC     #12
280D 85	1C	      STA     dest
280F 90	02	      BCC     _4
2811 E6	1D	      INC     dest+1
2813	      _4:				  ; InitColors+2A↑j
2813 C6	20	      DEC     tmp2
2815 D0	F1	      BNE     _3
2817	      _5:				  ; InitColors+18↑j
2817						  ; InitColors+21↑j
2817 A0	0B	      LDY     #11
2819	      _6:				  ; InitColors+3A↓j
2819 B1	1C	      LDA     (dest),Y
281B 99	15 02	      STA     clr0_top_d020,Y
281E 88		      DEY
281F 10	F8	      BPL     _6
2821 85	2C	      STA     Irq1bgColor
2823 85	95	      STA     disruptorBgSave
2825 AD	18 02	      LDA     clr3_d020
2828 85	5A	      STA     bgColor
282A 8D	20 D0	      STA     unk_0_D020
282D A9	FE	      LDA     #$FE
282F 8D	24 02	      STA     clr15_unknown
2832 20	44 28	      JSR     LevelColors
2835 A5	64	      LDA     Alert
2837 2A		      ROL     A
2838 2A		      ROL     A
2839 2A		      ROL     A
283A 29	03	      AND     #3
283C A8		      TAY
283D B9	45 6D	      LDA     AlertColors,Y
2840 8D	16 08	      STA     CharColor+$16
2843 60		      RTS
2843	      ;	End of function	InitColors
2844	      ;	---------------	S U B R	O U T I	N E ---------------------------------------
2844	      LevelColors:			  ; SetIntroColors+40↑p
2844						  ; InitColors+4D↑p
2844 A2	00	      LDX     #0		  ; d800
2846 A0	D8	      LDY     #$D8
2848 86	1C	      STX     dest
284A 84	1D	      STY     dest+1
284C A5	5A	      LDA     bgColor
284E A2	06	      LDX     #6
2850 20	52 0A	      JSR     FillCRAM
2853 A9	F2	      LDA     #$F2		  ; 2 lines red
2855 A0	23	      LDY     #35
2857	      _1:				  ; LevelColors+1A↓j
2857 99	52 D8	      STA     $D852,Y
285A 99	7A D8	      STA     $D87A,Y
285D 88		      DEY
285E 10	F7	      BPL     _1
2860 20	77 35	      JSR     NewCharColors
2863 60		      RTS
2863	      ;	End of function	LevelColors
2864	      ;	---------------	S U B R	O U T I	N E ---------------------------------------
2864	      WaitNoFire:			  ; GameLoop+152↑p Capture+D↑p
2864						  ; DoLift+1E↑p	DoLift+77↑p
2864						  ; WaitNoFire+E↓j
2864						  ; PrintTokenString+41↓p
2864 A9	08	      LDA     #8
2866 85	55	      STA     byte_0_55
2868	      _2:				  ; WaitNoFire+12↓j
2868 20	1A 09	      JSR     ReadJoystick
286B A0	08	      LDY     #8
286D 20	62 0B	      JSR     DelayScore
2870 A5	18	      LDA     joyFire
2872 F0	F0	      BEQ     WaitNoFire
2874 C6	55	      DEC     byte_0_55
2876 D0	F0	      BNE     _2
2878 60		      RTS
2878	      ;	End of function	WaitNoFire
2879	      ;	---------------	S U B R	O U T I	N E ---------------------------------------
2879	      ShowTitle:			  ; TitleLoop+13↑p
2879 A2	00	      LDX     #0		  ; cc00 - Title_dat
287B A0	CC	      LDY     #$CC
287D 86	B2	      STX     cpySrc
287F 84	B3	      STY     cpySrc+1
2881 A2	00	      LDX     #0
2883 A0	48	      LDY     #$48
2885 86	B0	      STX     cpyDest
2887 84	B1	      STY     cpyDest+1
2889 A2	04	      LDX     #4
288B 20	9B 0C	      JSR     MoveMem		  ; (b2) -> (b0)
288E A2	22	      LDX     #$22		  ; 2922 - Irq1
2890 A0	29	      LDY     #$29
2892 8E	FE FF	      STX     byte_0_FFFE
2895 8C	FF FF	      STY     byte_0_FFFE+1
2898 58		      CLI
2899 20	E5 27	      JSR     InitColors
289C
289C A2	00	      LDX     #0		  ; 4800
289E A0	48	      LDY     #$48
28A0 86	1A	      STX     src
28A2 84	1B	      STY     src+1
28A4 A2	00	      LDX     #0		  ; d800
28A6 A0	D8	      LDY     #$D8
28A8 86	1C	      STX     dest
28AA 84	1D	      STY     dest+1
28AC	      _1:				  ; ShowTitle+48↓j
28AC A0	00	      LDY     #0		  ; colorize
28AE	      _2:				  ; ShowTitle+3E↓j
28AE B1	1A	      LDA     (src),Y
28B0 AA		      TAX
28B1 BD	00 08	      LDA     CharColor,X
28B4 91	1C	      STA     (dest),Y
28B6 C8		      INY
28B7 D0	F5	      BNE     _2
28B9 E6	1B	      INC     src+1
28BB E6	1D	      INC     dest+1
28BD A5	1B	      LDA     src+1
28BF C9	4C	      CMP     #$4C
28C1 90	E9	      BCC     _1
28C3
28C3 A0	00	      LDY     #0
28C5 84	4A	      STY     frameCount
28C7 84	25	      STY     notInDeck
28C9 A9	30	      LDA     #$30
28CB	      _3:				  ; ShowTitle+56↓j
28CB 99	00 80	      STA     byte_0_8000,Y
28CE C8		      INY
28CF D0	FA	      BNE     _3
28D1 A2	00	      LDX     #0		  ; 8000
28D3 A0	80	      LDY     #$80
28D5 86	B2	      STX     cpySrc
28D7 84	B3	      STY     cpySrc+1
28D9 A2	00	      LDX     #0		  ; 8100
28DB A0	81	      LDY     #$81
28DD 86	B0	      STX     cpyDest
28DF 84	B1	      STY     cpyDest+1
28E1 A2	3E	      LDX     #$3E
28E3 20	9B 0C	      JSR     MoveMem		  ; (b2) -> (b0)
28E6 78		      SEI
28E7 A5	01	      LDA     byte_0_1
28E9 29	F0	      AND     #$F0
28EB 09	04	      ORA     #4
28ED 85	01	      STA     byte_0_1
28EF A2	00	      LDX     #0		  ; d000
28F1 A0	D0	      LDY     #$D0
28F3 86	1A	      STX     src
28F5 84	1B	      STY     src+1
28F7	      _4:				  ; ShowTitle+83↓j
28F7 20	14 3C	      JSR     UpackText
28FA A5	25	      LDA     notInDeck
28FC F0	F9	      BEQ     _4
28FE A5	01	      LDA     byte_0_1
2900 29	F0	      AND     #$F0
2902 09	05	      ORA     #5
2904 85	01	      STA     byte_0_1
2906 58		      CLI
2907	      _5:				  ; ShowTitle+90↓j
2907						  ; ShowTitle+A6↓j
2907 A5	4B	      LDA     irqToggle
2909 F0	FC	      BEQ     _5
290B	      _6:				  ; ShowTitle+94↓j
290B A5	4B	      LDA     irqToggle
290D D0	FC	      BNE     _6
290F 20	1A 09	      JSR     ReadJoystick
2912 20	00 05	      JSR     Sound
2915 A5	18	      LDA     joyFire
2917 85	53	      STA     byte_0_53
2919 F0	06	      BEQ     _7
291B E6	4A	      INC     frameCount
291D A5	4A	      LDA     frameCount
291F D0	E6	      BNE     _5
2921	      _7:				  ; ShowTitle+A0↑j
2921 60		      RTS
2921	      ;	End of function	ShowTitle
2922	      ;	---------------	S U B R	O U T I	N E ---------------------------------------
2922	      Irq1:
2922 48		      PHA
2923 A9	2F	      LDA     #$2F
2925 8D	18 D0	      STA     unk_0_D018	  ; d018
2928 A5	2C	      LDA     Irq1bgColor
292A 8D	21 D0	      STA     unk_0_D021	  ; d021
292D 8D	20 D0	      STA     unk_0_D020
2930 85	5A	      STA     bgColor
2932 A9	1B	      LDA     #$1B
2934 8D	11 D0	      STA     unk_0_D011	  ; d011
2937 A9	C8	      LDA     #$C8
2939 8D	16 D0	      STA     unk_0_D016
293C	      _1:				  ; Irq1+23↓r Irq1+2B↓w
293C A9	00	      LDA     #0
293E 85	4B	      STA     irqToggle
2940 A9	01	      LDA     #1		  ; !! reorder these !!
2942 8D	19 D0	      STA     unk_0_D019	  ; d019
2945 AD	3D 29	      LDA     _1+1
2948 8D	12 D0	      STA     unk_0_D012	  ; d012
294B 49	80	      EOR     #$80
294D 8D	3D 29	      STA     _1+1
2950 20	6E 0B	      JSR     TapeMotorControl
2953 68		      PLA
2954 40		      RTI
2954	      ;	End of function	Irq1
2955	      ;	---------------	S U B R	O U T I	N E ---------------------------------------
2955	      ConsoleMain:			  ; conRedraw+33↓p
2955 20	49 31	      JSR     ShowRobotType
2958 A2	00	      LDX     #0		  ; 6e00 - AccessGranted_txt
295A A0	6E	      LDY     #$6E
295C 20	2E 0C	      JSR     DrawString
295F A2	12	      LDX     #$12		  ; 6e12 - Ship_txt
2961 A0	6E	      LDY     #$6E
2963 20	2E 0C	      JSR     DrawString
2966 EE	48 02	      INC     byte_0_248
2969 A5	67	      LDA     shipLevel
296B 38		      SEC
296C E9	01	      SBC     #1
296E 29	07	      AND     #7
2970 18		      CLC
2971 69	69	      ADC     #105
2973 20	1E 2E	      JSR     PrCapitalString
2976 A2	1C	      LDX     #$1C		  ; 6e1c - Deck_txt
2978 A0	6E	      LDY     #$6E
297A 20	2E 0C	      JSR     DrawString
297D A5	33	      LDA     deckNum
297F 18		      CLC
2980 69	7A	      ADC     #122
2982 20	1E 2E	      JSR     PrCapitalString
2985 A2	26	      LDX     #$26		  ; 6e26 - Alert_txt
2987 A0	6E	      LDY     #$6E
2989 20	2E 0C	      JSR     DrawString
298C A5	64	      LDA     Alert
298E 2A		      ROL     A
298F 2A		      ROL     A
2990 2A		      ROL     A
2991 29	03	      AND     #3
2993 18		      CLC
2994 69	D0	      ADC     #208
2996 20	1E 2E	      JSR     PrCapitalString
2999 60		      RTS
2999	      ;	End of function	ConsoleMain
299A	      ;	---------------	S U B R	O U T I	N E ---------------------------------------
299A	      GetDroidCharPos:			  ; dMd1_bullet+64↑p
299A						  ; dMd0_droid+64↑p
299A						  ; dMd0_droid+7A↑p
299A A5	41	      LDA     dPosX
299C 85	12	      STA     ptr_12
299E A5	42	      LDA     dPosX+1
29A0 4A		      LSR     A
29A1 66	12	      ROR     ptr_12
29A3 4A		      LSR     A
29A4 66	12	      ROR     ptr_12
29A6 4A		      LSR     A
29A7 66	12	      ROR     ptr_12		  ; 12 = PosX/8
29A9 A5	43	      LDA     dPosY
29AB 85	13	      STA     ptr_12+1		  ; lda	high; lsr;lda low;ror;lsr;sec:ror:sta
29AD A5	44	      LDA     dPosY+1
29AF 4A		      LSR     A
29B0 66	13	      ROR     ptr_12+1
29B2 18		      CLC
29B3 66	13	      ROR     ptr_12+1
29B5 38		      SEC
29B6 66	13	      ROR     ptr_12+1		  ; 13 = PosY/8	+ $80
29B8 A5	12	      LDA     ptr_12
29BA 85	76	      STA     MapPos
29BC A5	13	      LDA     ptr_12+1
29BE 85	77	      STA     MapPos+1
29C0 60		      RTS
29C0	      ;	End of function	GetDroidCharPos
29C1	      ;	---------------	S U B R	O U T I	N E ---------------------------------------
29C1	      CheckPlyAdvance:			  ; GameLoop+44↑p
29C1 A2	0B	      LDX     #11
29C3	      _r_1:				  ; CheckPlyAdvance+1D↓j
29C3 20	3E 2A	      JSR     GetNearChar	  ; 9..11, right
29C6 10	13	      BPL     _r_2
29C8 A5	29	      LDA     xSpd+1
29CA 10	0F	      BPL     _r_2
29CC A9	00	      LDA     #0
29CE 85	29	      STA     xSpd+1
29D0 85	28	      STA     xSpd
29D2 A5	2D	      LDA     ScreenPosX
29D4 29	F8	      AND     #$F8
29D6 18		      CLC			  ; ora	#1
29D7 69	01	      ADC     #1
29D9 85	2D	      STA     ScreenPosX
29DB	      _r_2:				  ; CheckPlyAdvance+5↑j
29DB						  ; CheckPlyAdvance+9↑j
29DB CA		      DEX
29DC E0	09	      CPX     #9
29DE B0	E3	      BCS     _r_1
29E0	      _l_1:				  ; CheckPlyAdvance+3E↓j
29E0 20	3E 2A	      JSR     GetNearChar	  ; 6..8, left
29E3 10	17	      BPL     _l_2
29E5 A5	29	      LDA     xSpd+1
29E7 30	13	      BMI     _l_2
29E9 A9	00	      LDA     #0
29EB 85	29	      STA     xSpd+1
29ED 85	28	      STA     xSpd
29EF A5	2D	      LDA     ScreenPosX
29F1 18		      CLC
29F2 69	07	      ADC     #7
29F4 29	F8	      AND     #$F8
29F6 85	2D	      STA     ScreenPosX
29F8 90	02	      BCC     _l_2
29FA E6	2E	      INC     ScreenPosX+1
29FC	      _l_2:				  ; CheckPlyAdvance+22↑j
29FC						  ; CheckPlyAdvance+26↑j
29FC						  ; CheckPlyAdvance+37↑j
29FC CA		      DEX
29FD E0	06	      CPX     #6
29FF B0	DF	      BCS     _l_1
2A01	      _d_1:				  ; CheckPlyAdvance+5B↓j
2A01 20	3E 2A	      JSR     GetNearChar	  ; 3..5, down
2A04 10	13	      BPL     _d_2
2A06 A5	2B	      LDA     ySpd+1
2A08 10	0F	      BPL     _d_2
2A0A A9	00	      LDA     #0
2A0C 85	2B	      STA     ySpd+1
2A0E 85	2A	      STA     ySpd
2A10 A5	2F	      LDA     ScreenPosY
2A12 29	F8	      AND     #$F8
2A14 18		      CLC			  ; ora	#1
2A15 69	01	      ADC     #1
2A17 85	2F	      STA     ScreenPosY
2A19	      _d_2:				  ; CheckPlyAdvance+43↑j
2A19						  ; CheckPlyAdvance+47↑j
2A19 CA		      DEX
2A1A E0	03	      CPX     #3
2A1C B0	E3	      BCS     _d_1
2A1E	      _u_1:				  ; CheckPlyAdvance+7A↓j
2A1E 20	3E 2A	      JSR     GetNearChar	  ; 0..2, up
2A21 10	17	      BPL     _u_2
2A23 A5	2B	      LDA     ySpd+1
2A25 30	13	      BMI     _u_2
2A27 A9	00	      LDA     #0
2A29 85	2B	      STA     ySpd+1
2A2B 85	2A	      STA     ySpd
2A2D A5	2F	      LDA     ScreenPosY
2A2F 18		      CLC
2A30 69	07	      ADC     #7
2A32 29	F8	      AND     #$F8
2A34 85	2F	      STA     ScreenPosY
2A36 90	02	      BCC     _u_2
2A38 E6	30	      INC     ScreenPosY+1
2A3A	      _u_2:				  ; CheckPlyAdvance+60↑j
2A3A						  ; CheckPlyAdvance+64↑j
2A3A						  ; CheckPlyAdvance+75↑j
2A3A CA		      DEX
2A3B 10	E1	      BPL     _u_1
2A3D 60		      RTS
2A3D	      ;	End of function	CheckPlyAdvance
2A3E	      ;	---------------	S U B R	O U T I	N E ---------------------------------------
2A3E	      GetNearChar:			  ; CheckPlyAdvance+2↑p
2A3E						  ; CheckPlyAdvance+1F↑p
2A3E						  ; CheckPlyAdvance+40↑p
2A3E						  ; CheckPlyAdvance+5D↑p
2A3E A5	4C	      LDA     plyMapPos
2A40 18		      CLC
2A41 7D	52 6B	      ADC     nearXoffset,X
2A44 8D	51 2A	      STA     _1+1
2A47 A5	4D	      LDA     plyMapPos+1
2A49 18		      CLC
2A4A 7D	5E 6B	      ADC     nearYoffset,X
2A4D 8D	52 2A	      STA     _1+2
2A50	      _1:				  ; GetNearChar+6↑w
2A50						  ; GetNearChar+1D↓r
2A50						  ; GetNearChar+F↑w
2A50						  ; GetNearChar+22↓r
2A50 AD	00 80	      LDA     byte_0_8000
2A53 85	0F	      STA     tmp1
2A55 86	10	      STX     currentIdx
2A57 C9	20	      CMP     #$20		  ; door?
2A59 D0	0F	      BNE     _2
2A5B AD	51 2A	      LDA     _1+1
2A5E 85	76	      STA     MapPos
2A60 AD	52 2A	      LDA     _1+2
2A63 85	77	      STA     MapPos+1
2A65 20	6D 2A	      JSR     OpenDoor
2A68 A6	10	      LDX     currentIdx
2A6A	      _2:				  ; GetNearChar+1B↑j
2A6A A5	0F	      LDA     tmp1
2A6C 60		      RTS
2A6C	      ;	End of function	GetNearChar
2A6D	      ;	---------------	S U B R	O U T I	N E ---------------------------------------
2A6D	      OpenDoor:				  ; CheckDroidAdvance+11↑p
2A6D						  ; GetNearChar+27↑p
2A6D A5	76	      LDA     MapPos		  ; get	tile address
2A6F 29	FC	      AND     #$FC
2A71 85	14	      STA     ptr_14
2A73 A5	77	      LDA     MapPos+1
2A75 29	FC	      AND     #$FC
2A77 85	15	      STA     ptr_14+1
2A79 A4	3B	      LDY     numDoors
2A7B F0	12	      BEQ     _3
2A7D 88		      DEY			  ; find active	door
2A7E	      _1:				  ; OpenDoor+20↓j
2A7E B9	38 02	      LDA     doorPosX,Y
2A81 C5	14	      CMP     ptr_14
2A83 D0	07	      BNE     _2
2A85 B9	30 02	      LDA     doorPosY,Y
2A88 C5	15	      CMP     ptr_14+1
2A8A F0	2A	      BEQ     _open
2A8C	      _2:				  ; OpenDoor+16↑j
2A8C 88		      DEY
2A8D 10	EF	      BPL     _1
2A8F	      _3:				  ; OpenDoor+E↑j
2A8F A4	3B	      LDY     numDoors
2A91 C0	07	      CPY     #7
2A93 B0	20	      BCS     _x		  ; can't create door
2A95 E6	3B	      INC     numDoors
2A97 A5	14	      LDA     ptr_14
2A99 99	38 02	      STA     doorPosX,Y
2A9C A5	15	      LDA     ptr_14+1
2A9E 99	30 02	      STA     doorPosY,Y
2AA1 A5	76	      LDA     MapPos
2AA3 29	03	      AND     #3		  ; xpos
2AA5 F0	09	      BEQ     _vert		  ; from left
2AA7 C9	03	      CMP     #3
2AA9 F0	05	      BEQ     _vert		  ; from right
2AAB A9	C0	      LDA     #$C0
2AAD 4C	B2 2A	      JMP     _5
2AB0	      _vert:				  ; OpenDoor+38↑j OpenDoor+3C↑j
2AB0 A9	40	      LDA     #$40
2AB2	      _5:				  ; OpenDoor+40↑j
2AB2 99	40 02	      STA     doorState,Y
2AB5	      _x:				  ; OpenDoor+26↑j OpenDoor+4E↓j
2AB5						  ; OpenDoor+5C↓j OpenDoor+7E↓j
2AB5 60		      RTS
2AB6	      _open:				  ; OpenDoor+1D↑j
2AB6 B9	40 02	      LDA     doorState,Y
2AB9 29	40	      AND     #$40
2ABB D0	F8	      BNE     _x		  ; active
2ABD B9	40 02	      LDA     doorState,Y
2AC0 09	40	      ORA     #$40
2AC2 99	40 02	      STA     doorState,Y
2AC5 30	22	      BMI     _horiz
2AC7 C9	44	      CMP     #$44
2AC9 B0	EA	      BCS     _x
2ACB 84	78	      STY     xfer_plySpriteX
2ACD 29	07	      AND     #7
2ACF 18		      CLC
2AD0 65	15	      ADC     ptr_14+1
2AD2 85	15	      STA     ptr_14+1
2AD4 A0	01	      LDY     #1
2AD6 B1	14	      LDA     (ptr_14),Y
2AD8 29	7F	      AND     #$7F
2ADA 91	14	      STA     (ptr_14),Y
2ADC C8		      INY
2ADD B1	14	      LDA     (ptr_14),Y
2ADF 29	7F	      AND     #$7F
2AE1 91	14	      STA     (ptr_14),Y
2AE3 A6	78	      LDX     xfer_plySpriteX
2AE5 FE	40 02	      INC     doorState,X
2AE8 60		      RTS
2AE9	      _horiz:				  ; OpenDoor+58↑j
2AE9 C9	C4	      CMP     #$C4
2AEB B0	C8	      BCS     _x
2AED 84	78	      STY     xfer_plySpriteX
2AEF E6	15	      INC     ptr_14+1
2AF1 29	07	      AND     #7
2AF3 A8		      TAY
2AF4 B1	14	      LDA     (ptr_14),Y
2AF6 29	7F	      AND     #$7F
2AF8 91	14	      STA     (ptr_14),Y
2AFA E6	15	      INC     ptr_14+1
2AFC B1	14	      LDA     (ptr_14),Y
2AFE 29	7F	      AND     #$7F
2B00 91	14	      STA     (ptr_14),Y
2B02 A6	78	      LDX     xfer_plySpriteX
2B04 FE	40 02	      INC     doorState,X
2B07 60		      RTS
2B07	      ;	End of function	OpenDoor
2B08	      ;	---------------	S U B R	O U T I	N E ---------------------------------------
2B08	      CloseDoors:			  ; GameLoop+47↑p
2B08 A4	3B	      LDY     numDoors
2B0A D0	03	      BNE     _1
2B0C 4C	A2 2B	      JMP     _x		  ; !! just rts
2B0F	      _1:				  ; CloseDoors+2↑j
2B0F A2	00	      LDX     #0
2B11 A0	00	      LDY     #0
2B13	      _2:				  ; CloseDoors+97↓j
2B13 BD	40 02	      LDA     doorState,X
2B16 29	40	      AND     #$40		  ; !! asl; bmi
2B18 D0	5F	      BNE     _active
2B1A BD	40 02	      LDA     doorState,X	  ; and	#$0e; beq
2B1D 29	07	      AND     #7
2B1F F0	71	      BEQ     _closed
2B21 BD	40 02	      LDA     doorState,X	  ; bcs
2B24 30	29	      BMI     _horiz
2B26 84	11	      STY     xfer_cpuSpriteX
2B28 DE	40 02	      DEC     doorState,X
2B2B BD	40 02	      LDA     doorState,X
2B2E 29	07	      AND     #7
2B30 18		      CLC
2B31 7D	30 02	      ADC     doorPosY,X
2B34 85	15	      STA     ptr_14+1
2B36 BD	38 02	      LDA     doorPosX,X
2B39 85	14	      STA     ptr_14
2B3B A0	01	      LDY     #1
2B3D B1	14	      LDA     (ptr_14),Y
2B3F 09	80	      ORA     #$80
2B41 91	14	      STA     (ptr_14),Y
2B43 C8		      INY
2B44 B1	14	      LDA     (ptr_14),Y
2B46 09	80	      ORA     #$80
2B48 91	14	      STA     (ptr_14),Y
2B4A A4	11	      LDY     xfer_cpuSpriteX
2B4C 4C	79 2B	      JMP     _active
2B4F	      _horiz:				  ; CloseDoors+1C↑j
2B4F 84	11	      STY     xfer_cpuSpriteX
2B51 DE	40 02	      DEC     doorState,X
2B54 BD	40 02	      LDA     doorState,X
2B57 29	07	      AND     #7
2B59 A8		      TAY
2B5A BD	38 02	      LDA     doorPosX,X
2B5D 85	14	      STA     ptr_14
2B5F BD	30 02	      LDA     doorPosY,X
2B62 85	15	      STA     ptr_14+1
2B64 E6	15	      INC     ptr_14+1
2B66 B1	14	      LDA     (ptr_14),Y
2B68 09	80	      ORA     #$80
2B6A 91	14	      STA     (ptr_14),Y
2B6C E6	15	      INC     ptr_14+1
2B6E B1	14	      LDA     (ptr_14),Y
2B70 09	80	      ORA     #$80
2B72 91	14	      STA     (ptr_14),Y
2B74 A4	11	      LDY     xfer_cpuSpriteX
2B76 4C	79 2B	      JMP     _active
2B79	      _active:				  ; CloseDoors+10↑j
2B79						  ; CloseDoors+44↑j
2B79 84	11	      STY     xfer_cpuSpriteX	  ; copy if doors removed
2B7B E4	11	      CPX     xfer_cpuSpriteX
2B7D F0	12	      BEQ     _5
2B7F BD	30 02	      LDA     doorPosY,X
2B82 99	30 02	      STA     doorPosY,Y
2B85 BD	38 02	      LDA     doorPosX,X
2B88 99	38 02	      STA     doorPosX,Y
2B8B BD	40 02	      LDA     doorState,X
2B8E 99	40 02	      STA     doorState,Y
2B91	      _5:				  ; CloseDoors+75↑j
2B91 C8		      INY
2B92	      _closed:				  ; CloseDoors+17↑j
2B92 BD	40 02	      LDA     doorState,X
2B95 29	BF	      AND     #$BF
2B97 9D	40 02	      STA     doorState,X
2B9A E8		      INX
2B9B E4	3B	      CPX     numDoors
2B9D B0	03	      BCS     _x
2B9F 4C	13 2B	      JMP     _2
2BA2	      _x:				  ; CloseDoors+4↑j
2BA2						  ; CloseDoors+95↑j
2BA2 84	3B	      STY     numDoors
2BA4 60		      RTS
2BA4	      ;	End of function	CloseDoors
2BA5	      ;	---------------	S U B R	O U T I	N E ---------------------------------------
2BA5	      ClearGameScreen:			  ; conRedraw+F↓p DrInfo3+1C↓p
2BA5						  ; DrInfo0+6↓p	NewShipInfo+5↓p
2BA5						  ; ShowXferInfo+8↓p
2BA5						  ; ShowXferInfo+27↓p
2BA5						  ; EndGame+56↓p
2BA5						  ; ShowShipClear+5↓p
2BA5 A2	40	      LDX     #$40
2BA7 A0	D9	      LDY     #$D9
2BA9 86	1C	      STX     dest
2BAB 84	1D	      STY     dest+1
2BAD A2	11	      LDX     #$11
2BAF 20	52 0A	      JSR     FillCRAM
2BB2 A2	40	      LDX     #$40
2BB4 A0	49	      LDY     #$49
2BB6 86	1C	      STX     dest
2BB8 84	1D	      STY     dest+1
2BBA A2	11	      LDX     #$11
2BBC A9	30	      LDA     #$30
2BBE 20	52 0A	      JSR     FillCRAM
2BC1 A2	40	      LDX     #$40
2BC3 A0	D9	      LDY     #$D9
2BC5 86	1C	      STX     dest
2BC7 84	1D	      STY     dest+1
2BC9 60		      RTS
2BC9	      ;	End of function	ClearGameScreen
2BCA	      ;	---------------	S U B R	O U T I	N E ---------------------------------------
2BCA	      FindStrings:			  ; StartGame+3D↑p
2BCA						  ; StartGame+82↑p GameLoop+FC↑p
2BCA						  ; ShowXferInfo↓p
2BCA A2	01	      LDX     #1		  ; c001
2BCC A0	C0	      LDY     #$C0
2BCE 86	1A	      STX     src
2BD0 84	1B	      STY     src+1
2BD2 A2	00	      LDX     #0
2BD4 A0	00	      LDY     #0
2BD6	      _1:				  ; FindStrings+1B↓j
2BD6						  ; FindStrings+37↓j
2BD6 B1	1A	      LDA     (src),Y
2BD8 30	0E	      BMI     _3
2BDA 18		      CLC
2BDB A5	1A	      LDA     src
2BDD 69	01	      ADC     #1
2BDF 85	1A	      STA     src
2BE1 90	02	      BCC     _2
2BE3 E6	1B	      INC     src+1
2BE5	      _2:				  ; FindStrings+17↑j
2BE5 4C	D6 2B	      JMP     _1
2BE8	      _3:				  ; FindStrings+E↑j
2BE8 A5	1A	      LDA     src
2BEA 9D	00 44	      STA     Strings_lo,X
2BED A5	1B	      LDA     src+1
2BEF 9D	00 45	      STA     Strings_hi,X
2BF2 18		      CLC
2BF3 A5	1A	      LDA     src
2BF5 69	01	      ADC     #1
2BF7 85	1A	      STA     src
2BF9 90	02	      BCC     _4
2BFB E6	1B	      INC     src+1
2BFD	      _4:				  ; FindStrings+2F↑j
2BFD E8		      INX
2BFE EC	00 C0	      CPX     String_dat
2C01 90	D3	      BCC     _1
2C03 60		      RTS
2C03	      ;	End of function	FindStrings
2C04	      ;	---------------	S U B R	O U T I	N E ---------------------------------------
2C04	      Console:				  ; GameLoop+142↑p
2C04 A5	3C	      LDA     consoleState
2C06 29	40	      AND     #$40
2C08 D0	1B	      BNE     conRedraw		  ; redraw
2C0A A5	3C	      LDA     consoleState
2C0C 30	55	      BMI     conWaitInput
2C0E C9	05	      CMP     #5
2C10 B0	12	      BCS     con_Exit
2C12 0A		      ASL     A
2C13 A8		      TAY
2C14 B9	E1 6B	      LDA     conJump_t,Y
2C17 8D	22 2C	      STA     _j+1
2C1A C8		      INY
2C1B B9	E1 6B	      LDA     conJump_t,Y
2C1E 8D	23 2C	      STA     _j+2
2C21	      _j:				  ; Console+13↑w Console+1A↑w
2C21 4C	24 2C	      JMP     con_Exit
2C21	      ;	End of function	Console
2C24	      con_Exit:				  ; Console+C↑j
2C24						  ; 6BE1↓o
2C24 60		      RTS
2C25	      ;	---------------	S U B R	O U T I	N E ---------------------------------------
2C25	      conRedraw:			  ; Console+4↑j
2C25 A5	3C	      LDA     consoleState
2C27 29	BF	      AND     #$BF
2C29 85	3C	      STA     consoleState
2C2B 20	A4 31	      JSR     GotoHires
2C2E A9	F8	      LDA     #$F8
2C30 85	2C	      STA     Irq1bgColor
2C32 A9	F7	      LDA     #$F7
2C34 20	A5 2B	      JSR     ClearGameScreen
2C37 AD	40 03	      LDA     droidType
2C3A 85	58	      STA     dType
2C3C A2	89	      LDX     #$89		  ; 6b89 - ConsoleSpriteSet
2C3E A0	6B	      LDY     #$6B
2C40 86	1A	      STX     src
2C42 84	1B	      STY     src+1
2C44	      _1:				  ; conRedraw+31↓j
2C44 20	86 3E	      JSR     WriteSprite
2C47 18		      CLC
2C48 A5	1A	      LDA     src
2C4A 69	0B	      ADC     #11
2C4C 85	1A	      STA     src
2C4E 90	02	      BCC     _2
2C50 E6	1B	      INC     src+1
2C52	      _2:				  ; conRedraw+29↑j
2C52 A5	04	      LDA     SpriteNum
2C54 C9	07	      CMP     #7
2C56 D0	EC	      BNE     _1
2C58 20	55 29	      JSR     ConsoleMain
2C5B A2	E4	      LDX     #$E4		  ; 69e4 - Console_txt
2C5D A0	69	      LDY     #$69
2C5F 20	2E 0C	      JSR     DrawString
2C62 60		      RTS
2C62	      ;	End of function	conRedraw
2C63	      ;	---------------	S U B R	O U T I	N E ---------------------------------------
2C63	      conWaitInput:			  ; Console+8↑j
2C63 A5	16	      LDA     joyYDir
2C65 F0	2E	      BEQ     _3
2C67 30	21	      BMI     _2
2C69 A5	3C	      LDA     consoleState
2C6B C9	83	      CMP     #$83
2C6D B0	26	      BCS     _3
2C6F E6	3C	      INC     consoleState
2C71	      _1:				  ; conWaitInput+2F↓j
2C71 18		      CLC
2C72 69	01	      ADC     #1
2C74 29	0F	      AND     #$F
2C76 85	04	      STA     SpriteNum
2C78 20	66 09	      JSR     RdSpriteState
2C7B AD	9D 6B	      LDA     byte_0_6B94+9	  ; spr1 color
2C7E 85	0D	      STA     SpriteColor
2C80 20	B7 09	      JSR     WrSpriteState
2C83 A9	15	      LDA     #$15
2C85 85	91	      STA     sndFx1
2C87 4C	95 2C	      JMP     _3
2C8A	      _2:				  ; conWaitInput+4↑j
2C8A A5	3C	      LDA     consoleState
2C8C C9	81	      CMP     #$81
2C8E 90	05	      BCC     _3
2C90 C6	3C	      DEC     consoleState
2C92 4C	71 2C	      JMP     _1
2C95	      _3:				  ; conWaitInput+2↑j
2C95						  ; conWaitInput+A↑j
2C95						  ; conWaitInput+24↑j
2C95						  ; conWaitInput+2B↑j
2C95 A5	3C	      LDA     consoleState	  ; highlight selected sprite
2C97 29	0F	      AND     #$F
2C99 18		      CLC
2C9A 69	01	      ADC     #1
2C9C 85	04	      STA     SpriteNum
2C9E 20	66 09	      JSR     RdSpriteState
2CA1 A9	F1	      LDA     #$F1
2CA3 85	0D	      STA     SpriteColor
2CA5 20	B7 09	      JSR     WrSpriteState
2CA8 A9	00	      LDA     #0
2CAA 85	5B	      STA     dInfoPage
2CAC A5	18	      LDA     joyFire
2CAE D0	0A	      BNE     _x
2CB0 A5	3C	      LDA     consoleState
2CB2 29	0F	      AND     #$F
2CB4 85	3C	      STA     consoleState
2CB6 A9	16	      LDA     #$16
2CB8 85	91	      STA     sndFx1
2CBA	      _x:				  ; conWaitInput+4B↑j
2CBA 60		      RTS
2CBA	      ;	End of function	conWaitInput
2CBB	      ;	---------------	S U B R	O U T I	N E ---------------------------------------
2CBB	      con_Back2Main:			  ; con_DroidInfo+2↓j
2CBB						  ; con_DeckInfo+4↓j
2CBB						  ; con_ShipInfo+4↓j
2CBB A5	3C	      LDA     consoleState
2CBD 09	C0	      ORA     #$C0
2CBF 85	3C	      STA     consoleState
2CC1 A9	16	      LDA     #$16
2CC3 85	91	      STA     sndFx1
2CC5 60		      RTS
2CC5	      ;	End of function	con_Back2Main
2CC6	      ;	---------------	S U B R	O U T I	N E ---------------------------------------
2CC6	      con_DroidInfo:			  ; 6BE3↓o
2CC6 A5	18	      LDA     joyFire
2CC8 F0	F1	      BEQ     con_Back2Main
2CCA 20	A4 31	      JSR     GotoHires
2CCD A2	40	      LDX     #$40		  ; d940
2CCF A0	D9	      LDY     #$D9
2CD1 86	1C	      STX     dest
2CD3 84	1D	      STY     dest+1
2CD5 A2	04	      LDX     #4
2CD7 A9	F3	      LDA     #$F3
2CD9 20	52 0A	      JSR     FillCRAM
2CDC A5	5B	      LDA     dInfoPage
2CDE 0A		      ASL     A
2CDF A8		      TAY
2CE0 B9	E9 6B	      LDA     dInfoPgJump_t,Y
2CE3 8D	EE 2C	      STA     _j+1
2CE6 C8		      INY
2CE7 B9	E9 6B	      LDA     dInfoPgJump_t,Y
2CEA 8D	EF 2C	      STA     _j+2
2CED	      _j:				  ; con_DroidInfo+1D↑w
2CED						  ; con_DroidInfo+24↑w
2CED 4C	F0 2C	      JMP     DrInfo1
2CED	      ;	End of function	con_DroidInfo
2CF0	      ;	---------------	S U B R	O U T I	N E ---------------------------------------
2CF0	      DrInfo1:				  ; 6BEB↓o
2CF0 A5	16	      LDA     joyYDir
2CF2 F0	28	      BEQ     _3
2CF4 A9	15	      LDA     #$15
2CF6 85	91	      STA     sndFx1
2CF8 A5	16	      LDA     joyYDir
2CFA 30	12	      BMI     _1
2CFC E6	58	      INC     dType
2CFE A5	58	      LDA     dType
2D00 CD	40 03	      CMP     droidType
2D03 F0	17	      BEQ     _3
2D05 90	15	      BCC     _3
2D07 A9	00	      LDA     #0
2D09 85	58	      STA     dType
2D0B 4C	1C 2D	      JMP     _3
2D0E	      _1:				  ; DrInfo1+A↑j
2D0E A5	58	      LDA     dType
2D10 F0	05	      BEQ     _2
2D12 C6	58	      DEC     dType
2D14 4C	1C 2D	      JMP     _3
2D17	      _2:				  ; DrInfo1+20↑j
2D17 AD	40 03	      LDA     droidType
2D1A 85	58	      STA     dType
2D1C	      _3:				  ; DrInfo1+2↑j	DrInfo1+13↑j
2D1C						  ; DrInfo1+15↑j DrInfo1+1B↑j
2D1C						  ; DrInfo1+24↑j
2D1C 20	29 36	      JSR     BuildIntroSprites
2D1F A9	0D	      LDA     #$D
2D21 8D	A1 2D	      STA     sub_0_2DA0+1
2D24 20	49 31	      JSR     ShowRobotType
2D27 A5	17	      LDA     joyXDir
2D29 F0	08	      BEQ     _x
2D2B A9	02	      LDA     #2
2D2D 85	5B	      STA     dInfoPage
2D2F A9	15	      LDA     #21
2D31 85	91	      STA     sndFx1
2D33	      locret_0_2D33:			  ; DrInfo1+39↑j DrInfo3+9↓j
2D33						  ; DrInfo4+4↓j
2D33	      _x:
2D33 60		      RTS
2D33	      ;	End of function	DrInfo1
2D34	      ;	---------------	S U B R	O U T I	N E ---------------------------------------
2D34	      DrInfo2:				  ; 6BED↓o
2D34 A5	46	      LDA     byte_0_46
2D36 85	B4	      STA     prntY
2D38 A5	45	      LDA     byte_0_45
2D3A 85	B5	      STA     prntX
2D3C 20	92 2D	      JSR     sub_0_2D92
2D3F 60		      RTS
2D3F	      ;	End of function	DrInfo2
2D40	      ;	---------------	S U B R	O U T I	N E ---------------------------------------
2D40	      DrInfo3:				  ; 6BEF↓o
2D40 A2	08	      LDX     #8		  ; 6c08 - More_txt
2D42 A0	6C	      LDY     #$6C
2D44 20	2E 0C	      JSR     DrawString
2D47 A5	17	      LDA     joyXDir
2D49 F0	E8	      BEQ     locret_0_2D33
2D4B A9	15	      LDA     #$15
2D4D 85	91	      STA     sndFx1
2D4F A2	E4	      LDX     #$E4		  ; 69e4 - Console_txt
2D51 A0	69	      LDY     #$69
2D53 20	2E 0C	      JSR     DrawString
2D56 A9	02	      LDA     #2
2D58 85	5B	      STA     dInfoPage
2D5A A9	F2	      LDA     #$F2
2D5C 20	A5 2B	      JSR     ClearGameScreen
2D5F 20	49 31	      JSR     ShowRobotType
2D62 A2	04	      LDX     #4
2D64 A9	F3	      LDA     #$F3
2D66 20	52 0A	      JSR     FillCRAM
2D69 60		      RTS
2D69	      ;	End of function	DrInfo3
2D6A	      ;	---------------	S U B R	O U T I	N E ---------------------------------------
2D6A	      DrInfo4:				  ; 6BF1↓o
2D6A A5	17	      LDA     joyXDir
2D6C 05	16	      ORA     joyYDir
2D6E F0	C3	      BEQ     locret_0_2D33
2D70 A9	00	      LDA     #0
2D72 85	5B	      STA     dInfoPage
2D74 A9	15	      LDA     #$15
2D76 85	91	      STA     sndFx1
2D78 60		      RTS
2D78	      ;	End of function	DrInfo4
2D79	      ;	---------------	S U B R	O U T I	N E ---------------------------------------
2D79	      DrInfo0:				  ; 6BE9↓o
2D79 A9	01	      LDA     #1
2D7B 85	5B	      STA     dInfoPage
2D7D A9	F2	      LDA     #$F2
2D7F 20	A5 2B	      JSR     ClearGameScreen
2D82 A2	04	      LDX     #4
2D84 A9	F3	      LDA     #$F3
2D86 20	52 0A	      JSR     FillCRAM
2D89 A9	0C	      LDA     #$C
2D8B 85	45	      STA     byte_0_45
2D8D A9	0C	      LDA     #$C
2D8F 85	46	      STA     byte_0_46
2D91 60		      RTS
2D91	      ;	End of function	DrInfo0
2D92	      ;	---------------	S U B R	O U T I	N E ---------------------------------------
2D92	      sub_0_2D92:			  ; DrInfo2+8↑p	sub_0_2DA0+26↓j
2D92 A9	09	      LDA     #9
2D94 85	B5	      STA     prntX
2D96 EE	48 02	      INC     byte_0_248
2D99 AD	A1 2D	      LDA     sub_0_2DA0+1
2D9C C9	17	      CMP     #23		  ; "notes"
2D9E F0	2D	      BEQ     sub_0_2DCD
2D9E	      ;	End of function	sub_0_2D92
2DA0	      ;	---------------	S U B R	O U T I	N E ---------------------------------------
2DA0	      sub_0_2DA0:			  ; DrInfo1+31↑w sub_0_2D92+7↑r
2DA0						  ; sub_0_2DA0+F↓w
2DA0						  ; sub_0_2DA0+12↓r
2DA0						  ; PrintDroidInfo↓r
2DA0 A9	0D	      LDA     #13		  ; "entry "
2DA2 20	1E 2E	      JSR     PrCapitalString
2DA5 A9	18	      LDA     #24		  ; ": "
2DA7 20	1E 2E	      JSR     PrCapitalString
2DAA C6	B5	      DEC     prntX
2DAC 20	57 2F	      JSR     PrintDroidInfo
2DAF EE	A1 2D	      INC     sub_0_2DA0+1
2DB2 AD	A1 2D	      LDA     sub_0_2DA0+1
2DB5 C9	17	      CMP     #23
2DB7 B0	0F	      BCS     loc_0_2DC8
2DB9 A9	10	      LDA     #$10
2DBB 8D	E9 2D	      STA     loc_0_2DE8+1
2DBE E6	B4	      INC     prntY
2DC0 E6	B4	      INC     prntY
2DC2 A5	B4	      LDA     prntY
2DC4 C9	18	      CMP     #$18
2DC6 90	CA	      BCC     sub_0_2D92
2DC8	      loc_0_2DC8:			  ; sub_0_2DA0+17↑j
2DC8						  ; sub_0_2DCD+2A↓j
2DC8 A9	03	      LDA     #3
2DCA 85	5B	      STA     dInfoPage
2DCC 60		      RTS
2DCC	      ;	End of function	sub_0_2DA0
2DCD	      ;	---------------	S U B R	O U T I	N E ---------------------------------------
2DCD	      sub_0_2DCD:			  ; sub_0_2D92+C↑j
2DCD AC	E9 2D	      LDY     loc_0_2DE8+1
2DD0 C0	10	      CPY     #$10
2DD2 D0	0B	      BNE     _1
2DD4 20	1E 2E	      JSR     PrCapitalString
2DD7 A9	18	      LDA     #$18
2DD9 20	1E 2E	      JSR     PrCapitalString
2DDC 4C	E8 2D	      JMP     loc_0_2DE8
2DDF	      _1:				  ; sub_0_2DCD+5↑j
2DDF A9	0B	      LDA     #$B
2DE1 85	B5	      STA     prntX
2DE3 A9	00	      LDA     #0
2DE5 8D	48 02	      STA     byte_0_248
2DE8	      loc_0_2DE8:			  ; sub_0_2DCD+F↑j
2DE8						  ; sub_0_2DCD+36↓j
2DE8						  ; sub_0_2DA0+1B↑w sub_0_2DCD↑r
2DE8						  ; sub_0_2DCD+2C↓w
2DE8						  ; sub_0_2DCD+2F↓r
2DE8 A0	10	      LDY     #$10
2DEA B1	5C	      LDA     (droidInfoData),Y	  ; eb00, eb40,	...
2DEC C9	FE	      CMP     #$FE
2DEE F0	21	      BEQ     _5
2DF0 C9	FF	      CMP     #$FF
2DF2 F0	11	      BEQ     _4
2DF4 20	1E 2E	      JSR     PrCapitalString
2DF7 10	CF	      BPL     loc_0_2DC8
2DF9	      _3:				  ; sub_0_2DCD+4E↓j
2DF9 EE	E9 2D	      INC     loc_0_2DE8+1
2DFC AD	E9 2D	      LDA     loc_0_2DE8+1
2DFF C9	38	      CMP     #$38
2E01 B0	02	      BCS     _4
2E03 90	E3	      BCC     loc_0_2DE8
2E05	      _4:				  ; sub_0_2DCD+25↑j
2E05						  ; sub_0_2DCD+34↑j
2E05 A9	28	      LDA     #$28		  ; .
2E07 85	B6	      STA     drwChar
2E09 20	5F 0C	      JSR     DrawChar
2E0C A9	04	      LDA     #4
2E0E 85	5B	      STA     dInfoPage
2E10 60		      RTS
2E11	      _5:				  ; sub_0_2DCD+21↑j
2E11 A9	28	      LDA     #$28		  ; .
2E13 85	B6	      STA     drwChar
2E15 20	5F 0C	      JSR     DrawChar
2E18 EE	48 02	      INC     byte_0_248
2E1B 4C	F9 2D	      JMP     _3
2E1B	      ;	End of function	sub_0_2DCD
2E1E	      ;	---------------	S U B R	O U T I	N E ---------------------------------------
2E1E	      PrCapitalString:			  ; ConsoleMain+1E↑p
2E1E						  ; ConsoleMain+2D↑p
2E1E						  ; ConsoleMain+41↑p
2E1E						  ; sub_0_2DA0+2↑p
2E1E						  ; sub_0_2DA0+7↑p
2E1E						  ; sub_0_2DCD+7↑p
2E1E						  ; sub_0_2DCD+C↑p
2E1E						  ; sub_0_2DCD+27↑p
2E1E						  ; PrintDroidInfo+19↓p
2E1E						  ; PrintDroidInfo+4D↓p
2E1E						  ; ShowRobotType+23↓p
2E1E						  ; ShowRobotType+31↓p
2E1E						  ; ShowRobotType+3F↓p
2E1E						  ; PrintTokenString+2F↓p
2E1E A8		      TAY
2E1F BE	00 44	      LDX     Strings_lo,Y
2E22 B9	00 45	      LDA     Strings_hi,Y
2E25 86	BE	      STX     drwStr
2E27 85	BF	      STA     drwStr+1
2E29 20	3D 2E	      JSR     ToUpper
2E2C A6	BE	      LDX     drwStr
2E2E A4	BF	      LDY     drwStr+1
2E30 20	E9 0B	      JSR     sub_0_BE9
2E33 08		      PHP
2E34 A0	00	      LDY     #0
2E36 AD	49 02	      LDA     CapTmp
2E39 91	BE	      STA     (drwStr),Y
2E3B 28		      PLP
2E3C 60		      RTS
2E3C	      ;	End of function	PrCapitalString
2E3D	      ;	---------------	S U B R	O U T I	N E ---------------------------------------
2E3D	      ToUpper:				  ; PrCapitalString+B↑p
2E3D A0	00	      LDY     #0
2E3F B1	BE	      LDA     (drwStr),Y
2E41 8D	49 02	      STA     CapTmp
2E44 29	7F	      AND     #$7F
2E46 AE	48 02	      LDX     byte_0_248
2E49 F0	2A	      BEQ     _x
2E4B C9	54	      CMP     #$54		  ; w -> W
2E4D F0	18	      BEQ     _1
2E4F C9	42	      CMP     #$42		  ; m -> M
2E51 F0	18	      BEQ     _2
2E53 C9	12	      CMP     #$12		  ; i -> I
2E55 F0	18	      BEQ     _3
2E57 C9	16	      CMP     #$16		  ; I
2E59 F0	1A	      BEQ     _x
2E5B C9	0A	      CMP     #$A		  ; a
2E5D 90	16	      BCC     _x
2E5F C9	24	      CMP     #$24		  ; z+1
2E61 B0	12	      BCS     _x
2E63 69	30	      ADC     #$30		  ; upper
2E65 D0	0A	      BNE     _4
2E67	      _1:				  ; ToUpper+10↑j
2E67 A9	50	      LDA     #$50
2E69 D0	06	      BNE     _4
2E6B	      _2:				  ; ToUpper+14↑j
2E6B A9	46	      LDA     #$46
2E6D D0	02	      BNE     _4
2E6F	      _3:				  ; ToUpper+18↑j
2E6F A9	16	      LDA     #$16
2E71	      _4:				  ; ToUpper+28↑j ToUpper+2C↑j
2E71						  ; ToUpper+30↑j
2E71 09	80	      ORA     #$80
2E73 91	BE	      STA     (drwStr),Y
2E75	      _x:				  ; ToUpper+C↑j	ToUpper+1C↑j
2E75						  ; ToUpper+20↑j ToUpper+24↑j
2E75 A9	00	      LDA     #0
2E77 8D	48 02	      STA     byte_0_248
2E7A 60		      RTS
2E7A	      ;	End of function	ToUpper
2E7B	      ;	---------------	S U B R	O U T I	N E ---------------------------------------
2E7B	      DoCharUnder:			  ; GameLoop+4A↑p
2E7B A5	4E	      LDA     charUnder
2E7D C9	14	      CMP     #20
2E7F F0	15	      BEQ     _charger
2E81 C9	2B	      CMP     #43
2E83 90	2A	      BCC     _2
2E85 C9	2F	      CMP     #47
2E87 90	2E	      BCC     _lift
2E89 C9	42	      CMP     #66		  ; console
2E8B D0	22	      BNE     _2
2E8D A5	3A	      LDA     moveMode
2E8F 30	1E	      BMI     _2
2E91 C6	3C	      DEC     consoleState
2E93 F0	1F	      BEQ     _3
2E95 60		      RTS
2E96	      _charger:				  ; DoCharUnder+4↑j
2E96 A5	4A	      LDA     frameCount
2E98 29	03	      AND     #3
2E9A D0	13	      BNE     _2
2E9C AD	60 03	      LDA     droidEnergy
2E9F C5	66	      CMP     maxEnergy
2EA1 B0	0C	      BCS     _2
2EA3 EE	60 03	      INC     droidEnergy
2EA6 A9	05	      LDA     #5
2EA8 20	C4 3E	      JSR     SubScore
2EAB A9	14	      LDA     #20
2EAD 85	91	      STA     sndFx1
2EAF	      _2:				  ; DoCharUnder+8↑j
2EAF						  ; DoCharUnder+10↑j
2EAF						  ; DoCharUnder+14↑j
2EAF						  ; DoCharUnder+1F↑j
2EAF						  ; DoCharUnder+26↑j
2EAF						  ; DoCharUnder+3E↓j
2EAF A9	05	      LDA     #5
2EB1 85	3C	      STA     consoleState
2EB3 60		      RTS
2EB4	      _3:				  ; DoCharUnder+18↑j
2EB4 C6	3C	      DEC     consoleState
2EB6 60		      RTS
2EB7	      _lift:				  ; DoCharUnder+C↑j
2EB7 A5	3A	      LDA     moveMode
2EB9 30	F4	      BMI     _2
2EBB C6	3C	      DEC     consoleState
2EBD F0	01	      BEQ     _5
2EBF 60		      RTS
2EC0	      _5:				  ; DoCharUnder+42↑j
2EC0 E6	25	      INC     notInDeck
2EC2 60		      RTS
2EC2	      ;	End of function	DoCharUnder
2EC3	      ;	---------------	S U B R	O U T I	N E ---------------------------------------
2EC3	      SaveVicState:			  ; GameLoop+103↑p Capture↑p
2EC3						  ; DoLift↑p
2EC3 A2	07	      LDX     #7
2EC5	      _1:				  ; SaveVicState+21↓j
2EC5 BD	0D 02	      LDA     SprImage_t,X
2EC8 9D	A7 02	      STA     sprimg_save,X
2ECB BD	00 D0	      LDA     $D000,X
2ECE 9D	AF 02	      STA     d000_save,X
2ED1 BD	08 D0	      LDA     $D008,X
2ED4 9D	B7 02	      STA     d008_save,X
2ED7 BD	20 D0	      LDA     $D020,X
2EDA 9D	BF 02	      STA     d020_save,X
2EDD BD	27 D0	      LDA     $D027,X
2EE0 9D	C6 02	      STA     d027_save,X
2EE3 CA		      DEX
2EE4 10	DF	      BPL     _1
2EE6 AD	10 D0	      LDA     unk_0_D010
2EE9 8D	CE 02	      STA     d010_save
2EEC AD	15 D0	      LDA     byte_0_D014+1
2EEF 8D	CF 02	      STA     d015_save
2EF2 AD	17 D0	      LDA     unk_0_D017
2EF5 8D	D0 02	      STA     d017_sace
2EF8 AD	1C D0	      LDA     unk_0_D01C
2EFB 8D	D1 02	      STA     d01c_save
2EFE AD	1D D0	      LDA     unk_0_D01D
2F01 8D	D2 02	      STA     d01d_save
2F04 A5	2C	      LDA     Irq1bgColor
2F06 8D	D3 02	      STA     irq1bg_save
2F09 A9	00	      LDA     #0
2F0B 85	48	      STA     hScroll
2F0D 85	49	      STA     vScroll
2F0F 60		      RTS
2F0F	      ;	End of function	SaveVicState
2F10	      ;	---------------	S U B R	O U T I	N E ---------------------------------------
2F10	      RestoreVicState:			  ; GameLoop+155↑p
2F10						  ; FinishTransfer2+1F↑p
2F10						  ; DoLift+87↑p
2F10 A2	07	      LDX     #7
2F12	      _1:				  ; RestoreVicState+21↓j
2F12 BD	A7 02	      LDA     sprimg_save,X
2F15 9D	0D 02	      STA     SprImage_t,X
2F18 BD	AF 02	      LDA     d000_save,X
2F1B 9D	00 D0	      STA     $D000,X
2F1E BD	B7 02	      LDA     d008_save,X
2F21 9D	08 D0	      STA     $D008,X
2F24 BD	BF 02	      LDA     d020_save,X
2F27 9D	20 D0	      STA     $D020,X
2F2A BD	C6 02	      LDA     d027_save,X
2F2D 9D	27 D0	      STA     $D027,X
2F30 CA		      DEX
2F31 10	DF	      BPL     _1
2F33 AD	CE 02	      LDA     d010_save
2F36 8D	10 D0	      STA     unk_0_D010
2F39 AD	CF 02	      LDA     d015_save
2F3C 8D	15 D0	      STA     byte_0_D014+1
2F3F AD	D0 02	      LDA     d017_sace
2F42 8D	17 D0	      STA     unk_0_D017
2F45 AD	D1 02	      LDA     d01c_save
2F48 8D	1C D0	      STA     unk_0_D01C
2F4B AD	D2 02	      LDA     d01d_save
2F4E 8D	1D D0	      STA     unk_0_D01D
2F51 AD	D3 02	      LDA     irq1bg_save
2F54 85	2C	      STA     Irq1bgColor
2F56 60		      RTS
2F56	      ;	End of function	RestoreVicState
2F57	      ;	---------------	S U B R	O U T I	N E ---------------------------------------
2F57	      PrintDroidInfo:			  ; sub_0_2DA0+C↑p
2F57 AD	A1 2D	      LDA     sub_0_2DA0+1
2F5A 38		      SEC
2F5B E9	07	      SBC     #7
2F5D A8		      TAY
2F5E C0	06	      CPY     #6
2F60 F0	12	      BEQ     _entry
2F62 C0	07	      CPY     #7
2F64 F0	39	      BEQ     _class
2F66 C0	08	      CPY     #8
2F68 F0	3E	      BEQ     _height
2F6A C0	09	      CPY     #9
2F6C F0	52	      BEQ     _weight
2F6E B1	5C	      LDA     (droidInfoData),Y	  ; eb00, eb40,	...
2F70 20	1E 2E	      JSR     PrCapitalString
2F73 60		      RTS
2F74	      _entry:				  ; PrintDroidInfo+9↑j
2F74 A9	30	      LDA     #$30		  ; space
2F76 85	B6	      STA     drwChar
2F78 20	5F 0C	      JSR     DrawChar
2F7B A9	01	      LDA     #1		  ; droid into bcd - [1,24]
2F7D A6	58	      LDX     dType
2F7F F8		      SED
2F80	      _2:				  ; PrintDroidInfo+2F↓j
2F80 F0	07	      BEQ     _3
2F82 18		      CLC
2F83 69	01	      ADC     #1
2F85 CA		      DEX
2F86 4C	80 2F	      JMP     _2
2F89	      _3:				  ; PrintDroidInfo+29↑j
2F89 85	0F	      STA     tmp1
2F8B 4A		      LSR     A
2F8C 4A		      LSR     A
2F8D 4A		      LSR     A
2F8E 4A		      LSR     A
2F8F 85	B6	      STA     drwChar
2F91 D8		      CLD
2F92 20	5F 0C	      JSR     DrawChar
2F95 A5	0F	      LDA     tmp1
2F97 29	0F	      AND     #$F
2F99 85	B6	      STA     drwChar
2F9B 20	5F 0C	      JSR     DrawChar
2F9E 60		      RTS
2F9F	      _class:				  ; PrintDroidInfo+D↑j
2F9F A4	58	      LDY     dType
2FA1 B9	00 EA	      LDA     DCent_t,Y
2FA4 20	1E 2E	      JSR     PrCapitalString	  ; "influence"	.. "command"
2FA7 60		      RTS
2FA8	      _height:				  ; PrintDroidInfo+11↑j
2FA8 B1	5C	      LDA     (droidInfoData),Y	  ; eb00, eb40,	...
2FAA 4A		      LSR     A
2FAB 4A		      LSR     A
2FAC 4A		      LSR     A
2FAD 4A		      LSR     A
2FAE 8D	17 6C	      STA     Height_txt+2
2FB1 B1	5C	      LDA     (droidInfoData),Y	  ; eb00, eb40,	...
2FB3 29	0F	      AND     #$F
2FB5 8D	18 6C	      STA     Height_txt+3
2FB8 A2	15	      LDX     #$15		  ; 6c15 - Height_txt
2FBA A0	6C	      LDY     #$6C
2FBC 20	E9 0B	      JSR     sub_0_BE9
2FBF 60		      RTS
2FC0	      _weight:				  ; PrintDroidInfo+15↑j
2FC0 A9	00	      LDA     #0
2FC2 8D	1C 6C	      STA     Weight_txt
2FC5 8D	1D 6C	      STA     Weight_txt+1
2FC8 B1	5C	      LDA     (droidInfoData),Y	  ; eb00, eb40,	...
2FCA C9	64	      CMP     #100
2FCC 90	12	      BCC     _10
2FCE A2	01	      LDX     #1
2FD0 8E	1C 6C	      STX     Weight_txt
2FD3	      _100_loop:			  ; PrintDroidInfo+86↓j
2FD3 38		      SEC
2FD4 E9	64	      SBC     #100
2FD6 C9	64	      CMP     #100
2FD8 90	06	      BCC     _10
2FDA EE	1C 6C	      INC     Weight_txt
2FDD 4C	D3 2F	      JMP     _100_loop
2FE0	      _10:				  ; PrintDroidInfo+75↑j
2FE0						  ; PrintDroidInfo+81↑j
2FE0 C9	0A	      CMP     #10
2FE2 90	12	      BCC     _w_2
2FE4 A2	01	      LDX     #1
2FE6 8E	1D 6C	      STX     Weight_txt+1
2FE9	      _10_loop:				  ; PrintDroidInfo+9C↓j
2FE9 38		      SEC
2FEA E9	0A	      SBC     #10
2FEC C9	0A	      CMP     #10
2FEE 90	06	      BCC     _w_2
2FF0 EE	1D 6C	      INC     Weight_txt+1
2FF3 4C	E9 2F	      JMP     _10_loop
2FF6	      _w_2:				  ; PrintDroidInfo+8B↑j
2FF6						  ; PrintDroidInfo+97↑j
2FF6 8D	1E 6C	      STA     Weight_txt+2
2FF9 A2	1C	      LDX     #$1C		  ; 6c1c - Weight_txt
2FFB A0	6C	      LDY     #$6C
2FFD 20	E9 0B	      JSR     sub_0_BE9
3000 60		      RTS
3000	      ;	End of function	PrintDroidInfo
3001	      ;	---------------	S U B R	O U T I	N E ---------------------------------------
3001	      con_DeckInfo:			  ; 6BE5↓o
3001 A5	18	      LDA     joyFire
3003 D0	03	      BNE     _1
3005 4C	BB 2C	      JMP     con_Back2Main
3008	      _1:				  ; con_DeckInfo+2↑j
3008 A5	5B	      LDA     dInfoPage
300A D0	55	      BNE     locret_0_3061
300C A9	2F	      LDA     #$2F
300E 8D	55 6F	      STA     _d018+1
3011 AD	D3 02	      LDA     irq1bg_save
3014 85	2C	      STA     Irq1bgColor
3016 A4	33	      LDY     deckNum
3018 B9	00 F1	      LDA     lvPtr_lo,Y
301B 85	1A	      STA     src
301D B9	10 F1	      LDA     lvPtr_hi,Y
3020 85	1B	      STA     src+1
3022 A9	00	      LDA     #0
3024 8D	10 31	      STA     loc_0_310F+1
3027 8D	15 D0	      STA     byte_0_D014+1
302A AD	15 02	      LDA     clr0_top_d020
302D 85	2C	      STA     Irq1bgColor
302F 20	A0 30	      JSR     DrawPacked
3032 A5	4D	      LDA     plyMapPos+1
3034 29	7F	      AND     #$7F
3036 4A		      LSR     A
3037 4A		      LSR     A
3038 18		      CLC
3039 69	09	      ADC     #9
303B AA		      TAX
303C BD	FB 0C	      LDA     LinePtr_hi,X
303F 85	1D	      STA     dest+1
3041 A5	4C	      LDA     plyMapPos
3043 4A		      LSR     A
3044 4A		      LSR     A
3045 38		      SEC
3046 E9	03	      SBC     #3
3048 18		      CLC
3049 7D	14 0D	      ADC     LinePtr_lo,X
304C 85	1C	      STA     dest
304E 90	02	      BCC     _2
3050 E6	1D	      INC     dest+1
3052	      _2:				  ; con_DeckInfo+4D↑j
3052 A9	A0	      LDA     #$A0		  ; put	droid char
3054 A0	00	      LDY     #0
3056 91	1C	      STA     (dest),Y
3058 20	95 27	      JSR     Scr2ColorRAM
305B A9	F1	      LDA     #$F1
305D 91	1E	      STA     (dest2),Y
305F E6	5B	      INC     dInfoPage
3061	      locret_0_3061:			  ; con_DeckInfo+9↑j
3061						  ; con_ShipInfo+9↓j
3061 60		      RTS
3061	      ;	End of function	con_DeckInfo
3062	      ;	---------------	S U B R	O U T I	N E ---------------------------------------
3062	      con_ShipInfo:			  ; 6BE7↓o
3062 A5	18	      LDA     joyFire
3064 D0	03	      BNE     DrawSideview
3066 4C	BB 2C	      JMP     con_Back2Main
3069	      DrawSideview:			  ; DoLift+7↑p con_ShipInfo+2↑j
3069 A5	5B	      LDA     dInfoPage
306B D0	F4	      BNE     locret_0_3061
306D A9	2F	      LDA     #$2F
306F 8D	55 6F	      STA     _d018+1
3072 A2	80	      LDX     #$80		  ; f180 - SideView_dat
3074 A0	F1	      LDY     #$F1
3076 86	1A	      STX     src
3078 84	1B	      STY     src+1
307A A9	80	      LDA     #$80
307C 8D	10 31	      STA     loc_0_310F+1
307F A9	00	      LDA     #0
3081 8D	15 D0	      STA     byte_0_D014+1
3084 A9	FE	      LDA     #$FE
3086 85	2C	      STA     Irq1bgColor
3088 A9	F1	      LDA     #$F1
308A 8D	22 D0	      STA     byte_0_D022
308D A9	F0	      LDA     #$F0
308F 8D	23 D0	      STA     byte_0_D022+1
3092 A9	D0	      LDA     #$D0
3094 8D	1C 6F	      STA     _d016Mode+1
3097 20	A0 30	      JSR     DrawPacked
309A 20	0C 24	      JSR     lift_HighlightDeck
309D E6	5B	      INC     dInfoPage
309F 60		      RTS
309F	      ;	End of function	con_ShipInfo
30A0	      ;	---------------	S U B R	O U T I	N E ---------------------------------------
30A0	      DrawPacked:			  ; con_DeckInfo+2E↑p
30A0						  ; con_ShipInfo+35↑p
30A0 A9	00	      LDA     #0
30A2 85	14	      STA     ptr_14
30A4 85	15	      STA     ptr_14+1
30A6 A2	40	      LDX     #$40		  ; 4940 - destination
30A8 A0	49	      LDY     #$49
30AA 86	1C	      STX     dest
30AC 84	1D	      STY     dest+1
30AE A0	28	      LDY     #40		  ; !! bug !!
30B0 A9	00	      LDA     #0		  ; clear first	line
30B2	      _1:				  ; DrawPacked+15↓j
30B2 91	1C	      STA     (dest),Y
30B4 88		      DEY
30B5 10	FB	      BPL     _1
30B7 18		      CLC
30B8 A5	1C	      LDA     dest
30BA 69	28	      ADC     #40
30BC 85	1C	      STA     dest
30BE 90	02	      BCC     _2
30C0 E6	1D	      INC     dest+1
30C2	      _2:				  ; DrawPacked+1E↑j
30C2 A5	1C	      LDA     dest		  ; copy to cRAM ptr
30C4 8D	18 31	      STA     _cram+1
30C7 A9	D9	      LDA     #$D9
30C9 8D	19 31	      STA     _cram+2
30CC	      _3:				  ; DrawPacked+A4↓j
30CC A0	00	      LDY     #0
30CE B1	1A	      LDA     (src),Y		  ; f180
30D0 85	56	      STA     rptChar
30D2 10	13	      BPL     _single		  ; single
30D4 C8		      INY
30D5 B1	1A	      LDA     (src),Y
30D7 85	57	      STA     rptLen		  ; count
30D9 18		      CLC
30DA A5	1A	      LDA     src
30DC 69	02	      ADC     #2
30DE 85	1A	      STA     src
30E0 90	02	      BCC     _4
30E2 E6	1B	      INC     src+1
30E4	      _4:				  ; DrawPacked+40↑j
30E4 4C	F6 30	      JMP     _6
30E7	      _single:				  ; DrawPacked+32↑j
30E7 A9	01	      LDA     #1
30E9 85	57	      STA     rptLen
30EB 18		      CLC
30EC A5	1A	      LDA     src
30EE 69	01	      ADC     #1
30F0 85	1A	      STA     src
30F2 90	02	      BCC     _6
30F4 E6	1B	      INC     src+1
30F6	      _6:				  ; DrawPacked+44↑j
30F6						  ; DrawPacked+52↑j
30F6						  ; DrawPacked+A6↓j
30F6 A5	14	      LDA     ptr_14		  ; draw bytes 3..41
30F8 C9	2A	      CMP     #42
30FA B0	1E	      BCS     _skip
30FC C9	03	      CMP     #3
30FE 90	1A	      BCC     _skip
3100 E9	03	      SBC     #3
3102 A8		      TAY
3103 A5	56	      LDA     rptChar
3105 29	7F	      AND     #$7F
3107 C9	29	      CMP     #$29
3109 D0	04	      BNE     loc_0_310F
310B A9	00	      LDA     #0
310D F0	02	      BEQ     _8
310F	      loc_0_310F:			  ; DrawPacked+69↑j
310F						  ; con_DeckInfo+23↑w
310F						  ; con_ShipInfo+1A↑w
310F 09	00	      ORA     #0		  ; #$80 for sideview
3111	      _8:				  ; DrawPacked+6D↑j
3111 91	1C	      STA     (dest),Y
3113 AA		      TAX
3114 BD	00 08	      LDA     CharColor,X
3117	      _cram:				  ; DrawPacked+24↑w
3117						  ; DrawPacked+88↓w
3117						  ; DrawPacked+29↑w
3117						  ; DrawPacked+8F↓w
3117 99	40 D9	      STA     $D940,Y
311A	      _skip:				  ; DrawPacked+5A↑j
311A						  ; DrawPacked+5E↑j
311A E6	14	      INC     ptr_14
311C A5	14	      LDA     ptr_14
311E C9	40	      CMP     #64
3120 90	20	      BCC     _12
3122 A5	1C	      LDA     dest
3124 69	27	      ADC     #39		  ; +1 from carry
3126 85	1C	      STA     dest
3128 8D	18 31	      STA     _cram+1
312B 90	05	      BCC     _11
312D E6	1D	      INC     dest+1
312F EE	19 31	      INC     _cram+2
3132	      _11:				  ; DrawPacked+8B↑j
3132 E6	15	      INC     ptr_14+1
3134 A9	00	      LDA     #0
3136 85	14	      STA     ptr_14
3138 A5	15	      LDA     ptr_14+1
313A C9	10	      CMP     #16
313C B0	0A	      BCS     _13		  ; done!
313E A5	1D	      LDA     dest+1
3140 C9	4C	      CMP     #$4C		  ; !! wtf !!
3142	      _12:				  ; DrawPacked+80↑j
3142 C6	57	      DEC     rptLen		  ; repeat going on?
3144 F0	86	      BEQ     _3
3146 D0	AE	      BNE     _6
3148	      _13:				  ; DrawPacked+9C↑j
3148 60		      RTS
3148	      ;	End of function	DrawPacked
3149	      ;	---------------	S U B R	O U T I	N E ---------------------------------------
3149	      ShowRobotType:			  ; ConsoleMain↑p DrInfo1+34↑p
3149						  ; DrInfo3+1F↑p NewShipInfo+8↓p
3149						  ; ShowXferInfo+10↓p
3149						  ; ShowXferInfo+31↓p
3149						  ; ShowShipClear+D↓p
3149 A4	58	      LDY     dType
314B B9	00 EA	      LDA     DCent_t,Y
314E 8D	84 6B	      STA     UnitType_txt+$D
3151 B9	20 EA	      LDA     DNum_t,Y
3154 4A		      LSR     A
3155 4A		      LSR     A
3156 4A		      LSR     A
3157 4A		      LSR     A
3158 8D	85 6B	      STA     UnitType_txt+$E
315B B9	20 EA	      LDA     DNum_t,Y
315E 29	0F	      AND     #$F
3160 8D	86 6B	      STA     UnitType_txt+$F
3163 A2	77	      LDX     #$77		  ; 6b77 - UnitType_txt
3165 A0	6B	      LDY     #$6B
3167 20	2E 0C	      JSR     DrawString
316A A9	32	      LDA     #50		  ; "- "
316C 20	1E 2E	      JSR     PrCapitalString
316F EE	48 02	      INC     byte_0_248
3172 C6	B5	      DEC     prntX
3174 A4	58	      LDY     dType
3176 B9	00 EA	      LDA     DCent_t,Y
3179 48		      PHA
317A 20	1E 2E	      JSR     PrCapitalString	  ; "influence"	.. "command"
317D 68		      PLA
317E F0	0F	      BEQ     _2
3180 38		      SEC
3181 E9	01	      SBC     #1
3183 4A		      LSR     A
3184 4A		      LSR     A
3185 18		      CLC
3186 69	0A	      ADC     #10		  ; "robot" .. "cyborg"
3188	      _1:				  ; ShowRobotType+48↓j
3188 20	1E 2E	      JSR     PrCapitalString
318B 20	93 31	      JSR     ClearEOL
318E 60		      RTS
318F	      _2:				  ; ShowRobotType+35↑j
318F A9	37	      LDA     #55		  ; "device"
3191 D0	F5	      BNE     _1
3191	      ;	End of function	ShowRobotType
3193	      ;	---------------	S U B R	O U T I	N E ---------------------------------------
3193	      ClearEOL:				  ; ShowRobotType+42↑p
3193						  ; ClearEOL+D↓j
3193 A9	30	      LDA     #$30
3195 85	B6	      STA     drwChar
3197 A5	B5	      LDA     prntX
3199 C9	27	      CMP     #39
319B B0	06	      BCS     _1
319D 20	5F 0C	      JSR     DrawChar
31A0 4C	93 31	      JMP     ClearEOL
31A3	      _1:				  ; ClearEOL+8↑j
31A3 60		      RTS
31A3	      ;	End of function	ClearEOL
31A4	      ;	---------------	S U B R	O U T I	N E ---------------------------------------
31A4	      GotoHires:			  ; conRedraw+6↑p
31A4						  ; con_DroidInfo+4↑p
31A4						  ; NewShipInfo↓p
31A4						  ; ShowXferInfo+3↓p
31A4						  ; EndGame+51↓p ShowShipClear↓p
31A4 A9	2D	      LDA     #$2D
31A6 8D	55 6F	      STA     _d018+1
31A9 A9	F1	      LDA     #$F1
31AB 85	2C	      STA     Irq1bgColor
31AD A9	C0	      LDA     #$C0
31AF 8D	1C 6F	      STA     _d016Mode+1
31B2 A9	00	      LDA     #0
31B4 85	48	      STA     hScroll
31B6 85	49	      STA     vScroll
31B8 60		      RTS
31B8	      ;	End of function	GotoHires
31B9	      ;	---------------	S U B R	O U T I	N E ---------------------------------------
31B9	      DoMoveMode:			  ; GameLoop+F↑p
31B9 A5	3A	      LDA     moveMode
31BB F0	0E	      BEQ     _1		  ; transfer
31BD 30	21	      BMI     _3		  ; mobile
31BF C9	02	      CMP     #2
31C1 F0	40	      BEQ     _6		  ; going transfer
31C3 A5	18	      LDA     joyFire
31C5 D0	08	      BNE     _mobile
31C7 20	B5 33	      JSR     DoFire
31CA	      _x:				  ; DoMoveMode+14↓j
31CA						  ; DoMoveMode+29↓j
31CA						  ; DoMoveMode+52↓j
31CA 60		      RTS
31CB	      _1:				  ; DoMoveMode+2↑j
31CB A5	18	      LDA     joyFire
31CD F0	FB	      BEQ     _x
31CF	      _mobile:				  ; DoMoveMode+C↑j
31CF A2	8A	      LDX     #$8A		  ; 698a - Mobile_txt
31D1 A0	69	      LDY     #$69
31D3 20	2E 0C	      JSR     DrawString
31D6 A9	80	      LDA     #$80
31D8 85	3A	      STA     moveMode
31DA AD	36 38	      LDA     DoMobile+1
31DD 85	93	      STA     moveModeDelay
31DF 60		      RTS
31E0	      _3:				  ; DoMoveMode+4↑j
31E0 A5	18	      LDA     joyFire
31E2 D0	E6	      BNE     _x
31E4 A5	16	      LDA     joyYDir
31E6 05	17	      ORA     joyXDir
31E8 F0	14	      BEQ     _5
31EA	      _weapon:				  ; DoMoveMode+4E↓j
31EA A2	97	      LDX     #$97		  ; 6997 - Weapon_txt
31EC A0	69	      LDY     #$69
31EE 20	2E 0C	      JSR     DrawString
31F1 20	B5 33	      JSR     DoFire
31F4 A9	01	      LDA     #1
31F6 85	3A	      STA     moveMode
31F8 AD	36 38	      LDA     DoMobile+1
31FB 85	93	      STA     moveModeDelay
31FD 60		      RTS
31FE	      _5:				  ; DoMoveMode+2F↑j
31FE A9	02	      LDA     #2
3200 85	3A	      STA     moveMode
3202 60		      RTS
3203	      _6:				  ; DoMoveMode+8↑j
3203 A5	17	      LDA     joyXDir
3205 05	16	      ORA     joyYDir
3207 D0	E1	      BNE     _weapon		  ; moving
3209 C6	93	      DEC     moveModeDelay
320B D0	BD	      BNE     _x
320D A9	00	      LDA     #0
320F 85	3A	      STA     moveMode
3211 AD	36 38	      LDA     DoMobile+1
3214 85	93	      STA     moveModeDelay
3216 A2	7D	      LDX     #$7D		  ; 697d - Transfer_txt
3218 A0	69	      LDY     #$69
321A 20	2E 0C	      JSR     DrawString
321D 60		      RTS
321D	      ;	End of function	DoMoveMode
321E	      ;	---------------	S U B R	O U T I	N E ---------------------------------------
321E	      DroidNear:			  ; dMd2_explosion+D↑p
321E						  ; dMd1_bullet+D↑p
321E						  ; dMd0_droid+3↑p
321E A5	41	      LDA     dPosX
3220 38		      SEC
3221 E5	2D	      SBC     ScreenPosX
3223 48		      PHA
3224 A5	42	      LDA     dPosX+1
3226 E5	2E	      SBC     ScreenPosX+1
3228 85	3E	      STA     droidScrX+1
322A 68		      PLA
322B 18		      CLC
322C 69	10	      ADC     #16
322E 85	3D	      STA     droidScrX
3230 A5	3E	      LDA     droidScrX+1
3232 69	00	      ADC     #0
3234 85	3E	      STA     droidScrX+1
3236 F0	14	      BEQ     _2		  ; 000..0ff ok
3238 C9	FF	      CMP     #-1
323A F0	0A	      BEQ     _1
323C C9	02	      CMP     #2
323E B0	3C	      BCS     _x_clc
3240 A5	3D	      LDA     droidScrX
3242 30	38	      BMI     _x_clc
3244 10	06	      BPL     _2		  ; 100..17f ok
3246	      _1:				  ; DroidNear+1C↑j
3246 A5	3D	      LDA     droidScrX		  ; ffc0.ffff ok
3248 C9	C0	      CMP     #$C0		  ; !! e0 would	be symmetrical with other x
324A 90	30	      BCC     _x_clc
324C	      _2:				  ; DroidNear+18↑j
324C						  ; DroidNear+26↑j
324C A5	43	      LDA     dPosY
324E 38		      SEC
324F E5	2F	      SBC     ScreenPosY
3251 48		      PHA
3252 A5	44	      LDA     dPosY+1
3254 E5	30	      SBC     ScreenPosY+1
3256 85	40	      STA     droidScrY+1
3258 68		      PLA
3259 18		      CLC
325A 69	20	      ADC     #32
325C 85	3F	      STA     droidScrY
325E A5	40	      LDA     droidScrY+1
3260 69	00	      ADC     #0
3262 85	40	      STA     droidScrY+1
3264 C9	FF	      CMP     #-1
3266 F0	0C	      BEQ     _3
3268 C9	00	      CMP     #0
326A D0	10	      BNE     _x_clc
326C A5	3F	      LDA     droidScrY
326E C9	C0	      CMP     #$C0		  ; d4 gives one extra tile
3270 B0	0A	      BCS     _x_clc
3272 90	06	      BCC     _x_sec		  ; 000.0bf ok
3274	      _3:				  ; DroidNear+48↑j
3274 A5	3F	      LDA     droidScrY		  ; ffe8..ffff ok
3276 C9	E8	      CMP     #$E8		  ; f8 gives one extra tile
3278 90	02	      BCC     _x_clc
327A	      _x_sec:				  ; DroidNear+54↑j
327A 38		      SEC
327B 60		      RTS
327C	      _x_clc:				  ; DroidNear+20↑j
327C						  ; DroidNear+24↑j
327C						  ; DroidNear+2C↑j
327C						  ; DroidNear+4C↑j
327C						  ; DroidNear+52↑j
327C						  ; DroidNear+5A↑j
327C 18		      CLC
327D 60		      RTS
327D	      ;	End of function	DroidNear
327E	      ;	---------------	S U B R	O U T I	N E ---------------------------------------
327E	      SetSpriteXY:			  ; dMd2_explosion+12↑p
327E						  ; dMd1_bullet+12↑p
327E						  ; dMd0_droid+61↑p
327E A5	3F	      LDA     droidScrY
3280 18		      CLC
3281 69	44	      ADC     #68
3283 85	07	      STA     SpriteY
3285 A5	3D	      LDA     droidScrX
3287 38		      SEC
3288 E9	04	      SBC     #4
328A 85	05	      STA     SpriteX
328C A5	3E	      LDA     droidScrX+1
328E E9	00	      SBC     #0
3290 29	01	      AND     #1
3292 85	06	      STA     SpriteX+1
3294 60		      RTS
3294	      ;	End of function	SetSpriteXY
3295	      ;	---------------	S U B R	O U T I	N E ---------------------------------------
3295	      FreeSprite:			  ; dMd2_explosion+2B↑p
3295						  ; dMd1_bullet+5D↑p
3295						  ; dMd0_droid+17↑p
3295						  ; FreeSpriteTmp2+7↑p
3295						  ; FinishTransfer2+36↑p
3295 A4	04	      LDY     SpriteNum
3297 B9	5E 09	      LDA     bits,Y
329A 49	FF	      EOR     #$FF
329C 2D	15 D0	      AND     byte_0_D014+1
329F 8D	15 D0	      STA     byte_0_D014+1
32A2 A9	00	      LDA     #0
32A4 99	05 02	      STA     SprNumber,Y
32A7 60		      RTS
32A7	      ;	End of function	FreeSprite
32A8	      ;	---------------	S U B R	O U T I	N E ---------------------------------------
32A8	      FindFreeSprite:			  ; dMd0_droid+22↑p
32A8						  ; DoEnemyFire+1A↓p
32A8 A0	06	      LDY     #6
32AA	      _1:				  ; FindFreeSprite+8↓j
32AA B9	05 02	      LDA     SprNumber,Y
32AD F0	03	      BEQ     _2
32AF 88		      DEY
32B0 D0	F8	      BNE     _1
32B2	      _2:				  ; FindFreeSprite+5↑j
32B2 C0	00	      CPY     #0
32B4 84	04	      STY     SpriteNum
32B6 60		      RTS
32B6	      ;	End of function	FindFreeSprite
32B7	      ;	---------------	S U B R	O U T I	N E ---------------------------------------
32B7	      DoBlkWhte:			  ; TitleLoop+E0↑p
32B7						  ; TitleLoop+F6↑p
32B7						  ; TitleLoop+110↑p
32B7						  ; TitleLoop+144↑p DoPause+43↓p
32B7 A5	19	      LDA     FKeys
32B9 29	10	      AND     #$10		  ; F1?
32BB D0	0F	      BNE     _1
32BD A5	19	      LDA     FKeys
32BF 10	0C	      BPL     _2
32C1 A2	B1	      LDX     #$B1		  ; 69b1 - Colour_txt
32C3 A0	69	      LDY     #$69
32C5 20	2E 0C	      JSR     DrawString
32C8 A9	00	      LDA     #0
32CA 85	50	      STA     blkWhte
32CC	      _1:				  ; DoBlkWhte+4↑j
32CC 60		      RTS
32CD	      _2:				  ; DoBlkWhte+8↑j
32CD A2	D8	      LDX     #$D8		  ; 69d8 - BlkWhte_txt
32CF A0	69	      LDY     #$69
32D1 20	2E 0C	      JSR     DrawString
32D4 A9	FF	      LDA     #-1
32D6 85	50	      STA     blkWhte
32D8 60		      RTS
32D8	      ;	End of function	DoBlkWhte
32D9	      ;	---------------	S U B R	O U T I	N E ---------------------------------------
32D9	      MovePlyFire:			  ; GameLoop+24↑p
32D9 A9	00	      LDA     #0
32DB 85	04	      STA     SpriteNum
32DD 20	66 09	      JSR     RdSpriteState
32E0 A5	08	      LDA     SpriteEna
32E2 D0	03	      BNE     _1
32E4 4C	66 33	      JMP     _x
32E7	      _1:				  ; MovePlyFire+9↑j
32E7 A5	07	      LDA     SpriteY
32E9 18		      CLC
32EA 65	52	      ADC     plyFireSpdY
32EC 18		      CLC
32ED 65	2B	      ADC     ySpd+1
32EF 85	07	      STA     SpriteY
32F1 C9	40	      CMP     #64
32F3 90	65	      BCC     _kill
32F5 A5	51	      LDA     plyFireSpdX
32F7 18		      CLC
32F8 30	0B	      BMI     _2
32FA 65	05	      ADC     SpriteX
32FC 85	05	      STA     SpriteX
32FE A5	06	      LDA     SpriteX+1
3300 69	00	      ADC     #0
3302 4C	0D 33	      JMP     _3
3305	      _2:				  ; MovePlyFire+1F↑j
3305 65	05	      ADC     SpriteX
3307 85	05	      STA     SpriteX
3309 A5	06	      LDA     SpriteX+1
330B 69	FF	      ADC     #$FF
330D	      _3:				  ; MovePlyFire+29↑j
330D 29	01	      AND     #1
330F 85	06	      STA     SpriteX+1
3311 F0	04	      BEQ     _4
3313 A5	05	      LDA     SpriteX
3315 30	43	      BMI     _kill
3317	      _4:				  ; MovePlyFire+38↑j
3317 A5	29	      LDA     xSpd+1
3319 18		      CLC
331A 30	0B	      BMI     _5
331C 65	05	      ADC     SpriteX
331E 85	05	      STA     SpriteX
3320 A5	06	      LDA     SpriteX+1
3322 69	00	      ADC     #0
3324 4C	2F 33	      JMP     _6
3327	      _5:				  ; MovePlyFire+41↑j
3327 65	05	      ADC     SpriteX
3329 85	05	      STA     SpriteX
332B A5	06	      LDA     SpriteX+1
332D 69	FF	      ADC     #$FF
332F	      _6:				  ; MovePlyFire+4B↑j
332F 29	01	      AND     #1
3331 85	06	      STA     SpriteX+1
3333 AD	1B D4	      LDA     byte_0_D41B
3336 29	07	      AND     #7
3338 AA		      TAX
3339 BD	51 6D	      LDA     LowNrgXferCol_t,X
333C 85	0D	      STA     SpriteColor
333E A5	0E	      LDA     SpriteImage
3340 C9	56	      CMP     #$56
3342 90	0B	      BCC     _8		  ; pea	shooter
3344 29	01	      AND     #1
3346 F0	05	      BEQ     _7
3348 E6	0E	      INC     SpriteImage
334A 4C	4F 33	      JMP     _8
334D	      _7:				  ; MovePlyFire+6D↑j
334D C6	0E	      DEC     SpriteImage
334F	      _8:				  ; MovePlyFire+69↑j
334F						  ; MovePlyFire+71↑j
334F 20	6F 33	      JSR     SpriteHitWall
3352 B0	06	      BCS     _kill
3354 20	B7 09	      JSR     WrSpriteState
3357 4C	66 33	      JMP     _x
335A	      _kill:				  ; MovePlyFire+1A↑j
335A						  ; MovePlyFire+3C↑j
335A						  ; MovePlyFire+79↑j
335A A9	00	      LDA     #0
335C 85	08	      STA     SpriteEna
335E 8D	05 02	      STA     SprNumber
3361 85	0E	      STA     SpriteImage
3363 20	B7 09	      JSR     WrSpriteState
3366	      _x:				  ; MovePlyFire+B↑j
3366						  ; MovePlyFire+7E↑j
3366 AD	A0 03	      LDA     droidFireDelay
3369 F0	03	      BEQ     _11
336B CE	A0 03	      DEC     droidFireDelay
336E	      _11:				  ; MovePlyFire+90↑j
336E 60		      RTS
336E	      ;	End of function	MovePlyFire
336F	      ;	---------------	S U B R	O U T I	N E ---------------------------------------
336F	      SpriteHitWall:			  ; MovePlyFire+76↑p DoFire+62↓p
336F A5	07	      LDA     SpriteY
3371 38		      SEC
3372 E9	AC	      SBC     #$AC
3374 30	05	      BMI     _1		  ; signed Div8
3376 4A		      LSR     A
3377 4A		      LSR     A
3378 4A		      LSR     A
3379 10	06	      BPL     _2
337B	      _1:				  ; SpriteHitWall+5↑j
337B 38		      SEC
337C 6A		      ROR     A
337D 38		      SEC
337E 6A		      ROR     A
337F 38		      SEC
3380 6A		      ROR     A
3381	      _2:				  ; SpriteHitWall+A↑j
3381 18		      CLC
3382 65	4D	      ADC     plyMapPos+1
3384 85	1B	      STA     src+1
3386 A5	05	      LDA     SpriteX
3388 38		      SEC
3389 E9	AC	      SBC     #$AC
338B 85	1A	      STA     src
338D A5	06	      LDA     SpriteX+1
338F E9	00	      SBC     #0
3391 30	08	      BMI     _3
3393 46	1A	      LSR     src
3395 46	1A	      LSR     src
3397 46	1A	      LSR     src
3399 10	09	      BPL     _4
339B	      _3:				  ; SpriteHitWall+22↑j
339B 6A		      ROR     A
339C 66	1A	      ROR     src
339E 6A		      ROR     A
339F 66	1A	      ROR     src
33A1 6A		      ROR     A
33A2 66	1A	      ROR     src
33A4	      _4:				  ; SpriteHitWall+2A↑j
33A4 A5	1A	      LDA     src
33A6 18		      CLC
33A7 65	4C	      ADC     plyMapPos
33A9 85	1A	      STA     src
33AB A0	00	      LDY     #0
33AD B1	1A	      LDA     (src),Y
33AF 30	02	      BMI     _5
33B1 18		      CLC
33B2 60		      RTS
33B3	      _5:				  ; SpriteHitWall+40↑j
33B3 38		      SEC
33B4	      locret_0_33B4:			  ; DoFire+3↓j DoFire+A↓j
33B4						  ; DoFire+10↓j
33B4 60		      RTS
33B4	      ;	End of function	SpriteHitWall
33B5	      ;	---------------	S U B R	O U T I	N E ---------------------------------------
33B5	      DoFire:				  ; DoMoveMode+E↑p
33B5						  ; DoMoveMode+38↑p
33B5 AD	A0 03	      LDA     droidFireDelay
33B8 D0	FA	      BNE     locret_0_33B4
33BA AD	15 D0	      LDA     byte_0_D014+1
33BD 29	01	      AND     #1
33BF D0	F3	      BNE     locret_0_33B4
33C1 A5	16	      LDA     joyYDir
33C3 05	17	      ORA     joyXDir
33C5 F0	ED	      BEQ     locret_0_33B4
33C7 A5	54	      LDA     weaponType
33C9 C9	03	      CMP     #3
33CB D0	03	      BNE     _1
33CD 4C	41 34	      JMP     _disruptor
33D0	      _1:				  ; DoFire+16↑j
33D0 A9	07	      LDA     #7
33D2 85	04	      STA     SpriteNum
33D4 20	66 09	      JSR     RdSpriteState
33D7 A9	00	      LDA     #0
33D9 85	04	      STA     SpriteNum
33DB A5	54	      LDA     weaponType	  ; !! sec;adc weaponType
33DD 18		      CLC
33DE 69	01	      ADC     #1
33E0 85	91	      STA     sndFx1
33E2 A5	54	      LDA     weaponType
33E4 0A		      ASL     A
33E5 0A		      ASL     A
33E6 AA		      TAX
33E7 A5	16	      LDA     joyYDir
33E9 F0	0A	      BEQ     _2		  ; -
33EB C5	17	      CMP     joyXDir
33ED F0	09	      BEQ     _5		  ; \
33EF A5	17	      LDA     joyXDir
33F1 F0	04	      BEQ     _4		  ; |
33F3 D0	01	      BNE     _3		  ; /
33F5	      _2:				  ; DoFire+34↑j
33F5 E8		      INX
33F6	      _3:				  ; DoFire+3E↑j
33F6 E8		      INX
33F7	      _4:				  ; DoFire+3C↑j
33F7 E8		      INX
33F8	      _5:				  ; DoFire+38↑j
33F8 BD	4C 6E	      LDA     BulletSprite_t,X
33FB 85	0E	      STA     SpriteImage
33FD A6	16	      LDX     joyYDir
33FF E8		      INX
3400 BD	58 6E	      LDA     BulletDisplacement_t,X
3403 85	52	      STA     plyFireSpdY
3405 18		      CLC
3406 65	07	      ADC     SpriteY
3408 85	07	      STA     SpriteY
340A A6	17	      LDX     joyXDir
340C E8		      INX
340D BD	58 6E	      LDA     BulletDisplacement_t,X
3410 85	51	      STA     plyFireSpdX
3412 18		      CLC
3413 65	05	      ADC     SpriteX
3415 85	05	      STA     SpriteX
3417 20	6F 33	      JSR     SpriteHitWall
341A 90	0D	      BCC     _6
341C A9	00	      LDA     #0
341E 85	08	      STA     SpriteEna
3420 8D	05 02	      STA     SprNumber
3423 20	B7 09	      JSR     WrSpriteState
3426 4C	31 34	      JMP     _7
3429	      _6:				  ; DoFire+65↑j
3429 A9	60	      LDA     #$60
342B 8D	05 02	      STA     SprNumber
342E 20	B7 09	      JSR     WrSpriteState
3431	      _7:				  ; DoFire+71↑j	DoFire+98↓j
3431 A9	20	      LDA     #32
3433 AE	40 03	      LDX     droidType
3436 38		      SEC
3437 FD	00 EA	      SBC     DCent_t,X
343A FD	00 EA	      SBC     DCent_t,X
343D 8D	A0 03	      STA     droidFireDelay	  ; [14,32]
3440	      _x:				  ; DoFire+8E↓j
3440 60		      RTS
3441	      _disruptor:			  ; DoFire+18↑j
3441 A5	94	      LDA     disruptorCnt
3443 D0	FB	      BNE     _x
3445 A9	04	      LDA     #4
3447 85	94	      STA     disruptorCnt
3449 A9	00	      LDA     #0
344B 85	AF	      STA     disruptorOwner
344D 4C	31 34	      JMP     _7
344D	      ;	End of function	DoFire
3450	      ;	---------------	S U B R	O U T I	N E ---------------------------------------
3450	      DoEnemyFire:			  ; dMd0_droid+72↑p
3450 A6	10	      LDX     currentIdx
3452 BC	40 03	      LDY     droidType,X
3455 B9	80 EA	      LDA     DWeapon_t,Y
3458 F0	46	      BEQ     _x
345A 85	0F	      STA     tmp1
345C C9	03	      CMP     #3		  ; disruptor
345E F0	41	      BEQ     _disruptor
3460 A4	59	      LDY     numDeckDroids
3462 C0	10	      CPY     #16
3464 F0	3A	      BEQ     _x		  ; can't add bullet
3466 A5	04	      LDA     SpriteNum		  ; save
3468 85	78	      STA     xfer_plySpriteX
346A 20	A8 32	      JSR     FindFreeSprite	  ; !! do this after rnd and delay check
346D F0	2D	      BEQ     _1
346F AD	1B D4	      LDA     byte_0_D41B
3472 29	1F	      AND     #$1F
3474 C5	67	      CMP     shipLevel
3476 B0	24	      BCS     _1
3478 A6	10	      LDX     currentIdx
347A BD	A0 03	      LDA     droidFireDelay,X
347D D0	1D	      BNE     _1
347F 20	B5 34	      JSR     AddBullet
3482 A6	59	      LDX     numDeckDroids
3484 A9	00	      LDA     #0
3486 9D	F0 03	      STA     droidState,X
3489 A9	25	      LDA     #$25
348B 9D	40 03	      STA     droidType,X
348E 9D	60 03	      STA     droidEnergy,X
3491 A4	04	      LDY     SpriteNum
3493 99	05 02	      STA     SprNumber,Y
3496 98		      TYA
3497 9D	50 03	      STA     droidSprNum,X
349A E6	59	      INC     numDeckDroids
349C	      _1:				  ; DoEnemyFire+1D↑j
349C						  ; DoEnemyFire+26↑j
349C						  ; DoEnemyFire+2D↑j
349C A5	78	      LDA     xfer_plySpriteX	  ; restore
349E 85	04	      STA     SpriteNum
34A0	      _x:				  ; DoEnemyFire+8↑j
34A0						  ; DoEnemyFire+14↑j
34A0 60		      RTS
34A1	      _disruptor:			  ; DoEnemyFire+E↑j
34A1 AD	1B D4	      LDA     byte_0_D41B
34A4 29	7F	      AND     #$7F
34A6 C5	67	      CMP     shipLevel
34A8 B0	0A	      BCS     _x2
34AA A5	94	      LDA     disruptorCnt
34AC D0	06	      BNE     _x2
34AE A9	04	      LDA     #4
34B0 85	94	      STA     disruptorCnt
34B2 85	AF	      STA     disruptorOwner
34B4	      _x2:				  ; DoEnemyFire+58↑j
34B4						  ; DoEnemyFire+5C↑j
34B4 60		      RTS
34B4	      ;	End of function	DoEnemyFire
34B5	      ;	---------------	S U B R	O U T I	N E ---------------------------------------
34B5	      AddBullet:			  ; DoEnemyFire+2F↑p
34B5 A6	59	      LDX     numDeckDroids
34B7 A5	5E	      LDA     deltaX
34B9 9D	70 03	      STA     droidSpdX,X
34BC A5	5F	      LDA     deltaX+1
34BE 4A		      LSR     A			  ; >>5
34BF 7E	70 03	      ROR     droidSpdX,X
34C2 4A		      LSR     A
34C3 7E	70 03	      ROR     droidSpdX,X
34C6 4A		      LSR     A
34C7 7E	70 03	      ROR     droidSpdX,X
34CA 4A		      LSR     A
34CB 7E	70 03	      ROR     droidSpdX,X
34CE 4A		      LSR     A
34CF 7E	70 03	      ROR     droidSpdX,X
34D2 A5	60	      LDA     deltaY
34D4 9D	80 03	      STA     droidSpdY,X
34D7 A5	61	      LDA     deltaY+1
34D9 4A		      LSR     A			  ; >>5
34DA 7E	80 03	      ROR     droidSpdY,X
34DD 4A		      LSR     A
34DE 7E	80 03	      ROR     droidSpdY,X
34E1 4A		      LSR     A
34E2 7E	80 03	      ROR     droidSpdY,X
34E5 4A		      LSR     A
34E6 7E	80 03	      ROR     droidSpdY,X
34E9 4A		      LSR     A
34EA 7E	80 03	      ROR     droidSpdY,X
34ED A4	10	      LDY     currentIdx
34EF B9	C0 03	      LDA     droidPosX_hi,Y
34F2 9D	C0 03	      STA     droidPosX_hi,X
34F5 B9	E0 03	      LDA     droidPosY_hi,Y
34F8 9D	E0 03	      STA     droidPosY_hi,X
34FB B9	B0 03	      LDA     droidPosX_lo,Y
34FE 9D	B0 03	      STA     droidPosX_lo,X
3501 B9	D0 03	      LDA     droidPosY_lo,Y
3504 9D	D0 03	      STA     droidPosY_lo,X
3507 A9	1A	      LDA     #26
3509 38		      SEC
350A F9	40 03	      SBC     droidType,Y
350D 99	A0 03	      STA     droidFireDelay,Y	  ; [3,25]
3510 AD	1B D4	      LDA     byte_0_D41B
3513 29	03	      AND     #3
3515 69	01	      ADC     #1
3517 99	F0 03	      STA     droidState,Y
351A A5	0F	      LDA     tmp1
351C 18		      CLC
351D 69	01	      ADC     #1
351F 85	92	      STA     SndFx2
3521 A5	0F	      LDA     tmp1
3523 0A		      ASL     A
3524 0A		      ASL     A
3525 A8		      TAY
3526 BD	80 03	      LDA     droidSpdY,X
3529 10	05	      BPL     _1
352B 49	FF	      EOR     #$FF
352D 18		      CLC
352E 69	01	      ADC     #1
3530	      _1:				  ; AddBullet+74↑j
3530 85	1B	      STA     src+1
3532 BD	70 03	      LDA     droidSpdX,X
3535 10	05	      BPL     _2
3537 49	FF	      EOR     #$FF
3539 18		      CLC
353A 69	01	      ADC     #1
353C	      _2:				  ; AddBullet+80↑j
353C 85	1A	      STA     src
353E 38		      SEC
353F E5	1B	      SBC     src+1
3541 B0	0F	      BCS     _4
3543 38		      SEC
3544 E5	1A	      SBC     src
3546 B0	11	      BCS     _6
3548	      _3:				  ; AddBullet+A0↓j
3548 BD	70 03	      LDA     droidSpdX,X
354B 5D	80 03	      EOR     droidSpdY,X
354E 10	0A	      BPL     _7
3550 30	06	      BMI     _5
3552	      _4:				  ; AddBullet+8C↑j
3552 38		      SEC
3553 E5	1B	      SBC     src+1
3555 90	F1	      BCC     _3
3557 C8		      INY			  ; -
3558	      _5:				  ; AddBullet+9B↑j
3558 C8		      INY			  ; /
3559	      _6:				  ; AddBullet+91↑j
3559 C8		      INY			  ; |
355A	      _7:				  ; AddBullet+99↑j
355A B9	4C 6E	      LDA     BulletSprite_t,Y	  ; \ | / -
355D 9D	90 03	      STA     droidSpriteImage,X
3560 BD	70 03	      LDA     droidSpdX,X
3563 49	FF	      EOR     #$FF
3565 18		      CLC
3566 69	01	      ADC     #1
3568 9D	70 03	      STA     droidSpdX,X
356B BD	80 03	      LDA     droidSpdY,X
356E 49	FF	      EOR     #$FF
3570 18		      CLC
3571 69	01	      ADC     #1
3573 9D	80 03	      STA     droidSpdY,X
3576 60		      RTS
3576	      ;	End of function	AddBullet
3577	      ;	---------------	S U B R	O U T I	N E ---------------------------------------
3577	      NewCharColors:			  ; LevelColors+1C↑p
3577 A0	00	      LDY     #0
3579	      _1:				  ; NewCharColors+16↓j
3579 B9	00 08	      LDA     CharColor,Y	  ; upper nibble is index into color table
357C 4A		      LSR     A
357D 4A		      LSR     A
357E 4A		      LSR     A
357F 4A		      LSR     A
3580 AA		      TAX
3581 B9	00 08	      LDA     CharColor,Y
3584 29	F0	      AND     #$F0
3586 1D	15 02	      ORA     clr0_top_d020,X
3589 99	00 08	      STA     CharColor,Y
358C C8		      INY
358D D0	EA	      BNE     _1
358F 60		      RTS
358F	      ;	End of function	NewCharColors
3590	      ;	---------------	S U B R	O U T I	N E ---------------------------------------
3590	      BuildLevel:			  ; StartGame+8B↑p
3590						  ; ChangeDeck+26↑p
3590 A2	00	      LDX     #0		  ; 8000, level	map
3592 A0	80	      LDY     #$80
3594 86	1C	      STX     dest
3596 84	1D	      STY     dest+1
3598 86	14	      STX     ptr_14
359A 84	15	      STY     ptr_14+1
359C A4	33	      LDY     deckNum
359E B9	00 F1	      LDA     lvPtr_lo,Y
35A1 85	1A	      STA     src
35A3 B9	10 F1	      LDA     lvPtr_hi,Y
35A6 85	1B	      STA     src+1
35A8	      _1:				  ; BuildLevel+93↓j
35A8 A0	00	      LDY     #0
35AA B1	1A	      LDA     (src),Y		  ; f249
35AC 85	56	      STA     rptChar		  ; [4:0] are tile to draw
35AE 10	13	      BPL     _3
35B0 C8		      INY
35B1 B1	1A	      LDA     (src),Y
35B3 85	57	      STA     rptLen		  ; #copies
35B5 18		      CLC
35B6 A5	1A	      LDA     src
35B8 69	02	      ADC     #2
35BA 85	1A	      STA     src
35BC 90	02	      BCC     _2
35BE E6	1B	      INC     src+1
35C0	      _2:				  ; BuildLevel+2C↑j
35C0 4C	D2 35	      JMP     _4
35C3	      _3:				  ; BuildLevel+1E↑j
35C3 A9	01	      LDA     #1
35C5 85	57	      STA     rptLen
35C7 18		      CLC
35C8 A5	1A	      LDA     src
35CA 69	01	      ADC     #1
35CC 85	1A	      STA     src
35CE 90	02	      BCC     _4
35D0 E6	1B	      INC     src+1
35D2	      _4:				  ; BuildLevel+30↑j
35D2						  ; BuildLevel+3E↑j
35D2						  ; BuildLevel+95↓j
35D2 A9	00	      LDA     #0		  ; point ($12)	to tile
35D4 85	12	      STA     ptr_12
35D6 A5	56	      LDA     rptChar
35D8 29	1F	      AND     #$1F		  ; ---43210
35DA 4A		      LSR     A
35DB 66	12	      ROR     ptr_12
35DD 4A		      LSR     A
35DE 66	12	      ROR     ptr_12
35E0 4A		      LSR     A
35E1 66	12	      ROR     ptr_12
35E3 4A		      LSR     A
35E4 66	12	      ROR     ptr_12		  ; e800,e810,...,e9e0,e9f0
35E6 69	E8	      ADC     #$E8
35E8 85	13	      STA     ptr_12+1
35EA A2	03	      LDX     #3		  ; copy 4*4 chars
35EC	      _row:				  ; BuildLevel+6F↓j
35EC A0	03	      LDY     #3
35EE	      _col:				  ; BuildLevel+63↓j
35EE B1	12	      LDA     (ptr_12),Y
35F0 91	14	      STA     (ptr_14),Y
35F2 88		      DEY
35F3 10	F9	      BPL     _col
35F5 E6	15	      INC     ptr_14+1
35F7 A5	12	      LDA     ptr_12
35F9 18		      CLC
35FA 69	04	      ADC     #4
35FC 85	12	      STA     ptr_12
35FE CA		      DEX
35FF 10	EB	      BPL     _row
3601
3601 18		      CLC
3602 A5	1C	      LDA     dest		  ; bump ($1c) to next tile position
3604 69	04	      ADC     #4
3606 85	1C	      STA     dest
3608 90	02	      BCC     _7
360A E6	1D	      INC     dest+1
360C	      _7:				  ; BuildLevel+78↑j
360C 18		      CLC			  ; wrap to next row
360D A5	1D	      LDA     dest+1
360F 69	03	      ADC     #3
3611 29	FC	      AND     #$FC
3613 85	1D	      STA     dest+1
3615 C9	C0	      CMP     #$C0
3617 B0	0F	      BCS     _x
3619 A6	1C	      LDX     dest
361B A4	1D	      LDY     dest+1
361D 86	14	      STX     ptr_14
361F 84	15	      STY     ptr_14+1
3621 C6	57	      DEC     rptLen
3623 F0	83	      BEQ     _1
3625 4C	D2 35	      JMP     _4
3628	      _x:				  ; BuildLevel+87↑j
3628 60		      RTS
3628	      ;	End of function	BuildLevel
3629	      ;	---------------	S U B R	O U T I	N E ---------------------------------------
3629	      BuildIntroSprites:		  ; TitleLoop+DA↑p DrInfo1+2C↑p
3629						  ; NewShipInfo+B↓p
3629						  ; ShowXferInfo+13↓p
3629						  ; ShowXferInfo+34↓p
3629						  ; EndGame+62↓p
3629						  ; ShowShipClear+10↓p
3629 A9	00	      LDA     #0
362B 85	12	      STA     ptr_12
362D A5	58	      LDA     dType
362F 4A		      LSR     A
3630 66	12	      ROR     ptr_12
3632 4A		      LSR     A
3633 66	12	      ROR     ptr_12
3635 69	EB	      ADC     #$EB
3637 85	13	      STA     ptr_12+1		  ; eb00, eb40,	...
3639 A0	09	      LDY     #9
363B	      _1:				  ; BuildIntroSprites+19↓j
363B B9	6A 6B	      LDA     byte_0_6B6A,Y
363E 99	04 00	      STA     SpriteNum,Y
3641 88		      DEY
3642 10	F7	      BPL     _1
3644 A4	58	      LDY     dType
3646 BE	60 EA	      LDX     DColorTheme_t,Y
3649 BD	63 6D	      LDA     SpriteMc_t,X
364C 8D	26 D0	      STA     byte_0_D022+4
364F BD	59 6D	      LDA     SpriteColor_t,X
3652 85	0D	      STA     SpriteColor
3654	      _2:				  ; BuildIntroSprites+7F↓j
3654 A4	04	      LDY     SpriteNum
3656 B1	12	      LDA     (ptr_12),Y
3658 85	0E	      STA     SpriteImage
365A A9	FF	      LDA     #$FF
365C 85	0B	      STA     SpriteMC
365E	      loc_0_365E:			  ; BuildIntroSprites+8C↓w
365E						  ; EndGame+5F↓w
365E A9	28	      LDA     #40
3660 85	05	      STA     SpriteX
3662 A5	04	      LDA     SpriteNum
3664 4A		      LSR     A
3665 18		      CLC
3666 69	44	      ADC     #68
3668 85	56	      STA     rptChar
366A AA		      TAX
366B A5	0E	      LDA     SpriteImage
366D 20	E8 3A	      JSR     MirrorSprite
3670 A0	3F	      LDY     #$3F
3672 B1	1A	      LDA     (src),Y
3674 30	04	      BMI     _4
3676 A2	00	      LDX     #0
3678 86	0B	      STX     SpriteMC
367A	      _4:				  ; BuildIntroSprites+4B↑j
367A 29	1F	      AND     #$1F
367C 85	57	      STA     rptLen
367E 20	B7 09	      JSR     WrSpriteState
3681 A5	05	      LDA     SpriteX
3683 18		      CLC
3684 69	18	      ADC     #24
3686 85	05	      STA     SpriteX
3688 E6	04	      INC     SpriteNum
368A A5	56	      LDA     rptChar
368C 85	0E	      STA     SpriteImage
368E A4	04	      LDY     SpriteNum
3690 B1	12	      LDA     (ptr_12),Y
3692 F0	02	      BEQ     _5
3694 85	0E	      STA     SpriteImage
3696	      _5:				  ; BuildIntroSprites+69↑j
3696 20	B7 09	      JSR     WrSpriteState
3699 E6	04	      INC     SpriteNum
369B A5	04	      LDA     SpriteNum
369D C9	08	      CMP     #8
369F B0	0A	      BCS     _6
36A1 A5	57	      LDA     rptLen
36A3 18		      CLC
36A4 65	07	      ADC     SpriteY
36A6 85	07	      STA     SpriteY
36A8 4C	54 36	      JMP     _2
36AB	      _6:				  ; BuildIntroSprites+76↑j
36AB A6	12	      LDX     ptr_12
36AD A4	13	      LDY     ptr_12+1
36AF 86	5C	      STX     droidInfoData	  ; eb00, eb40,	...
36B1 84	5D	      STY     droidInfoData+1	  ; eb00, eb40,	...
36B3 A9	28	      LDA     #40
36B5 8D	5F 36	      STA     loc_0_365E+1
36B8 60		      RTS
36B8	      ;	End of function	BuildIntroSprites
36B9	      ;	---------------	S U B R	O U T I	N E ---------------------------------------
36B9	      NewShipInfo:			  ; StartGame+85↑p
36B9 20	A4 31	      JSR     GotoHires
36BC A9	F2	      LDA     #$F2
36BE 20	A5 2B	      JSR     ClearGameScreen
36C1 20	49 31	      JSR     ShowRobotType
36C4 20	29 36	      JSR     BuildIntroSprites
36C7 A5	67	      LDA     shipLevel
36C9 18		      CLC
36CA 69	68	      ADC     #104		  ; ship names
36CC 8D	AD 6D	      STA     NewShip_txt+$D
36CF A2	A0	      LDX     #$A0		  ; 6da0 - NewShip_txt
36D1 A0	6D	      LDY     #$6D
36D3 86	1A	      STX     src
36D5 84	1B	      STY     src+1
36D7 20	DB 36	      JSR     PrintTokenString
36DA 60		      RTS
36DA	      ;	End of function	NewShipInfo
36DB	      ;	---------------	S U B R	O U T I	N E ---------------------------------------
36DB	      PrintTokenString:			  ; NewShipInfo+1E↑p
36DB						  ; ShowXferInfo+22↓p
36DB						  ; ShowXferInfo+43↓p
36DB						  ; ShowShipClear+1B↓p
36DB A2	00	      LDX     #0
36DD 86	78	      STX     xfer_plySpriteX
36DF E8		      INX
36E0 8D	48 02	      STA     byte_0_248
36E3 A9	09	      LDA     #9
36E5 85	B5	      STA     prntX
36E7 85	45	      STA     byte_0_45
36E9 A9	0C	      LDA     #12
36EB 85	B4	      STA     prntY
36ED 85	46	      STA     byte_0_46
36EF	      _1:				  ; PrintTokenString+39↓j
36EF						  ; PrintTokenString+3E↓j
36EF A4	78	      LDY     xfer_plySpriteX
36F1 B1	1A	      LDA     (src),Y
36F3 C9	FF	      CMP     #$FF
36F5 F0	25	      BEQ     _4
36F7 C9	FE	      CMP     #$FE
36F9 D0	0E	      BNE     _2
36FB A9	28	      LDA     #$28
36FD 85	B6	      STA     drwChar
36FF 20	5F 0C	      JSR     DrawChar
3702 E6	78	      INC     xfer_plySpriteX
3704 F0	16	      BEQ     _4
3706 4C	16 37	      JMP     _3
3709	      _2:				  ; PrintTokenString+1E↑j
3709 48		      PHA
370A 20	1E 2E	      JSR     PrCapitalString
370D 68		      PLA
370E E6	78	      INC     xfer_plySpriteX
3710 F0	0A	      BEQ     _4
3712 C9	64	      CMP     #100
3714 D0	D9	      BNE     _1
3716	      _3:				  ; PrintTokenString+2B↑j
3716 EE	48 02	      INC     byte_0_248
3719 4C	EF 36	      JMP     _1
371C	      _4:				  ; PrintTokenString+1A↑j
371C						  ; PrintTokenString+29↑j
371C						  ; PrintTokenString+35↑j
371C 20	64 28	      JSR     WaitNoFire
371F A9	48	      LDA     #72
3721 85	78	      STA     xfer_plySpriteX
3723	      _5:				  ; PrintTokenString+56↓j
3723 20	1A 09	      JSR     ReadJoystick
3726 A0	20	      LDY     #32
3728 20	62 0B	      JSR     DelayScore
372B A5	18	      LDA     joyFire
372D F0	04	      BEQ     _x
372F C6	78	      DEC     xfer_plySpriteX
3731 D0	F0	      BNE     _5
3733	      _x:				  ; PrintTokenString+52↑j
3733 60		      RTS
3733	      ;	End of function	PrintTokenString
3734	      ;	---------------	S U B R	O U T I	N E ---------------------------------------
3734	      ShowXferInfo:			  ; Capture+A↑p
3734 20	CA 2B	      JSR     FindStrings
3737 20	A4 31	      JSR     GotoHires
373A A9	F5	      LDA     #$F5
373C 20	A5 2B	      JSR     ClearGameScreen
373F AD	40 03	      LDA     droidType
3742 85	58	      STA     dType
3744 20	49 31	      JSR     ShowRobotType
3747 20	29 36	      JSR     BuildIntroSprites
374A A9	0B	      LDA     #$B
374C 85	91	      STA     sndFx1
374E A2	B5	      LDX     #$B5		  ; 6db5 - ControlUnit_txt
3750 A0	6D	      LDY     #$6D
3752 86	1A	      STX     src
3754 84	1B	      STY     src+1
3756 20	DB 36	      JSR     PrintTokenString
3759 A9	F6	      LDA     #$F6
375B 20	A5 2B	      JSR     ClearGameScreen
375E A6	6B	      LDX     xferDroid
3760 BD	40 03	      LDA     droidType,X
3763 85	58	      STA     dType
3765 20	49 31	      JSR     ShowRobotType
3768 20	29 36	      JSR     BuildIntroSprites
376B A9	0C	      LDA     #$C
376D 85	91	      STA     sndFx1
376F A2	BF	      LDX     #$BF		  ; 6dbf - XferUnit_txt
3771 A0	6D	      LDY     #$6D
3773 86	1A	      STX     src
3775 84	1B	      STY     src+1
3777 20	DB 36	      JSR     PrintTokenString
377A 20	7E 37	      JSR     ClearSubGameData
377D 60		      RTS
377D	      ;	End of function	ShowXferInfo
377E	      ;	---------------	S U B R	O U T I	N E ---------------------------------------
377E	      ClearSubGameData:			  ; StartGame+88↑p
377E						  ; GameLoop+15B↑p Capture+1F↑p
377E						  ; ShowXferInfo+46↑p
377E A9	00	      LDA     #0
3780 A8		      TAY
3781	      _1:				  ; ClearSubGameData+A↓j
3781 99	00 44	      STA     Strings_lo,Y
3784 99	00 45	      STA     Strings_hi,Y
3787 C8		      INY
3788 D0	F7	      BNE     _1
378A 60		      RTS
378A	      ;	End of function	ClearSubGameData
378B	      ;	---------------	S U B R	O U T I	N E ---------------------------------------
378B	      EndGame:				  ; GameLoop+F6↑p
378B A9	F1	      LDA     #$F1
378D 85	2C	      STA     Irq1bgColor
378F A2	40	      LDX     #$40		  ; 4940
3791 A0	49	      LDY     #$49
3793 86	1C	      STX     dest
3795 84	1D	      STY     dest+1
3797 A0	00	      LDY     #0
3799	      _1:				  ; EndGame+2E↓j
3799 AD	1B D4	      LDA     byte_0_D41B	  ; build static
379C 29	03	      AND     #3
379E 18		      CLC
379F 69	7A	      ADC     #$7A
37A1 91	1C	      STA     (dest),Y
37A3 20	95 27	      JSR     Scr2ColorRAM
37A6 A9	F0	      LDA     #$F0
37A8 91	1E	      STA     (dest2),Y
37AA 18		      CLC
37AB A5	1C	      LDA     dest
37AD 69	01	      ADC     #1
37AF 85	1C	      STA     dest
37B1 90	02	      BCC     _2
37B3 E6	1D	      INC     dest+1
37B5	      _2:				  ; EndGame+26↑j
37B5 A5	1D	      LDA     dest+1
37B7 C9	4C	      CMP     #$4C
37B9 90	DE	      BCC     _1
37BB 85	4A	      STA     frameCount
37BD A9	0F	      LDA     #$F		  ; show static
37BF 85	91	      STA     sndFx1
37C1	      _3:				  ; EndGame+4E↓j
37C1 20	C4 38	      JSR     AnimAllInsideFont
37C4 E6	4A	      INC     frameCount
37C6 30	14	      BMI     _4
37C8 A5	4A	      LDA     frameCount
37CA 29	07	      AND     #7
37CC 85	49	      STA     vScroll
37CE 20	7D 0A	      JSR     DoScore
37D1 A0	10	      LDY     #$10
37D3 20	62 0B	      JSR     DelayScore
37D6 20	7D 0A	      JSR     DoScore
37D9 4C	C1 37	      JMP     _3
37DC	      _4:				  ; EndGame+3B↑j
37DC 20	A4 31	      JSR     GotoHires
37DF A9	F3	      LDA     #$F3
37E1 20	A5 2B	      JSR     ClearGameScreen
37E4 A9	17	      LDA     #$17
37E6 85	58	      STA     dType
37E8 A9	A0	      LDA     #$A0
37EA 8D	5F 36	      STA     loc_0_365E+1
37ED 20	29 36	      JSR     BuildIntroSprites
37F0 A2	30	      LDX     #$30		  ; 6e30 - Transmission_txt
37F2 A0	6E	      LDY     #$6E
37F4 20	2E 0C	      JSR     DrawString
37F7 A2	3F	      LDX     #$3F		  ; 6e3f - Terminated_txt
37F9 A0	6E	      LDY     #$6E
37FB 20	2E 0C	      JSR     DrawString
37FE A9	05	      LDA     #5
3800 85	91	      STA     sndFx1
3802 A9	58	      LDA     #$58
3804 85	78	      STA     xfer_plySpriteX
3806	      _5:				  ; EndGame+85↓j
3806 A0	20	      LDY     #$20
3808 20	62 0B	      JSR     DelayScore
380B 20	7D 0A	      JSR     DoScore
380E C6	78	      DEC     xfer_plySpriteX
3810 D0	F4	      BNE     _5
3812 20	13 E0	      JSR     j_DoHighScore
3815 60		      RTS
3815	      ;	End of function	EndGame
3816	      ;	---------------	S U B R	O U T I	N E ---------------------------------------
3816	      ShowShipClear:			  ; StartGame+44↑p
3816 20	A4 31	      JSR     GotoHires
3819 A9	F5	      LDA     #$F5
381B 20	A5 2B	      JSR     ClearGameScreen
381E AD	40 03	      LDA     droidType
3821 85	58	      STA     dType
3823 20	49 31	      JSR     ShowRobotType
3826 20	29 36	      JSR     BuildIntroSprites
3829 A2	CE	      LDX     #$CE		  ; 6dce - ShipClear_txt
382B A0	6D	      LDY     #$6D
382D 86	1A	      STX     src
382F 84	1B	      STY     src+1
3831 20	DB 36	      JSR     PrintTokenString
3834 60		      RTS
3834	      ;	End of function	ShowShipClear
3835	      ;	---------------	S U B R	O U T I	N E ---------------------------------------
3835	      DoMobile:				  ; StartGame+17B↑p
3835						  ; GameLoop+158↑p DoLift+7A↑p
3835						  ; DoMoveMode+21↑r
3835						  ; DoMoveMode+3F↑r
3835						  ; DoMoveMode+58↑r
3835 A9	08	      LDA     #8
3837 85	93	      STA     moveModeDelay
3839 A9	80	      LDA     #$80
383B 85	3A	      STA     moveMode
383D A9	05	      LDA     #5
383F 85	3C	      STA     consoleState
3841 A2	8A	      LDX     #$8A		  ; 698a - Mobile_txt
3843 A0	69	      LDY     #$69
3845 20	2E 0C	      JSR     DrawString
3848 60		      RTS
3848	      ;	End of function	DoMobile
3849	      ;	---------------	S U B R	O U T I	N E ---------------------------------------
3849	      DoMove:				  ; GameLoop+58↑p RunGame+23↑p
3849 A5	29	      LDA     xSpd+1
384B F0	0F	      BEQ     _1
384D 10	19	      BPL     _2
384F A5	2D	      LDA     ScreenPosX
3851 38		      SEC
3852 E5	29	      SBC     xSpd+1
3854 85	2D	      STA     ScreenPosX
3856 A5	2E	      LDA     ScreenPosX+1
3858 E9	FF	      SBC     #-1
385A 85	2E	      STA     ScreenPosX+1
385C	      _1:				  ; DoMove+2↑j DoMove+2C↓j
385C A9	08	      LDA     #8
385E 38		      SEC
385F E5	2D	      SBC     ScreenPosX
3861 29	07	      AND     #7
3863 85	48	      STA     hScroll
3865 4C	78 38	      JMP     _3
3868	      _2:				  ; DoMove+4↑j
3868 A5	2D	      LDA     ScreenPosX
386A 38		      SEC
386B E5	29	      SBC     xSpd+1
386D 85	2D	      STA     ScreenPosX
386F A5	2E	      LDA     ScreenPosX+1
3871 E9	00	      SBC     #0
3873 85	2E	      STA     ScreenPosX+1
3875 4C	5C 38	      JMP     _1
3878	      _3:				  ; DoMove+1C↑j
3878 A5	2B	      LDA     ySpd+1
387A F0	0F	      BEQ     _4
387C 10	17	      BPL     _5
387E A5	2F	      LDA     ScreenPosY
3880 38		      SEC
3881 E5	2B	      SBC     ySpd+1
3883 85	2F	      STA     ScreenPosY
3885 A5	30	      LDA     ScreenPosY+1
3887 E9	FF	      SBC     #-1
3889 85	30	      STA     ScreenPosY+1
388B	      _4:				  ; DoMove+31↑j	DoMove+59↓j
388B A9	08	      LDA     #8
388D 38		      SEC
388E E5	2F	      SBC     ScreenPosY
3890 29	07	      AND     #7
3892 85	49	      STA     vScroll
3894 60		      RTS
3895	      _5:				  ; DoMove+33↑j
3895 A5	2F	      LDA     ScreenPosY
3897 38		      SEC
3898 E5	2B	      SBC     ySpd+1
389A 85	2F	      STA     ScreenPosY
389C A5	30	      LDA     ScreenPosY+1
389E E9	00	      SBC     #0
38A0 85	30	      STA     ScreenPosY+1
38A2 4C	8B 38	      JMP     _4
38A2	      ;	End of function	DoMove
38A5	      ;	---------------	S U B R	O U T I	N E ---------------------------------------
38A5	      AnimateChars:			  ; AnimAllInsideFont+50↓p
38A5 A2	07	      LDX     #7
38A7	      acptr1:				  ; AnimateChars+1C↓j
38A7						  ; AnimAllInsideFont+47↓w
38A7						  ; AnimAllInsideFont+12↓w
38A7 BC	18 78	      LDY     $7818,X
38AA	      acptr2:				  ; AnimAllInsideFont+3F↓w
38AA						  ; AnimAllInsideFont+15↓w
38AA BD	10 78	      LDA     $7810,X
38AD	      acptr3:				  ; AnimAllInsideFont+4A↓w
38AD						  ; AnimAllInsideFont+18↓w
38AD 9D	18 78	      STA     $7818,X
38B0	      acptr4:				  ; AnimAllInsideFont+37↓w
38B0						  ; AnimAllInsideFont+1B↓w
38B0 BD	08 78	      LDA     $7808,X
38B3	      acptr5:				  ; AnimAllInsideFont+42↓w
38B3						  ; AnimAllInsideFont+1E↓w
38B3 9D	10 78	      STA     $7810,X
38B6	      acptr6:				  ; AnimAllInsideFont+2E↓w
38B6						  ; AnimAllInsideFont+21↓w
38B6 BD	00 78	      LDA     $7800,X
38B9	      acptr7:				  ; AnimAllInsideFont+3A↓w
38B9						  ; AnimAllInsideFont+24↓w
38B9 9D	08 78	      STA     $7808,X
38BC 98		      TYA
38BD	      acptr8:				  ; AnimAllInsideFont+31↓w
38BD						  ; AnimAllInsideFont+27↓w
38BD 9D	00 78	      STA     $7800,X
38C0 CA		      DEX
38C1 10	E4	      BPL     acptr1
38C3 60		      RTS
38C3	      ;	End of function	AnimateChars
38C4	      ;	---------------	S U B R	O U T I	N E ---------------------------------------
38C4	      AnimAllInsideFont:		  ; GameLoop+27↑p RunGame+F↑p
38C4						  ; EndGame+36↑p DoPause+46↓p
38C4 A5	4A	      LDA     frameCount
38C6 29	01	      AND     #1
38C8 D0	4F	      BNE     _x
38CA AC	23 6C	      LDY     ChrAnimData1
38CD	      _1:				  ; AnimAllInsideFont+C↓j
38CD 20	D3 38	      JSR     _2
38D0 D0	FB	      BNE     _1
38D2 60		      RTS
38D3	      _2:				  ; AnimAllInsideFont+9↑p
38D3 B9	23 6C	      LDA     ChrAnimData1,Y
38D6 8D	A9 38	      STA     acptr1+2
38D9 8D	AC 38	      STA     acptr2+2
38DC 8D	AF 38	      STA     acptr3+2
38DF 8D	B2 38	      STA     acptr4+2
38E2 8D	B5 38	      STA     acptr5+2
38E5 8D	B8 38	      STA     acptr6+2
38E8 8D	BB 38	      STA     acptr7+2
38EB 8D	BF 38	      STA     acptr8+2
38EE 88		      DEY
38EF B9	23 6C	      LDA     ChrAnimData1,Y
38F2 8D	B7 38	      STA     acptr6+1
38F5 8D	BE 38	      STA     acptr8+1
38F8 18		      CLC
38F9 69	08	      ADC     #8
38FB 8D	B1 38	      STA     acptr4+1
38FE 8D	BA 38	      STA     acptr7+1
3901 69	08	      ADC     #8
3903 8D	AB 38	      STA     acptr2+1
3906 8D	B4 38	      STA     acptr5+1
3909 69	08	      ADC     #8
390B 8D	A8 38	      STA     acptr1+1
390E 8D	AE 38	      STA     acptr3+1
3911 88		      DEY
3912 84	11	      STY     xfer_cpuSpriteX
3914 20	A5 38	      JSR     AnimateChars
3917 A4	11	      LDY     xfer_cpuSpriteX
3919	      _x:				  ; AnimAllInsideFont+4↑j
3919 60		      RTS
3919	      ;	End of function	AnimAllInsideFont
391A	      ;	---------------	S U B R	O U T I	N E ---------------------------------------
391A	      DrawScreen:			  ; GameLoop+5E↑p RunGame+26↑p
391A A5	2D	      LDA     ScreenPosX
391C 18		      CLC
391D 69	07	      ADC     #7
391F 85	31	      STA     byte_0_31
3921 A5	2E	      LDA     ScreenPosX+1
3923 69	00	      ADC     #0
3925 4A		      LSR     A
3926 66	31	      ROR     byte_0_31
3928 4A		      LSR     A
3929 66	31	      ROR     byte_0_31
392B 4A		      LSR     A
392C 66	31	      ROR     byte_0_31
392E A5	2F	      LDA     ScreenPosY
3930 18		      CLC
3931 69	07	      ADC     #7
3933 85	32	      STA     byte_0_32
3935 A5	30	      LDA     ScreenPosY+1
3937 69	00	      ADC     #0
3939 4A		      LSR     A
393A 66	32	      ROR     byte_0_32
393C 4A		      LSR     A
393D 66	32	      ROR     byte_0_32
393F 4A		      LSR     A
3940 66	32	      ROR     byte_0_32		  ; 32.w = 8000...bfff
3942 A2	40	      LDX     #$40		  ; d940 - colormap
3944 A0	D9	      LDY     #$D9
3946 8E	A2 39	      STX     _cram+1
3949 8C	A3 39	      STY     _cram+2
394C A2	40	      LDX     #$40		  ; 4940 - screen
394E A0	49	      LDY     #$49
3950 86	1C	      STX     dest
3952 84	1D	      STY     dest+1
3954 A9	80	      LDA     #$80
3956 85	1B	      STA     src+1
3958 A5	31	      LDA     byte_0_31
395A 85	1A	      STA     src
395C A2	11	      LDX     #17		  ; 17 lines
395E 86	10	      STX     currentIdx
3960 A5	32	      LDA     byte_0_32
3962 85	0F	      STA     tmp1
3964	      _blanktop:			  ; DrawScreen+6C↓j
3964 10	23	      BPL     _4
3966 A0	26	      LDY     #38		  ; draw empty space on	top
3968	      _2:				  ; DrawScreen+53↓j
3968 A9	00	      LDA     #0
396A 91	1C	      STA     (dest),Y
396C 88		      DEY
396D 10	F9	      BPL     _2
396F A5	1C	      LDA     dest
3971 18		      CLC
3972 69	28	      ADC     #40
3974 85	1C	      STA     dest
3976 8D	A2 39	      STA     _cram+1
3979 90	05	      BCC     _3
397B E6	1D	      INC     dest+1
397D EE	A3 39	      INC     _cram+2
3980	      _3:				  ; DrawScreen+5F↑j
3980 C6	10	      DEC     currentIdx
3982 F0	5E	      BEQ     _12
3984 E6	0F	      INC     tmp1
3986 4C	64 39	      JMP     _blanktop
3989	      _4:				  ; DrawScreen+4A↑j
3989 A5	31	      LDA     byte_0_31		  ; set	source
398B 8D	99 39	      STA     _src+1
398E A5	0F	      LDA     tmp1
3990 18		      CLC
3991 69	80	      ADC     #$80
3993 8D	9A 39	      STA     _src+2
3996	      _5:				  ; DrawScreen+AB↓j
3996 A0	26	      LDY     #38
3998	      _src:				  ; DrawScreen+8B↓j
3998						  ; DrawScreen+71↑w
3998						  ; DrawScreen+79↑w
3998						  ; DrawScreen+A2↓w
3998 B9	40 49	      LDA     $4940,Y
399B 91	1C	      STA     (dest),Y
399D AA		      TAX
399E BD	00 08	      LDA     CharColor,X
39A1	      _cram:				  ; DrawScreen+2C↑w
39A1						  ; DrawScreen+5C↑w
39A1						  ; DrawScreen+94↓w
39A1						  ; DrawScreen+2F↑w
39A1						  ; DrawScreen+63↑w
39A1						  ; DrawScreen+9B↓w
39A1 99	40 D9	      STA     $D940,Y
39A4 88		      DEY
39A5 10	F1	      BPL     _src
39A7 A5	1C	      LDA     dest
39A9 18		      CLC
39AA 69	28	      ADC     #40
39AC 85	1C	      STA     dest
39AE 8D	A2 39	      STA     _cram+1
39B1 90	05	      BCC     _8
39B3 E6	1D	      INC     dest+1
39B5 EE	A3 39	      INC     _cram+2
39B8	      _8:				  ; DrawScreen+97↑j
39B8 C6	10	      DEC     currentIdx
39BA F0	26	      BEQ     _12
39BC EE	9A 39	      INC     _src+2
39BF E6	0F	      INC     tmp1
39C1 A5	0F	      LDA     tmp1
39C3 C9	40	      CMP     #64
39C5 90	CF	      BCC     _5
39C7	      _blankbottom:			  ; DrawScreen+C5↓j
39C7 A0	26	      LDY     #38		  ; empty lines	at bottom
39C9	      _10:				  ; DrawScreen+B4↓j
39C9 A9	00	      LDA     #0
39CB 91	1C	      STA     (dest),Y
39CD 88		      DEY
39CE 10	F9	      BPL     _10
39D0 C6	10	      DEC     currentIdx
39D2 F0	0E	      BEQ     _12
39D4 A5	1C	      LDA     dest
39D6 18		      CLC
39D7 69	28	      ADC     #40
39D9 85	1C	      STA     dest
39DB 90	02	      BCC     _11
39DD E6	1D	      INC     dest+1
39DF	      _11:				  ; DrawScreen+C1↑j
39DF 4C	C7 39	      JMP     _blankbottom
39E2	      _12:				  ; DrawScreen+68↑j
39E2						  ; DrawScreen+A0↑j
39E2						  ; DrawScreen+B8↑j
39E2 A5	32	      LDA     byte_0_32		  ; topmost line
39E4 18		      CLC
39E5 69	08	      ADC     #8
39E7 09	80	      ORA     #$80
39E9 85	4D	      STA     plyMapPos+1
39EB A5	31	      LDA     byte_0_31		  ; char offset
39ED 18		      CLC
39EE 69	13	      ADC     #$13
39F0 85	4C	      STA     plyMapPos
39F2 A0	00	      LDY     #0
39F4 B1	4C	      LDA     (plyMapPos),Y
39F6 85	4E	      STA     charUnder
39F8 60		      RTS
39F8	      ;	End of function	DrawScreen
39F9	      ;	---------------	S U B R	O U T I	N E ---------------------------------------
39F9	      CalcSpeed:			  ; GameLoop+41↑p
39F9 A5	17	      LDA     joyXDir
39FB F0	22	      BEQ     _slow_x
39FD 10	10	      BPL     _1
39FF 18		      CLC
3A00 A5	28	      LDA     xSpd
3A02 65	35	      ADC     Acceleration
3A04 85	28	      STA     xSpd
3A06 A5	29	      LDA     xSpd+1
3A08 69	00	      ADC     #0
3A0A 85	29	      STA     xSpd+1
3A0C 4C	51 3A	      JMP     _y
3A0F	      _1:				  ; CalcSpeed+4↑j
3A0F 38		      SEC
3A10 A5	28	      LDA     xSpd
3A12 65	38	      ADC     AccelerationNeg
3A14 85	28	      STA     xSpd
3A16 A5	29	      LDA     xSpd+1
3A18 69	FF	      ADC     #$FF
3A1A 85	29	      STA     xSpd+1
3A1C 4C	51 3A	      JMP     _y
3A1F	      _slow_x:				  ; CalcSpeed+2↑j
3A1F A5	29	      LDA     xSpd+1
3A21 30	16	      BMI     _3
3A23 05	28	      ORA     xSpd
3A25 F0	24	      BEQ     _zero_x
3A27 18		      CLC
3A28 A5	28	      LDA     xSpd
3A2A 65	34	      ADC     DecelerationNeg
3A2C 85	28	      STA     xSpd
3A2E A5	29	      LDA     xSpd+1
3A30 69	FF	      ADC     #$FF
3A32 85	29	      STA     xSpd+1
3A34 30	15	      BMI     _zero_x
3A36 4C	51 3A	      JMP     _y
3A39	      _3:				  ; CalcSpeed+28↑j
3A39 18		      CLC
3A3A A5	28	      LDA     xSpd
3A3C 65	37	      ADC     Deceleration
3A3E 85	28	      STA     xSpd
3A40 A5	29	      LDA     xSpd+1
3A42 69	00	      ADC     #0
3A44 85	29	      STA     xSpd+1
3A46 10	03	      BPL     _zero_x
3A48 4C	51 3A	      JMP     _y
3A4B	      _zero_x:				  ; CalcSpeed+2C↑j
3A4B						  ; CalcSpeed+3B↑j
3A4B						  ; CalcSpeed+4D↑j
3A4B A9	00	      LDA     #0
3A4D 85	29	      STA     xSpd+1
3A4F 85	28	      STA     xSpd
3A51	      _y:				  ; CalcSpeed+13↑j
3A51						  ; CalcSpeed+23↑j
3A51						  ; CalcSpeed+3D↑j
3A51						  ; CalcSpeed+4F↑j
3A51 A5	16	      LDA     joyYDir
3A53 F0	22	      BEQ     _slow_y
3A55 10	10	      BPL     _6
3A57 18		      CLC
3A58 A5	2A	      LDA     ySpd
3A5A 65	35	      ADC     Acceleration
3A5C 85	2A	      STA     ySpd
3A5E A5	2B	      LDA     ySpd+1
3A60 69	00	      ADC     #0
3A62 85	2B	      STA     ySpd+1
3A64 4C	A9 3A	      JMP     _limit_x
3A67	      _6:				  ; CalcSpeed+5C↑j
3A67 38		      SEC
3A68 A5	2A	      LDA     ySpd
3A6A 65	38	      ADC     AccelerationNeg
3A6C 85	2A	      STA     ySpd
3A6E A5	2B	      LDA     ySpd+1
3A70 69	FF	      ADC     #$FF
3A72 85	2B	      STA     ySpd+1
3A74 4C	A9 3A	      JMP     _limit_x
3A77	      _slow_y:				  ; CalcSpeed+5A↑j
3A77 A5	2B	      LDA     ySpd+1
3A79 30	16	      BMI     _8
3A7B 05	2A	      ORA     ySpd
3A7D F0	2A	      BEQ     _limit_x
3A7F 18		      CLC
3A80 A5	2A	      LDA     ySpd
3A82 65	34	      ADC     DecelerationNeg
3A84 85	2A	      STA     ySpd
3A86 A5	2B	      LDA     ySpd+1
3A88 69	FF	      ADC     #$FF
3A8A 85	2B	      STA     ySpd+1
3A8C 30	15	      BMI     _zero_y
3A8E 4C	A9 3A	      JMP     _limit_x
3A91	      _8:				  ; CalcSpeed+80↑j
3A91 18		      CLC
3A92 A5	2A	      LDA     ySpd
3A94 65	37	      ADC     Deceleration
3A96 85	2A	      STA     ySpd
3A98 A5	2B	      LDA     ySpd+1
3A9A 69	00	      ADC     #0
3A9C 85	2B	      STA     ySpd+1
3A9E 10	03	      BPL     _zero_y
3AA0 4C	A9 3A	      JMP     _limit_x
3AA3	      _zero_y:				  ; CalcSpeed+93↑j
3AA3						  ; CalcSpeed+A5↑j
3AA3 A9	00	      LDA     #0
3AA5 85	2B	      STA     ySpd+1
3AA7 85	2A	      STA     ySpd
3AA9	      _limit_x:				  ; CalcSpeed+6B↑j
3AA9						  ; CalcSpeed+7B↑j
3AA9						  ; CalcSpeed+84↑j
3AA9						  ; CalcSpeed+95↑j
3AA9						  ; CalcSpeed+A7↑j
3AA9 A5	29	      LDA     xSpd+1
3AAB 30	0F	      BMI     _11
3AAD C5	36	      CMP     MaxSpeed
3AAF 90	17	      BCC     _limit_y
3AB1 A5	36	      LDA     MaxSpeed
3AB3 85	29	      STA     xSpd+1
3AB5 A9	00	      LDA     #0
3AB7 85	28	      STA     xSpd
3AB9 4C	C8 3A	      JMP     _limit_y
3ABC	      _11:				  ; CalcSpeed+B2↑j
3ABC C5	39	      CMP     MaxSpeedNeg
3ABE B0	08	      BCS     _limit_y
3AC0 A5	39	      LDA     MaxSpeedNeg
3AC2 85	29	      STA     xSpd+1
3AC4 A9	00	      LDA     #0
3AC6 85	28	      STA     xSpd
3AC8	      _limit_y:				  ; CalcSpeed+B6↑j
3AC8						  ; CalcSpeed+C0↑j
3AC8						  ; CalcSpeed+C5↑j
3AC8 A5	2B	      LDA     ySpd+1
3ACA 30	0F	      BMI     _13
3ACC C5	36	      CMP     MaxSpeed
3ACE 90	17	      BCC     _x
3AD0 A5	36	      LDA     MaxSpeed
3AD2 85	2B	      STA     ySpd+1
3AD4 A9	00	      LDA     #0
3AD6 85	2A	      STA     ySpd
3AD8 4C	E7 3A	      JMP     _x
3ADB	      _13:				  ; CalcSpeed+D1↑j
3ADB C5	39	      CMP     MaxSpeedNeg
3ADD B0	08	      BCS     _x
3ADF A5	39	      LDA     MaxSpeedNeg
3AE1 85	2B	      STA     ySpd+1
3AE3 A9	00	      LDA     #0
3AE5 85	2A	      STA     ySpd
3AE7	      _x:				  ; CalcSpeed+D5↑j
3AE7						  ; CalcSpeed+DF↑j
3AE7						  ; CalcSpeed+E4↑j
3AE7 60		      RTS
3AE7	      ;	End of function	CalcSpeed
3AE8	      ;	---------------	S U B R	O U T I	N E ---------------------------------------
3AE8	      MirrorSprite:			  ; BuildIntroSprites+44↑p
3AE8 A0	00	      LDY     #0
3AEA 84	1A	      STY     src
3AEC 8C	69 3B	      STY     _7+1
3AEF 38		      SEC
3AF0 6A		      ROR     A
3AF1 66	1A	      ROR     src
3AF3 4A		      LSR     A
3AF4 66	1A	      ROR     src
3AF6 85	1B	      STA     src+1		  ; src	= A<<6 | $4000
3AF8 8A		      TXA
3AF9 38		      SEC
3AFA 6A		      ROR     A
3AFB 6E	69 3B	      ROR     _7+1
3AFE 4A		      LSR     A
3AFF 6E	69 3B	      ROR     _7+1
3B02 8D	6A 3B	      STA     _7+2		  ; ptr	= X<<6 | $4000
3B05 A9	15	      LDA     #21
3B07 85	20	      STA     tmp2
3B09 A2	02	      LDX     #2
3B0B A0	3F	      LDY     #$3F
3B0D B1	1A	      LDA     (src),Y
3B0F A0	00	      LDY     #0
3B11 29	80	      AND     #$80
3B13 D0	37	      BNE     _mc
3B15 AD	69 3B	      LDA     _7+1		  ; copy X ptr
3B18 8D	39 3B	      STA     _4+1
3B1B AD	6A 3B	      LDA     _7+2
3B1E 8D	3A 3B	      STA     _4+2
3B21	      _1:				  ; MirrorSprite+61↓j
3B21 A9	03	      LDA     #3
3B23 85	11	      STA     xfer_cpuSpriteX
3B25	      _2:				  ; MirrorSprite+57↓j
3B25 A9	00	      LDA     #0		  ; read byte and mirror it
3B27 85	0F	      STA     tmp1
3B29 A9	08	      LDA     #8
3B2B 85	10	      STA     currentIdx
3B2D B1	1A	      LDA     (src),Y
3B2F	      _3:				  ; MirrorSprite+4C↓j
3B2F 0A		      ASL     A
3B30 66	0F	      ROR     tmp1
3B32 C6	10	      DEC     currentIdx
3B34 D0	F9	      BNE     _3
3B36 A5	0F	      LDA     tmp1
3B38	      _4:				  ; MirrorSprite+30↑w
3B38						  ; MirrorSprite+36↑w
3B38 9D	00 80	      STA     $8000,X
3B3B C8		      INY
3B3C CA		      DEX
3B3D C6	11	      DEC     xfer_cpuSpriteX
3B3F D0	E4	      BNE     _2		  ; do one line
3B41 E8		      INX
3B42 E8		      INX
3B43 E8		      INX
3B44 E8		      INX
3B45 E8		      INX
3B46 E8		      INX
3B47 C6	20	      DEC     tmp2
3B49 D0	D6	      BNE     _1		  ; do 21 lines
3B4B 60		      RTS
3B4C	      _mc:				  ; MirrorSprite+2B↑j
3B4C						  ; MirrorSprite+91↓j
3B4C A9	03	      LDA     #3
3B4E 85	11	      STA     xfer_cpuSpriteX
3B50	      _5:				  ; MirrorSprite+87↓j
3B50 A9	00	      LDA     #0
3B52 85	0F	      STA     tmp1
3B54 A9	04	      LDA     #4
3B56 85	10	      STA     currentIdx
3B58 B1	1A	      LDA     (src),Y
3B5A	      _6:				  ; MirrorSprite+7C↓j
3B5A 0A		      ASL     A
3B5B 08		      PHP
3B5C 0A		      ASL     A
3B5D 66	0F	      ROR     tmp1
3B5F 28		      PLP
3B60 66	0F	      ROR     tmp1
3B62 C6	10	      DEC     currentIdx
3B64 D0	F4	      BNE     _6
3B66 A5	0F	      LDA     tmp1
3B68	      _7:				  ; MirrorSprite+4↑w
3B68						  ; MirrorSprite+2D↑r
3B68						  ; MirrorSprite+1A↑w
3B68						  ; MirrorSprite+33↑r
3B68 9D	00 80	      STA     $8000,X
3B6B C8		      INY
3B6C CA		      DEX
3B6D C6	11	      DEC     xfer_cpuSpriteX
3B6F D0	DF	      BNE     _5
3B71 E8		      INX
3B72 E8		      INX
3B73 E8		      INX
3B74 E8		      INX
3B75 E8		      INX
3B76 E8		      INX
3B77 C6	20	      DEC     tmp2
3B79 D0	D1	      BNE     _mc
3B7B 60		      RTS
3B7B	      ;	End of function	MirrorSprite
3B7C	      ;	---------------	S U B R	O U T I	N E ---------------------------------------
3B7C	      DoPause:				  ; GameLoop+C↑p
3B7C A9	7F	      LDA     #$7F		  ; run/stop?
3B7E 8D	00 DC	      STA     byte_0_DC00
3B81 AD	01 DC	      LDA     byte_0_DC01
3B84 29	80	      AND     #$80
3B86 D0	5F	      BNE     _x
3B88 A2	CF	      LDX     #$CF		  ; 0bcf - Pause_txt
3B8A A0	0B	      LDY     #$B
3B8C 20	2E 0C	      JSR     DrawString
3B8F A9	00	      LDA     #0
3B91 85	90	      STA     sndState
3B93	      _1:				  ; DoPause+21↓j
3B93 A9	7F	      LDA     #$7F		  ; run/stop?
3B95 8D	00 DC	      STA     byte_0_DC00
3B98 AD	01 DC	      LDA     byte_0_DC01
3B9B 29	80	      AND     #$80
3B9D F0	F4	      BEQ     _1
3B9F A5	4A	      LDA     frameCount
3BA1 85	55	      STA     byte_0_55
3BA3	      _2:				  ; DoPause+69↓j
3BA3 A9	BF	      LDA     #$BF		  ; clr/home?
3BA5 8D	00 DC	      STA     byte_0_DC00
3BA8 AD	01 DC	      LDA     byte_0_DC01
3BAB 29	08	      AND     #8
3BAD F0	39	      BEQ     _4
3BAF E6	4A	      INC     frameCount
3BB1 20	1A 09	      JSR     ReadJoystick
3BB4 20	23 0B	      JSR     ReadFKeys
3BB7 A0	18	      LDY     #$18
3BB9 20	62 0B	      JSR     DelayScore
3BBC 20	8A 0B	      JSR     DoCheese
3BBF 20	B7 32	      JSR     DoBlkWhte
3BC2 20	C4 38	      JSR     AnimAllInsideFont
3BC5 A2	28	      LDX     #$28		  ; 6c28 - ChrAnimData2
3BC7 A0	6C	      LDY     #$6C
3BC9 86	1A	      STX     src
3BCB 84	1B	      STY     src+1
3BCD A9	02	      LDA     #2
3BCF 20	05 26	      JSR     AnimateIntoFont
3BD2 20	FB 3C	      JSR     AnimateDroids
3BD5 A9	7F	      LDA     #$7F		  ; run/stop?
3BD7 8D	00 DC	      STA     byte_0_DC00
3BDA AD	01 DC	      LDA     byte_0_DC01
3BDD 29	80	      AND     #$80
3BDF F0	0A	      BEQ     _5
3BE1 A5	18	      LDA     joyFire
3BE3 F0	06	      BEQ     _5
3BE5 D0	BC	      BNE     _2
3BE7	      _x:				  ; DoPause+A↑j
3BE7 60		      RTS
3BE8	      _4:				  ; DoPause+31↑j
3BE8 4C	D3 10	      JMP     TitleLoop
3BEB	      _5:				  ; DoPause+63↑j DoPause+67↑j
3BEB						  ; DoPause+7F↓j DoPause+83↓j
3BEB 20	1A 09	      JSR     ReadJoystick
3BEE 20	23 0B	      JSR     ReadFKeys
3BF1 A9	7F	      LDA     #$7F		  ; run/stop?
3BF3 8D	00 DC	      STA     byte_0_DC00
3BF6 AD	01 DC	      LDA     byte_0_DC01
3BF9 29	80	      AND     #$80
3BFB F0	EE	      BEQ     _5
3BFD A5	18	      LDA     joyFire
3BFF F0	EA	      BEQ     _5
3C01 A2	64	      LDX     #$64		  ; 6964 - Continue_txt
3C03 A0	69	      LDY     #$69
3C05 20	2E 0C	      JSR     DrawString
3C08 20	E5 27	      JSR     InitColors
3C0B A5	55	      LDA     byte_0_55
3C0D 85	4A	      STA     frameCount
3C0F A9	12	      LDA     #$12
3C11 85	90	      STA     sndState
3C13 60		      RTS
3C13	      ;	End of function	DoPause
3C14	      ;	---------------	S U B R	O U T I	N E ---------------------------------------
3C14	      UpackText:			  ; ShowTitle+7E↑p
3C14 A0	00	      LDY     #0		  ; dest address
3C16 B1	1A	      LDA     (src),Y
3C18 29	3F	      AND     #$3F
3C1A 09	80	      ORA     #$80
3C1C 85	1D	      STA     dest+1
3C1E C8		      INY
3C1F B1	1A	      LDA     (src),Y
3C21 85	1C	      STA     dest
3C23 C8		      INY
3C24 84	BA	      STY     byte_0_BA
3C26	      _1:				  ; UpackText+24↓j
3C26 A4	BA	      LDY     byte_0_BA		  ; get	char
3C28 B1	1A	      LDA     (src),Y
3C2A C8		      INY
3C2B 84	BA	      STY     byte_0_BA
3C2D 30	1C	      BMI     _4
3C2F C9	00	      CMP     #0
3C31 30	08	      BMI     _2
3C33 85	B6	      STA     drwChar
3C35 20	4E 3C	      JSR     UpTextChar
3C38 4C	26 3C	      JMP     _1
3C3B	      _2:				  ; UpackText+1D↑j
3C3B A5	BA	      LDA     byte_0_BA		  ; end	mark if	no text
3C3D C9	04	      CMP     #4
3C3F 90	0A	      BCC     _4
3C41 18		      CLC
3C42 65	1A	      ADC     src
3C44 85	1A	      STA     src
3C46 90	02	      BCC     _3
3C48 E6	1B	      INC     src+1
3C4A	      _3:				  ; UpackText+32↑j
3C4A 60		      RTS
3C4B	      _4:				  ; UpackText+19↑j
3C4B						  ; UpackText+2B↑j
3C4B E6	25	      INC     notInDeck
3C4D 60		      RTS
3C4D	      ;	End of function	UpackText
3C4E	      ;	---------------	S U B R	O U T I	N E ---------------------------------------
3C4E	      UpTextChar:			  ; UpackText+21↑p
3C4E A5	B6	      LDA     drwChar		  ; put	char
3C50 A0	00	      LDY     #0
3C52 91	1C	      STA     (dest),Y
3C54 09	80	      ORA     #$80
3C56 E6	1D	      INC     dest+1
3C58 91	1C	      STA     (dest),Y
3C5A C6	1D	      DEC     dest+1
3C5C E6	1C	      INC     dest
3C5E 29	7F	      AND     #$7F
3C60 C9	3A	      CMP     #$3A		  ; wide? put second char
3C62 90	12	      BCC     _x
3C64 C9	5A	      CMP     #$5A
3C66 B0	0E	      BCS     _x
3C68 69	20	      ADC     #$20
3C6A 91	1C	      STA     (dest),Y
3C6C 09	80	      ORA     #$80
3C6E E6	1D	      INC     dest+1
3C70 91	1C	      STA     (dest),Y
3C72 C6	1D	      DEC     dest+1
3C74 E6	1C	      INC     dest
3C76	      _x:				  ; UpTextChar+14↑j
3C76						  ; UpTextChar+18↑j
3C76 60		      RTS
3C76	      ;	End of function	UpTextChar
3C77	      ;	---------------	S U B R	O U T I	N E ---------------------------------------
3C77	      BuildDroidSprite:			  ; StartGame+A3↑p
3C77						  ; BlowInto001+36↑p
3C77						  ; dMd0_droid+54↑p
3C77						  ; xferInitDroid+4↑p
3C77 A6	58	      LDX     dType
3C79 BC	00 EA	      LDY     DCent_t,X
3C7C B9	A4 6A	      LDA     NumDataOffset,Y
3C7F 18		      CLC
3C80 69	AE	      ADC     #$AE		  ; 6aae - NumData
3C82 8D	A1 3C	      STA     _1+1
3C85 A9	6A	      LDA     #$6A
3C87 69	00	      ADC     #0
3C89 8D	A2 3C	      STA     _1+2
3C8C A9	48	      LDA     #$48
3C8E 85	1C	      STA     dest
3C90 A5	04	      LDA     SpriteNum
3C92 18		      CLC
3C93 69	48	      ADC     #$48
3C95 38		      SEC
3C96 6A		      ROR     A
3C97 66	1C	      ROR     dest
3C99 4A		      LSR     A
3C9A 66	1C	      ROR     dest
3C9C 85	1D	      STA     dest+1		  ; 5200..53ff
3C9E A0	00	      LDY     #0
3CA0	      _1:				  ; BuildDroidSprite+33↓j
3CA0						  ; BuildDroidSprite+B↑w
3CA0						  ; BuildDroidSprite+12↑w
3CA0 B9	AE 6A	      LDA     NumData,Y
3CA3 91	1C	      STA     (dest),Y
3CA5 C8		      INY
3CA6 C8		      INY
3CA7 C8		      INY
3CA8 C0	18	      CPY     #24
3CAA 90	F4	      BCC     _1
3CAC E6	1C	      INC     dest
3CAE BD	20 EA	      LDA     DNum_t,X
3CB1 4A		      LSR     A
3CB2 4A		      LSR     A
3CB3 4A		      LSR     A
3CB4 4A		      LSR     A
3CB5 A8		      TAY
3CB6 B9	A4 6A	      LDA     NumDataOffset,Y
3CB9 18		      CLC
3CBA 69	AE	      ADC     #$AE		  ; 6aae
3CBC 8D	C9 3C	      STA     _2+1
3CBF A9	6A	      LDA     #$6A
3CC1 69	00	      ADC     #0
3CC3 8D	CA 3C	      STA     _2+2
3CC6 A0	00	      LDY     #0
3CC8	      _2:				  ; BuildDroidSprite+5B↓j
3CC8						  ; BuildDroidSprite+45↑w
3CC8						  ; BuildDroidSprite+4C↑w
3CC8 B9	AE 6A	      LDA     NumData,Y
3CCB 91	1C	      STA     (dest),Y
3CCD C8		      INY
3CCE C8		      INY
3CCF C8		      INY
3CD0 C0	18	      CPY     #24
3CD2 90	F4	      BCC     _2
3CD4 E6	1C	      INC     dest
3CD6 BD	20 EA	      LDA     DNum_t,X
3CD9 29	0F	      AND     #$F
3CDB A8		      TAY
3CDC B9	A4 6A	      LDA     NumDataOffset,Y
3CDF 18		      CLC
3CE0 69	AE	      ADC     #$AE		  ; 6aae
3CE2 8D	EF 3C	      STA     _3+1
3CE5 A9	6A	      LDA     #$6A
3CE7 69	00	      ADC     #0
3CE9 8D	F0 3C	      STA     _3+2
3CEC A0	00	      LDY     #0
3CEE	      _3:				  ; BuildDroidSprite+81↓j
3CEE						  ; BuildDroidSprite+6B↑w
3CEE						  ; BuildDroidSprite+72↑w
3CEE B9	AE 6A	      LDA     NumData,Y
3CF1 91	1C	      STA     (dest),Y
3CF3 C8		      INY
3CF4 C8		      INY
3CF5 C8		      INY
3CF6 C0	18	      CPY     #24
3CF8 90	F4	      BCC     _3
3CFA 60		      RTS
3CFA	      ;	End of function	BuildDroidSprite
3CFB	      ;	---------------	S U B R	O U T I	N E ---------------------------------------
3CFB	      AnimateDroids:			  ; StartGame+F4↑p GameLoop+37↑p
3CFB						  ; DoPause+56↑p
3CFB A6	59	      LDX     numDeckDroids
3CFD CA		      DEX
3CFE 86	10	      STX     currentIdx
3D00	      _1:				  ; AnimateDroids+E7↓j
3D00 A6	10	      LDX     currentIdx
3D02 BD	60 03	      LDA     droidEnergy,X
3D05 D0	03	      BNE     _2
3D07 4C	DE 3D	      JMP     _next
3D0A	      _2:				  ; AnimateDroids+A↑j
3D0A BD	40 03	      LDA     droidType,X
3D0D C9	20	      CMP     #$20
3D0F 90	03	      BCC     _3		  ; droid
3D11 4C	DE 3D	      JMP     _next
3D14	      _3:				  ; AnimateDroids+14↑j
3D14 BD	50 03	      LDA     droidSprNum,X
3D17 D0	03	      BNE     _4
3D19 4C	DE 3D	      JMP     _next
3D1C	      _4:				  ; AnimateDroids+1C↑j
3D1C 85	04	      STA     SpriteNum
3D1E A0	00	      LDY     #0		  ; dynamic sprites at $5200..$53ff
3D20 84	1C	      STY     dest
3D22 18		      CLC
3D23 69	48	      ADC     #$48		  ; 48..4f
3D25 38		      SEC
3D26 6A		      ROR     A			  ; a4..a7
3D27 66	1C	      ROR     dest
3D29 4A		      LSR     A			  ; 52..53
3D2A 66	1C	      ROR     dest
3D2C 85	1D	      STA     dest+1
3D2E DE	90 03	      DEC     droidSpriteImage,X
3D31 BD	90 03	      LDA     droidSpriteImage,X
3D34 30	03	      BMI     _5
3D36 4C	DE 3D	      JMP     _next
3D39	      _5:				  ; AnimateDroids+39↑j
3D39 A9	40	      LDA     #64		  ; new	delay
3D3B 38		      SEC
3D3C FD	60 03	      SBC     droidEnergy,X
3D3F 4A		      LSR     A
3D40 4A		      LSR     A
3D41 4A		      LSR     A
3D42 9D	90 03	      STA     droidSpriteImage,X
3D45 A0	3F	      LDY     #$3F		  ; get	animation frame
3D47 B1	1C	      LDA     (dest),Y
3D49 18		      CLC
3D4A 69	01	      ADC     #1
3D4C 29	07	      AND     #7
3D4E 91	1C	      STA     (dest),Y
3D50 AA		      TAX
3D51 A0	06	      LDY     #6
3D53 BD	0E 6B	      LDA     RotAnim_2_17L,X
3D56 91	1C	      STA     (dest),Y
3D58 C8		      INY
3D59 BD	16 6B	      LDA     RotAnim_2_17M,X
3D5C 91	1C	      STA     (dest),Y
3D5E C8		      INY
3D5F A9	80	      LDA     #$80
3D61 91	1C	      STA     (dest),Y
3D63 A0	35	      LDY     #$35
3D65 91	1C	      STA     (dest),Y
3D67 88		      DEY
3D68 BD	16 6B	      LDA     RotAnim_2_17M,X
3D6B 91	1C	      STA     (dest),Y
3D6D 88		      DEY
3D6E BD	0E 6B	      LDA     RotAnim_2_17L,X
3D71 91	1C	      STA     (dest),Y
3D73 A0	09	      LDY     #9
3D75 BD	1E 6B	      LDA     RotAnim_3_16L,X
3D78 91	1C	      STA     (dest),Y
3D7A C8		      INY
3D7B BD	26 6B	      LDA     RotAnim_3_16M,X
3D7E 91	1C	      STA     (dest),Y
3D80 C8		      INY
3D81 BD	2E 6B	      LDA     RotAnim_3_16R,X
3D84 91	1C	      STA     (dest),Y
3D86 A0	32	      LDY     #$32
3D88 91	1C	      STA     (dest),Y
3D8A 88		      DEY
3D8B BD	26 6B	      LDA     RotAnim_3_16M,X
3D8E 91	1C	      STA     (dest),Y
3D90 88		      DEY
3D91 BD	1E 6B	      LDA     RotAnim_3_16L,X
3D94 91	1C	      STA     (dest),Y
3D96 A0	0C	      LDY     #$C
3D98 BD	36 6B	      LDA     RotAnim_4_15L,X
3D9B 91	1C	      STA     (dest),Y
3D9D C8		      INY
3D9E BD	3E 6B	      LDA     RotAnim_4_15M,X
3DA1 91	1C	      STA     (dest),Y
3DA3 C8		      INY
3DA4 BD	46 6B	      LDA     RotAnim_4_15R,X
3DA7 91	1C	      STA     (dest),Y
3DA9 A0	2F	      LDY     #$2F
3DAB 91	1C	      STA     (dest),Y
3DAD 88		      DEY
3DAE BD	3E 6B	      LDA     RotAnim_4_15M,X
3DB1 91	1C	      STA     (dest),Y
3DB3 88		      DEY
3DB4 BD	36 6B	      LDA     RotAnim_4_15L,X
3DB7 91	1C	      STA     (dest),Y
3DB9 8A		      TXA
3DBA 4A		      LSR     A
3DBB 4A		      LSR     A
3DBC AA		      TAX
3DBD A0	01	      LDY     #1
3DBF BD	4E 6B	      LDA     RotAnim_0_19M,X
3DC2 91	1C	      STA     (dest),Y
3DC4 A0	04	      LDY     #4
3DC6 BD	50 6B	      LDA     RotAnim_1_18M,X
3DC9 91	1C	      STA     (dest),Y
3DCB E8		      INX
3DCC 8A		      TXA
3DCD 29	01	      AND     #1
3DCF AA		      TAX
3DD0 A0	3A	      LDY     #$3A
3DD2 BD	4E 6B	      LDA     RotAnim_0_19M,X
3DD5 91	1C	      STA     (dest),Y
3DD7 A0	37	      LDY     #$37
3DD9 BD	50 6B	      LDA     RotAnim_1_18M,X
3DDC 91	1C	      STA     (dest),Y
3DDE	      _next:				  ; AnimateDroids+C↑j
3DDE						  ; AnimateDroids+16↑j
3DDE						  ; AnimateDroids+1E↑j
3DDE						  ; AnimateDroids+3B↑j
3DDE C6	10	      DEC     currentIdx
3DE0 30	03	      BMI     _7
3DE2 4C	00 3D	      JMP     _1
3DE5	      _7:				  ; AnimateDroids+E5↑j
3DE5 A5	3A	      LDA     moveMode
3DE7 F0	23	      BEQ     _xfer
3DE9 AD	60 03	      LDA     droidEnergy
3DEC C9	08	      CMP     #8
3DEE B0	16	      BCS     _10
3DF0 A5	4A	      LDA     frameCount
3DF2 29	07	      AND     #7
3DF4 A8		      TAY
3DF5 B9	49 6D	      LDA     LowNrgColor_t,Y
3DF8 8D	2E D0	      STA     byte_0_D022+$C
3DFB	      _8:				  ; AnimateDroids+123↓j
3DFB A5	4A	      LDA     frameCount
3DFD 29	1F	      AND     #$1F
3DFF D0	04	      BNE     _x1
3E01 A9	08	      LDA     #8
3E03 85	92	      STA     SndFx2
3E05	      _x1:				  ; AnimateDroids+104↑j
3E05 60		      RTS
3E06	      _10:				  ; AnimateDroids+F3↑j
3E06 A9	F1	      LDA     #$F1
3E08 8D	2E D0	      STA     byte_0_D022+$C
3E0B 60		      RTS
3E0C	      _xfer:				  ; AnimateDroids+EC↑j
3E0C AD	60 03	      LDA     droidEnergy
3E0F C9	08	      CMP     #8
3E11 B0	0E	      BCS     _12
3E13 A5	4A	      LDA     frameCount
3E15 29	07	      AND     #7
3E17 A8		      TAY
3E18 B9	51 6D	      LDA     LowNrgXferCol_t,Y
3E1B 8D	2E D0	      STA     byte_0_D022+$C
3E1E 4C	FB 3D	      JMP     _8
3E21	      _12:				  ; AnimateDroids+116↑j
3E21 AD	1B 02	      LDA     clr6_xfer		  ; xfer color
3E24 8D	2E D0	      STA     byte_0_D022+$C
3E27 A5	4A	      LDA     frameCount
3E29 29	07	      AND     #7
3E2B D0	04	      BNE     _x2
3E2D A9	1C	      LDA     #$1C
3E2F 85	91	      STA     sndFx1
3E31	      _x2:				  ; AnimateDroids+130↑j
3E31 60		      RTS
3E31	      ;	End of function	AnimateDroids
3E32	      ;	---------------	S U B R	O U T I	N E ---------------------------------------
3E32	      DoAlertAndAging:			  ; GameLoop+3A↑p
3E32 A5	4A	      LDA     frameCount
3E34 29	0F	      AND     #$F
3E36 D0	3B	      BNE     _5
3E38 A5	64	      LDA     Alert
3E3A F0	04	      BEQ     _1
3E3C C6	64	      DEC     Alert
3E3E A5	64	      LDA     Alert
3E40	      _1:				  ; DoAlertAndAging+8↑j
3E40 4A		      LSR     A
3E41 4A		      LSR     A
3E42 4A		      LSR     A
3E43 4A		      LSR     A
3E44 4A		      LSR     A
3E45 4A		      LSR     A
3E46 AA		      TAX
3E47 BD	45 6D	      LDA     AlertColors,X
3E4A 8D	16 08	      STA     CharColor+$16
3E4D BD	E8 6D	      LDA     AlertScore,X
3E50 F0	03	      BEQ     _2
3E52 20	94 3E	      JSR     AddScore
3E55	      _2:				  ; DoAlertAndAging+1E↑j
3E55 AC	40 03	      LDY     droidType
3E58 BE	00 EA	      LDX     DCent_t,Y
3E5B A5	4A	      LDA     frameCount
3E5D 3D	DE 6D	      AND     AgingMask,X
3E60 D0	10	      BNE     _x
3E62 A5	66	      LDA     maxEnergy
3E64 F0	09	      BEQ     _3
3E66 C6	66	      DEC     maxEnergy
3E68 A5	66	      LDA     maxEnergy
3E6A CD	60 03	      CMP     droidEnergy
3E6D B0	03	      BCS     _x
3E6F	      _3:				  ; DoAlertAndAging+32↑j
3E6F 8D	60 03	      STA     droidEnergy
3E72	      _x:				  ; DoAlertAndAging+2E↑j
3E72						  ; DoAlertAndAging+3B↑j
3E72						  ; DoAlertAndAging+47↓j
3E72						  ; DoAlertAndAging+4D↓j
3E72 60		      RTS
3E73	      _5:				  ; DoAlertAndAging+4↑j
3E73 A5	4A	      LDA     frameCount	  ; background sound
3E75 29	1F	      AND     #$1F
3E77 C9	11	      CMP     #$11
3E79 D0	F7	      BNE     _x
3E7B A5	9E	      LDA     sndActive2
3E7D 05	92	      ORA     SndFx2
3E7F D0	F1	      BNE     _x
3E81 A9	18	      LDA     #$18
3E83 85	92	      STA     SndFx2
3E85 60		      RTS
3E85	      ;	End of function	DoAlertAndAging
3E86	      ;	---------------	S U B R	O U T I	N E ---------------------------------------
3E86	      WriteSprite:			  ; StartGame+A0↑p GameLoop+9B↑p
3E86						  ; conRedraw+1F↑p
3E86 A0	0A	      LDY     #10
3E88	      _1:				  ; WriteSprite+8↓j
3E88 B1	1A	      LDA     (src),Y
3E8A 99	04 00	      STA     SpriteNum,Y
3E8D 88		      DEY
3E8E 10	F8	      BPL     _1
3E90 20	B7 09	      JSR     WrSpriteState
3E93 60		      RTS
3E93	      ;	End of function	WriteSprite
3E94	      ;	---------------	S U B R	O U T I	N E ---------------------------------------
3E94	      AddScore:				  ; StartGame+36↑p
3E94						  ; RunDroids+96↑p
3E94						  ; RunDroids+9B↑p
3E94						  ; DoCollision+100↑p
3E94						  ; FreePlyBullet+4↑p
3E94						  ; FinishTransfer1+48↑p
3E94						  ; Disruptor+D8↑p
3E94						  ; DoAlertAndAging+20↑p
3E94 18		      CLC
3E95 65	26	      ADC     scoreAdd
3E97 85	26	      STA     scoreAdd
3E99 90	28	      BCC     locret_0_3EC3
3E9B F8		      SED
3E9C A5	24	      LDA     Score+3
3E9E 69	54	      ADC     #$54		  ; +1 from Fc=1
3EA0 85	24	      STA     Score+3
3EA2 A5	23	      LDA     Score+2
3EA4 69	02	      ADC     #2
3EA6 85	23	      STA     Score+2
3EA8 A5	22	      LDA     Score+1
3EAA 69	00	      ADC     #0
3EAC 85	22	      STA     Score+1
3EAE A5	21	      LDA     Score
3EB0 69	00	      ADC     #0
3EB2 85	21	      STA     Score
3EB4 D8		      CLD
3EB5 E6	26	      INC     scoreAdd		  ; one	more
3EB7 90	0A	      BCC     locret_0_3EC3
3EB9 A9	99	      LDA     #$99
3EBB 85	24	      STA     Score+3
3EBD 85	23	      STA     Score+2
3EBF 85	22	      STA     Score+1
3EC1 85	21	      STA     Score
3EC3	      locret_0_3EC3:			  ; AddScore+5↑j AddScore+23↑j
3EC3						  ; SubScore+5↓j SubScore+23↓j
3EC3 60		      RTS
3EC3	      ;	End of function	AddScore
3EC4	      ;	---------------	S U B R	O U T I	N E ---------------------------------------
3EC4	      SubScore:				  ; FinishTransfer1+11↑p
3EC4						  ; DoCharUnder+2D↑p
3EC4 18		      CLC
3EC5 65	27	      ADC     scoreSub
3EC7 85	27	      STA     scoreSub
3EC9 90	F8	      BCC     locret_0_3EC3
3ECB F8		      SED
3ECC A5	24	      LDA     Score+3
3ECE E9	55	      SBC     #$55
3ED0 85	24	      STA     Score+3
3ED2 A5	23	      LDA     Score+2
3ED4 E9	02	      SBC     #2
3ED6 85	23	      STA     Score+2
3ED8 A5	22	      LDA     Score+1
3EDA E9	00	      SBC     #0
3EDC 85	22	      STA     Score+1
3EDE A5	21	      LDA     Score
3EE0 E9	00	      SBC     #0
3EE2 85	21	      STA     Score
3EE4 D8		      CLD
3EE5 E6	27	      INC     scoreSub
3EE7 B0	DA	      BCS     locret_0_3EC3
3EE9 A9	00	      LDA     #0
3EEB 85	24	      STA     Score+3
3EED 85	23	      STA     Score+2
3EEF 85	22	      STA     Score+1
3EF1 85	21	      STA     Score
3EF3 60		      RTS
3EF3	      ;	End of function	SubScore
3EF4	      ;	unused
3EF4 FF	00 F3+	      .BYTE $FF, 0, $F3, $60, $60, 0, $60, 0, $60, 0, 0, $B0, $40, $7F,	$C8, $CA, 8, 0,	0, $48
3EF4 60	60 00+	      .BYTE 0, $FF, 0, $FF, $FE, $FF, 0, $DB, $48, $FF,	0, $FF,	0, $FF,	0, $FF,	0, $FF,	$10, $FF
3EF4 60	00 60+	      .BYTE 0, 0, $80, $C8, 0, $DE, 0, 0, 0, $C8, 0, $FF, $FF, $FF, $FF, $FF, $DC, $FF,	0, $F9
3EF4 00	00 B0+	      .BYTE $93, $FF, 0, $FF, 0, $FF, 0, $B7, 0, $F3, $C8, $C8,	0, $FF,	0, 0, 0, $C8, 0, $FF, 0
3EF4 40	7F C8+	      .BYTE $FF, 0, $63, $80, $C8, 0, $C8, 0, $FF, $C8,	$C8, 8,	$C8, 0,	$FF, 0,	$FF, 0,	$FF, 0
3EF4 CA	08 00+	      .BYTE $FF, 0, $FF, 0, $FE, 0, $40, $C8, $FF, 0, $FF, 0, $FF, 0, $C8, $C8,	$FF, 0,	$88, $FF
3EF4 00	48 00+	      .BYTE $FF, 0, $C8, 0, $C8, $C8, $FF, 0, $FF, 0, $C8, $C8,	$FF, $C8, $FF, $C8, $FF, $FF, $4F
3EF4 FF	00 FF+	      .BYTE $F0, 0, $60, $60, $F7, $FF,	$FF, $E0, $FF, 0, $FF, 0, 0, 0,	$FF, $20, $60, 0, $FF
3EF4 FE	FF 00+	      .BYTE 0, $FF, 0, $FF, 0, $FF, 0, $EF, 0, $FF, $FF, $7F, $70, $FF,	1, $FF,	$FF, $FF, $60
3EF4 DB	48 FF+	      .BYTE $FF, 0, 0, 0, 0, 0,	0, 0, $FF, 0, $48, 0, $FE, 0, $FF, 0, $FF, $48,	$FF, 0,	$60, $60
3EF4 00	FF 00+	      .BYTE $FF, 0, $FF, $FF, $FF, $60,	$FF, 0,	$FF, 0,	$FF, 4,	$6A, $60, $FF, $60, $FF, 0, $62
3EF4 FF	00 FF+	      .BYTE $60, $60, $60, $FF,	0, $FF,	0, $FF,	0, $FF,	0, $FF,	0, $FF,	1, $FF,	$6C, $60, 0, $FF
3EF4 00	FF 10+	      .BYTE 0, $FF, 0, $FF, $60, $60, 0, $FF, $60, 0, 0, $F3, $60, $FF,	$60, $60, 0, $FF, 0, $63
3EF4 FF	00 00+	      .BYTE $60, $60, 0, $60, 0, $60, 0, 0, $10
4000	      ;	VIC bank
4000 00	00 00+	      .BYTE 0, 0, 0, 0,	0, 0, 0, 0, 0, 0, 0, 0,	0, 0, 0, 0
4000 00	00 00+	      .BYTE 0, 0, 0, 0,	0, 0, 0, 0, 0, 0, 0, 0,	0, 0, 0, 0
4000 00	00 00+	      .BYTE 0, 0, 0, 0,	0, 0, 0, 0, 0, 0, 0, 0,	0, 0, 0, 0
4000 00	00 00+	      .BYTE 0, 0, 0, 0,	0, 0, 0, 0, 0, 0, 0, 0,	0, 0, 0, 0
4000 00	00 00+	      .BYTE 0, 0, 0, 0,	0, 0, 0, 0, 0, 0, 0, 0,	0, 0, 0, 0
4000 00	00 00+	      .BYTE 0, 0, 0, 0,	0, 0, 0, 0, 0, 0, 0, 0,	0, 0, 0, 0
4000 00	00 00+	      .BYTE 0, 0, 0, 0,	0, 0, 0, 0, 0, 0, 0, 0,	0, 0, 0, 0
4000 00	00 00+	      .BYTE 0, 0, 0, 0,	0, 0, 0, 0, 0, 0, 0, 0,	0, 0, 0, 0
4000 00	00 00+	      .BYTE 0, 0, 0, 0,	0, 0, 0, 0, 0, 0, 0, 0,	0, 0, 0, 0
4000 00	00 00+	      .BYTE 0, 0, 0, 0,	0, 0, 0, 0, 0, 0, 0, 0,	0, 0, 0, 0
4000 00	00 00+	      .BYTE 0, 0, 0, 0,	0, 0, 0, 0, 0, 0, 0, 0,	0, 0, 0, 0
4000 00	00 00+	      .BYTE 0, 0, 0, 0,	0, 0, 0, 0, 0, 0, 0, 0,	0, 0, 0, 0
4000 00	00 00+	      .BYTE 0, 0, 0, 0,	0, 0, 0, 0, 0, 0, 0, 0,	0, 0, 0, 0
4000 00	00 00+	      .BYTE 0, 0, 0, 0,	0, 0, 0, 0, 0, 0, 0, 0,	0, 0, 0, 0
4000 00	00 00+	      .BYTE 0, 0, 0, 0,	0, 0, 0, 0, 0, 0, 0, 0,	0, 0, 0, 0
4000 00	00 00+	      .BYTE 0, 0, 0, 0,	0, 0, 0, 0, 0, 0, 0, 0,	0, 0, 0, 0
4000 00	00 00+	      .BYTE 0, 0, 0, 0,	0, 0, 0, 0, 0, 0, 0, 0,	0, 0, 0, 0
4000 00	00 00+	      .BYTE 0, 0, 0, 0,	0, 0, 0, 0, 0, 0, 0, 0,	0, 0, 0, 0
4000 00	00 00+	      .BYTE 0, 0, 0, 0,	0, 0, 0, 0, 0, 0, 0, 0,	0, 0, 0, 0
4000 00	00 00+	      .BYTE 0, 0, 0, 0,	0, 0, 0, 0, 0, 0, 0, 0,	0, 0, 0, 0
4000 00	00 00+	      .BYTE 0, 0, 0, 0,	0, 0, 0, 0, 0, 0, 0, 0,	0, 0, 0, 0
4000 00	00 00+	      .BYTE 0, 0, 0, 0,	0, 0, 0, 0, 0, 0, 0, 0,	0, 0, 0, 0
4000 00	00 00+	      .BYTE 0, 0, 0, 0,	0, 0, 0, 0, 0, 0, 0, 0,	0, 0, 0, 0
4000 00	00 00+	      .BYTE 0, 0, 0, 0,	0, 0, 0, 0, 0, 0, 0, 0,	0, 0, 0, 0
4000 00	00 00+	      .BYTE 0, 0, 0, 0,	0, 0, 0, 0, 0, 0, 0, 0,	0, 0, 0, 0
4000 00	00 00+	      .BYTE 0, 0, 0, 0,	0, 0, 0, 0, 0, 0, 0, 0,	0, 0, 0, 0
4000 00	00 00+	      .BYTE 0, 0, 0, 0,	0, 0, 0, 0, 0, 0, 0, 0,	0, 0, 0, 0
4000 00	00 00+	      .BYTE 0, 0, 0, 0,	0, 0, 0, 0, 0, 0, 0, 0,	0, 0, 0, 0
4000 00	00 00+	      .BYTE 0, 0, 0, 0,	0, 0, 0, 0, 0, 0, 0, 0,	0, 0, 0, 0
4000 00	00 00+	      .BYTE 0, 0, 0, 0,	0, 0, 0, 0, 0, 0, 0, 0,	0, 0, 0, 0
4000 00	00 00+	      .BYTE 0, 0, 0, 0,	0, 0, 0, 0, 0, 0, 0, 0,	0, 0, 0, 0
4000 00	00 00+	      .BYTE 0, 0, 0, 0,	0, 0, 0, 0, 0, 0, 0, 0,	0, 0, 0, 0
4000 00	00 00+	      .BYTE 0, 0, 0, 0,	0, 0, 0, 0, 0, 0, 0, 0,	0, 0, 0, 0
4000 00	00 00+	      .BYTE 0, 0, 0, 0,	0, 0, 0, 0, 0, 0, 0, 0,	0, 0, 0, 0
4000 00	00 00+	      .BYTE 0, 0, 0, 0,	0, 0, 0, 0, 0, 0, 0, 0,	0, 0, 0, 0
4000 00	00 00+	      .BYTE 0, 0, 0, 0,	0, 0, 0, 0, 0, 0, 0, 0,	0, 0, 0, 0
4000 00	00 00+	      .BYTE 0, 0, 0, 0,	0, 0, 0, 0, 0, 0, 0, 0,	0, 0, 0, 0
4000 00	00 00+	      .BYTE 0, 0, 0, 0,	0, 0, 0, 0, 0, 0, 0, 0,	0, 0, 0, 0
4000 00	00 00+	      .BYTE 0, 0, 0, 0,	0, 0, 0, 0, 0, 0, 0, 0,	0, 0, 0, 0
4000 00	00 00+	      .BYTE 0, 0, 0, 0,	0, 0, 0, 0, 0, 0, 0, 0,	0, 0, 0, 0
4000 00	00 00+	      .BYTE 0, 0, 0, 0,	0, 0, 0, 0, 0, 0, 0, 0,	0, 0, 0, 0
4000 00	00 00+	      .BYTE 0, 0, 0, 0,	0, 0, 0, 0, 0, 0, 0, 0,	0, 0, 0, 0
4000 00	00 00+	      .BYTE 0, 0, 0, 0,	0, 0, 0, 0, 0, 0, 0, 0,	0, 0, 0, 0
4000 00	00 00+	      .BYTE 0, 0, 0, 0,	0, 0, 0, 0, 0, 0, 0, 0,	0, 0, 0, 0
4000 00	00 00+	      .BYTE 0, 0, 0, 0,	0, 0, 0, 0, 0, 0, 0, 0,	0, 0, 0, 0
4000 00	00 00+	      .BYTE 0, 0, 0, 0,	0, 0, 0, 0, 0, 0, 0, 0,	0, 0, 0, 0
4000 00	00 00+	      .BYTE 0, 0, 0, 0,	0, 0, 0, 0, 0, 0, 0, 0,	0, 0, 0, 0
4000 00	00 00+	      .BYTE 0, 0, 0, 0,	0, 0, 0, 0, 0, 0, 0, 0,	0, 0, 0, 0
4000 00	00 00+	      .BYTE 0, 0, 0, 0,	0, 0, 0, 0, 0, 0, 0, 0,	0, 0, 0, 0
4000 00	00 00+	      .BYTE 0, 0, 0, 0,	0, 0, 0, 0, 0, 0, 0, 0,	0, 0, 0, 0
4000 00	00 00+	      .BYTE 0, 0, 0, 0,	0, 0, 0, 0, 0, 0, 0, 0,	0, 0, 0, 0
4000 00	00 00+	      .BYTE 0, 0, 0, 0,	0, 0, 0, 0, 0, 0, 0, 0,	0, 0, 0, 0
4000 00	00 00+	      .BYTE 0, 0, 0, 0,	0, 0, 0, 0, 0, 0, 0, 0,	0, 0, 0, 0
4000 00	00 00+	      .BYTE 0, 0, 0, 0,	0, 0, 0, 0, 0, 0, 0, 0,	0, 0, 0, 0
4000 00	00 00+	      .BYTE 0, 0, 0, 0,	0, 0, 0, 0, 0, 0, 0, 0,	0, 0, 0, 0
4000 00	00 00+	      .BYTE 0, 0, 0, 0,	0, 0, 0, 0, 0, 0, 0, 0,	0, 0, 0, 0
4000 00	00 00+	      .BYTE 0, 0, 0, 0,	0, 0, 0, 0, 0, 0, 0, 0,	0, 0, 0, 0
4000 00	00 00+	      .BYTE 0, 0, 0, 0,	0, 0, 0, 0, 0, 0, 0, 0,	0, 0, 0, 0
4000 00	00 00+	      .BYTE 0, 0, 0, 0,	0, 0, 0, 0, 0, 0, 0, 0,	0, 0, 0, 0
4000 00	00 00+	      .BYTE 0, 0, 0, 0,	0, 0, 0, 0, 0, 0, 0, 0,	0, 0, 0, 0
4000 00	00 00+	      .BYTE 0, 0, 0, 0,	0, 0, 0, 0, 0, 0, 0, 0,	0, 0, 0, 0
4000 00	00 00+	      .BYTE 0, 0, 0, 0,	0, 0, 0, 0, 0, 0, 0, 0,	0, 0, 0, 0
4000 00	00 00+	      .BYTE 0, 0, 0, 0,	0, 0, 0, 0, 0, 0, 0, 0,	0, 0, 0, 0
4000 00	00 00+	      .BYTE 0, 0, 0, 0,	0, 0, 0, 0, 0, 0, 0, 0,	0, 0, 0, 0
4400 00	00 00+Strings_lo:.BYTE 0, 0, 0,	0, 0, 0, 0, 0, 0, 0, 0,	0, 0, 0, 0, 0
4400 00	00 00+					  ; FindStrings+20↑w
4400 00	00 00+					  ; PrCapitalString+1↑r
4400 00	00 00+					  ; ClearSubGameData+3↑w
4400 00	00 00+	      .BYTE 0, 0, 0, 0,	0, 0, 0, 0, 0, 0, 0, 0,	0, 0, 0, 0
4400 00	00 00+	      .BYTE 0, 0, 0, 0,	0, 0, 0, 0, 0, 0, 0, 0,	0, 0, 0, 0
4400 00	00 00+	      .BYTE 0, 0, 0, 0,	0, 0, 0, 0, 0, 0, 0, 0,	0, 0, 0, 0
4400 00	00 00+	      .BYTE 0, 0, 0, 0,	0, 0, 0, 0, 0, 0, 0, 0,	0, 0, 0, 0
4400 00	00 00+	      .BYTE 0, 0, 0, 0,	0, 0, 0, 0, 0, 0, 0, 0,	0, 0, 0, 0
4400 00	00 00+	      .BYTE 0, 0, 0, 0,	0, 0, 0, 0, 0, 0, 0, 0,	0, 0, 0, 0
4400 00	00 00+	      .BYTE 0, 0, 0, 0,	0, 0, 0, 0, 0, 0, 0, 0,	0, 0, 0, 0
4400 00	00 00+	      .BYTE 0, 0, 0, 0,	0, 0, 0, 0, 0, 0, 0, 0,	0, 0, 0, 0
4400 00	00 00+	      .BYTE 0, 0, 0, 0,	0, 0, 0, 0, 0, 0, 0, 0,	0, 0, 0, 0
4400 00	00 00+	      .BYTE 0, 0, 0, 0,	0, 0, 0, 0, 0, 0, 0, 0,	0, 0, 0, 0
4400 00	00 00+	      .BYTE 0, 0, 0, 0,	0, 0, 0, 0, 0, 0, 0, 0,	0, 0, 0, 0
4400 00	00 00+	      .BYTE 0, 0, 0, 0,	0, 0, 0, 0, 0, 0, 0, 0,	0, 0, 0, 0
4400 00	00 00+	      .BYTE 0, 0, 0, 0,	0, 0, 0, 0, 0, 0, 0, 0,	0, 0, 0, 0
4400 00	00 00+	      .BYTE 0, 0, 0, 0,	0, 0, 0, 0, 0, 0, 0, 0,	0, 0, 0, 0
4400 00	00 00+	      .BYTE 0, 0, 0, 0,	0, 0, 0, 0, 0, 0, 0, 0,	0, 0, 0, 0
4500 00	00 00+Strings_hi:.BYTE 0, 0, 0,	0, 0, 0, 0, 0, 0, 0, 0,	0, 0, 0, 0, 0
4500 00	00 00+					  ; FindStrings+25↑w
4500 00	00 00+					  ; PrCapitalString+4↑r
4500 00	00 00+					  ; ClearSubGameData+6↑w
4500 00	00 00+	      .BYTE 0, 0, 0, 0,	0, 0, 0, 0, 0, 0, 0, 0,	0, 0, 0, 0
4500 00	00 00+	      .BYTE 0, 0, 0, 0,	0, 0, 0, 0, 0, 0, 0, 0,	0, 0, 0, 0
4500 00	00 00+	      .BYTE 0, 0, 0, 0,	0, 0, 0, 0, 0, 0, 0, 0,	0, 0, 0, 0
4500 00	00 00+	      .BYTE 0, 0, 0, 0,	0, 0, 0, 0, 0, 0, 0, 0,	0, 0, 0, 0
4500 00	00 00+	      .BYTE 0, 0, 0, 0,	0, 0, 0, 0, 0, 0, 0, 0,	0, 0, 0, 0
4500 00	00 00+	      .BYTE 0, 0, 0, 0,	0, 0, 0, 0, 0, 0, 0, 0,	0, 0, 0, 0
4500 00	00 00+	      .BYTE 0, 0, 0, 0,	0, 0, 0, 0, 0, 0, 0, 0,	0, 0, 0, 0
4500 00	00 00+	      .BYTE 0, 0, 0, 0,	0, 0, 0, 0, 0, 0, 0, 0,	0, 0, 0, 0
4500 00	00 00+	      .BYTE 0, 0, 0, 0,	0, 0, 0, 0, 0, 0, 0, 0,	0, 0, 0, 0
4500 00	00 00+	      .BYTE 0, 0, 0, 0,	0, 0, 0, 0, 0, 0, 0, 0,	0, 0, 0, 0
4500 00	00 00+	      .BYTE 0, 0, 0, 0,	0, 0, 0, 0, 0, 0, 0, 0,	0, 0, 0, 0
4500 00	00 00+	      .BYTE 0, 0, 0, 0,	0, 0, 0, 0, 0, 0, 0, 0,	0, 0, 0, 0
4500 00	00 00+	      .BYTE 0, 0, 0, 0,	0, 0, 0, 0, 0, 0, 0, 0,	0, 0, 0, 0
4500 00	00 00+	      .BYTE 0, 0, 0, 0,	0, 0, 0, 0, 0, 0, 0, 0,	0, 0, 0, 0
4500 00	00 00+	      .BYTE 0, 0, 0, 0,	0, 0, 0, 0, 0, 0, 0, 0,	0, 0, 0, 0
4600 00	00 00+	      .BYTE 0, 0, 0, 0,	0, 0, 0, 0, 0, 0, 0, 0,	0, 0, 0, 0
4600 00	00 00+	      .BYTE 0, 0, 0, 0,	0, 0, 0, 0, 0, 0, 0, 0,	0, 0, 0, 0
4600 00	00 00+	      .BYTE 0, 0, 0, 0,	0, 0, 0, 0, 0, 0, 0, 0,	0, 0, 0, 0
4600 00	00 00+	      .BYTE 0, 0, 0, 0,	0, 0, 0, 0, 0, 0, 0, 0,	0, 0, 0, 0
4600 00	00 00+	      .BYTE 0, 0, 0, 0,	0, 0, 0, 0, 0, 0, 0, 0,	0, 0, 0, 0
4600 00	00 00+	      .BYTE 0, 0, 0, 0,	0, 0, 0, 0, 0, 0, 0, 0,	0, 0, 0, 0
4600 00	00 00+	      .BYTE 0, 0, 0, 0,	0, 0, 0, 0, 0, 0, 0, 0,	0, 0, 0, 0
4600 00	00 00+	      .BYTE 0, 0, 0, 0,	0, 0, 0, 0, 0, 0, 0, 0,	0, 0, 0, 0
4600 00	00 00+	      .BYTE 0, 0, 0, 0,	0, 0, 0, 0, 0, 0, 0, 0,	0, 0, 0, 0
4600 00	00 00+	      .BYTE 0, 0, 0, 0,	0, 0, 0, 0, 0, 0, 0, 0,	0, 0, 0, 0
4600 00	00 00+	      .BYTE 0, 0, 0, 0,	0, 0, 0, 0, 0, 0, 0, 0,	0, 0, 0, 0
4600 00	00 00+	      .BYTE 0, 0, 0, 0,	0, 0, 0, 0, 0, 0, 0, 0,	0, 0, 0, 0
4600 00	00 00+	      .BYTE 0, 0, 0, 0,	0, 0, 0, 0, 0, 0, 0, 0,	0, 0, 0, 0
4600 00	00 00+	      .BYTE 0, 0, 0, 0,	0, 0, 0, 0, 0, 0, 0, 0,	0, 0, 0, 0
4600 00	00 00+	      .BYTE 0, 0, 0, 0,	0, 0, 0, 0, 0, 0, 0, 0,	0, 0, 0, 0
4600 00	00 00+	      .BYTE 0, 0, 0, 0,	0, 0, 0, 0, 0, 0, 0, 0,	0, 0, 0, 0
4600 00	00 00+	      .BYTE 0, 0, 0, 0,	0, 0, 0, 0, 0, 0, 0, 0,	0, 0, 0, 0
4600 00	00 00+	      .BYTE 0, 0, 0, 0,	0, 0, 0, 0, 0, 0, 0, 0,	0, 0, 0, 0
4600 00	00 00+	      .BYTE 0, 0, 0, 0,	0, 0, 0, 0, 0, 0, 0, 0,	0, 0, 0, 0
4600 00	00 00+	      .BYTE 0, 0, 0, 0,	0, 0, 0, 0, 0, 0, 0, 0,	0, 0, 0, 0
4600 00	00 00+	      .BYTE 0, 0, 0, 0,	0, 0, 0, 0, 0, 0, 0, 0,	0, 0, 0, 0
4600 00	00 00+	      .BYTE 0, 0, 0, 0,	0, 0, 0, 0, 0, 0, 0, 0,	0, 0, 0, 0
4600 00	00 00+	      .BYTE 0, 0, 0, 0,	0, 0, 0, 0, 0, 0, 0, 0,	0, 0, 0, 0
4600 00	00 00+	      .BYTE 0, 0, 0, 0,	0, 0, 0, 0, 0, 0, 0, 0,	0, 0, 0, 0
4600 00	00 00+	      .BYTE 0, 0, 0, 0,	0, 0, 0, 0, 0, 0, 0, 0,	0, 0, 0, 0
4600 00	00 00+	      .BYTE 0, 0, 0, 0,	0, 0, 0, 0, 0, 0, 0, 0,	0, 0, 0, 0
4600 00	00 00+	      .BYTE 0, 0, 0, 0,	0, 0, 0, 0, 0, 0, 0, 0,	0, 0, 0, 0
4600 00	00 00+	      .BYTE 0, 0, 0, 0,	0, 0, 0, 0, 0, 0, 0, 0,	0, 0, 0, 0
4600 00	00 00+	      .BYTE 0, 0, 0, 0,	0, 0, 0, 0, 0, 0, 0, 0,	0, 0, 0, 0
4600 00	00 00+	      .BYTE 0, 0, 0, 0,	0, 0, 0, 0, 0, 0, 0, 0,	0, 0, 0, 0
4600 00	00 00+	      .BYTE 0, 0, 0, 0,	0, 0, 0, 0, 0, 0, 0, 0,	0, 0, 0, 0
4600 00	00 00+	      .BYTE 0, 0, 0, 0,	0, 0, 0, 0, 0, 0, 0, 0,	0, 0, 0, 0
4800 00	00 00+	      .BYTE 0, 0, 0, 0,	0, 0, 0, 0, 0, 0, 0, 0,	0, 0, 0, 0
4800 00	00 00+	      .BYTE 0, 0, 0, 0,	0, 0, 0, 0, 0, 0, 0, 0,	0, 0, 0, 0
4800 00	00 00+	      .BYTE 0, 0, 0, 0,	0, 0, 0, 0, 0, 0, 0, 0,	0, 0, 0, 0
4800 00	00 00+	      .BYTE 0, 0, 0, 0,	0, 0, 0, 0, 0, 0, 0, 0,	0, 0, 0, 0
4800 00	00 00+	      .BYTE 0, 0, 0, 0,	0, 0, 0, 0, 0, 0, 0, 0,	0, 0, 0, 0
4800 00	00 00+	      .BYTE 0, 0, 0, 0,	0, 0, 0, 0, 0, 0, 0, 0,	0, 0, 0, 0
4800 00	00 00+	      .BYTE 0, 0, 0, 0,	0, 0, 0, 0, 0, 0, 0, 0,	0, 0, 0, 0
4800 00	00 00+	      .BYTE 0, 0, 0, 0,	0, 0, 0, 0, 0, 0, 0, 0,	0, 0, 0, 0
4800 00	00 00+	      .BYTE 0, 0, 0, 0,	0, 0, 0, 0, 0, 0, 0, 0,	0, 0, 0, 0
4800 00	00 00+	      .BYTE 0, 0, 0, 0,	0, 0, 0, 0, 0, 0, 0, 0,	0, 0, 0, 0
4800 00	00 00+	      .BYTE 0, 0, 0, 0,	0, 0, 0, 0, 0, 0, 0, 0,	0, 0, 0, 0
4800 00	00 00+	      .BYTE 0, 0, 0, 0,	0, 0, 0, 0, 0, 0, 0, 0,	0, 0, 0, 0
4800 00	00 00+	      .BYTE 0, 0, 0, 0,	0, 0, 0, 0, 0, 0, 0, 0,	0, 0, 0, 0
4800 00	00 00+	      .BYTE 0, 0, 0, 0,	0, 0, 0, 0, 0, 0, 0, 0,	0, 0, 0, 0
4800 00	00 00+	      .BYTE 0, 0, 0, 0,	0, 0, 0, 0, 0, 0, 0, 0,	0, 0, 0, 0
4800 00	00 00+	      .BYTE 0, 0, 0, 0,	0, 0, 0, 0, 0, 0, 0, 0,	0, 0, 0, 0
4800 00	00 00+	      .BYTE 0, 0, 0, 0,	0, 0, 0, 0, 0, 0, 0, 0,	0, 0, 0, 0
4800 00	00 00+	      .BYTE 0, 0, 0, 0,	0, 0, 0, 0, 0, 0, 0, 0,	0, 0, 0, 0
4800 00	00 00+	      .BYTE 0, 0, 0, 0,	0, 0, 0, 0, 0, 0, 0, 0,	0, 0, 0, 0
4800 00	00 00+	      .BYTE 0, 0, 0, 0,	0, 0, 0, 0, 0, 0, 0, 0,	0, 0, 0, 0
4800 00	00 00+	      .BYTE 0, 0, 0, 0,	0, 0, 0, 0, 0, 0, 0, 0,	0, 0, 0, 0
4800 00	00 00+	      .BYTE 0, 0, 0, 0,	0, 0, 0, 0, 0, 0, 0, 0,	0, 0, 0, 0
4800 00	00 00+	      .BYTE 0, 0, 0, 0,	0, 0, 0, 0, 0, 0, 0, 0,	0, 0, 0, 0
4800 00	00 00+	      .BYTE 0, 0, 0, 0,	0, 0, 0, 0, 0, 0, 0, 0,	0, 0, 0, 0
4800 00	00 00+	      .BYTE 0, 0, 0, 0,	0, 0, 0, 0, 0, 0, 0, 0,	0, 0, 0, 0
4800 00	00 00+	      .BYTE 0, 0, 0, 0,	0, 0, 0, 0, 0, 0, 0, 0,	0, 0, 0, 0
4800 00	00 00+	      .BYTE 0, 0, 0, 0,	0, 0, 0, 0, 0, 0, 0, 0,	0, 0, 0, 0
4800 00	00 00+	      .BYTE 0, 0, 0, 0,	0, 0, 0, 0, 0, 0, 0, 0,	0, 0, 0, 0
4800 00	00 00+	      .BYTE 0, 0, 0, 0,	0, 0, 0, 0, 0, 0, 0, 0,	0, 0, 0, 0
4800 00	00 00+	      .BYTE 0, 0, 0, 0,	0, 0, 0, 0, 0, 0, 0, 0,	0, 0, 0, 0
4800 00	00 00+	      .BYTE 0, 0, 0, 0,	0, 0, 0, 0, 0, 0, 0, 0,	0, 0, 0, 0
4800 00	00 00+	      .BYTE 0, 0, 0, 0,	0, 0, 0, 0, 0, 0, 0, 0,	0, 0, 0, 0
4A00 00	00 00+	      .BYTE 0, 0, 0, 0,	0, 0, 0, 0, 0, 0, 0, 0,	0, 0, 0, 0
4A00 00	00 00+	      .BYTE 0, 0, 0, 0,	0, 0, 0, 0, 0, 0, 0, 0,	0, 0, 0, 0
4A00 00	00 00+	      .BYTE 0, 0, 0, 0,	0, 0, 0, 0, 0, 0, 0, 0,	0, 0, 0, 0
4A00 00	00 00+	      .BYTE 0, 0, 0, 0,	0, 0, 0, 0, 0, 0, 0, 0,	0, 0, 0, 0
4A00 00	00 00+	      .BYTE 0, 0, 0, 0,	0, 0, 0, 0, 0, 0, 0, 0,	0, 0, 0, 0
4A00 00	00 00+	      .BYTE 0, 0, 0, 0,	0, 0, 0, 0, 0, 0, 0, 0,	0, 0, 0, 0
4A00 00	00 00+	      .BYTE 0, 0, 0, 0,	0, 0, 0, 0, 0, 0, 0, 0,	0, 0, 0, 0
4A00 00	00 00+	      .BYTE 0, 0, 0, 0,	0, 0, 0, 0, 0, 0, 0, 0,	0, 0, 0, 0
4A00 00	00 00+	      .BYTE 0, 0, 0, 0,	0, 0, 0, 0, 0, 0, 0, 0,	0, 0, 0, 0
4A00 00	00 00+	      .BYTE 0, 0, 0, 0,	0, 0, 0, 0, 0, 0, 0, 0,	0, 0, 0, 0
4A00 00	00 00+	      .BYTE 0, 0, 0, 0,	0, 0, 0, 0, 0, 0, 0, 0,	0, 0, 0, 0
4A00 00	00 00+	      .BYTE 0, 0, 0, 0,	0, 0, 0, 0, 0, 0, 0, 0,	0, 0, 0, 0
4A00 00	00 00+	      .BYTE 0, 0, 0, 0,	0, 0, 0, 0, 0, 0, 0, 0,	0, 0, 0, 0
4A00 00	00 00+	      .BYTE 0, 0, 0, 0,	0, 0, 0, 0, 0, 0, 0, 0,	0, 0, 0, 0
4A00 00	00 00+	      .BYTE 0, 0, 0, 0,	0, 0, 0, 0, 0, 0, 0, 0,	0, 0, 0, 0
4A00 00	00 00+	      .BYTE 0, 0, 0, 0,	0, 0, 0, 0, 0, 0, 0, 0,	0, 0, 0, 0
4A00 00	00 00+	      .BYTE 0, 0, 0, 0,	0, 0, 0, 0, 0, 0, 0, 0,	0, 0, 0, 0
4A00 00	00 00+	      .BYTE 0, 0, 0, 0,	0, 0, 0, 0, 0, 0, 0, 0,	0, 0, 0, 0
4A00 00	00 00+	      .BYTE 0, 0, 0, 0,	0, 0, 0, 0, 0, 0, 0, 0,	0, 0, 0, 0
4A00 00	00 00+	      .BYTE 0, 0, 0, 0,	0, 0, 0, 0, 0, 0, 0, 0,	0, 0, 0, 0
4A00 00	00 00+	      .BYTE 0, 0, 0, 0,	0, 0, 0, 0, 0, 0, 0, 0,	0, 0, 0, 0
4A00 00	00 00+	      .BYTE 0, 0, 0, 0,	0, 0, 0, 0, 0, 0, 0, 0,	0, 0, 0, 0
4A00 00	00 00+	      .BYTE 0, 0, 0, 0,	0, 0, 0, 0, 0, 0, 0, 0,	0, 0, 0, 0
4A00 00	00 00+	      .BYTE 0, 0, 0, 0,	0, 0, 0, 0, 0, 0, 0, 0,	0, 0, 0, 0
4A00 00	00 00+	      .BYTE 0, 0, 0, 0,	0, 0, 0, 0, 0, 0, 0, 0,	0, 0, 0, 0
4A00 00	00 00+	      .BYTE 0, 0, 0, 0,	0, 0, 0, 0, 0, 0, 0, 0,	0, 0, 0, 0
4A00 00	00 00+	      .BYTE 0, 0, 0, 0,	0, 0, 0, 0, 0, 0, 0, 0,	0, 0, 0, 0
4A00 00	00 00+	      .BYTE 0, 0, 0, 0,	0, 0, 0, 0, 0, 0, 0, 0,	0, 0, 0, 0
4A00 00	00 00+	      .BYTE 0, 0, 0, 0,	0, 0, 0, 0, 0, 0, 0, 0,	0, 0, 0, 0
4A00 00	00 00+	      .BYTE 0, 0, 0, 0,	0, 0, 0, 0, 0, 0, 0, 0,	0, 0, 0, 0
4A00 00	00 00+	      .BYTE 0, 0, 0, 0,	0, 0, 0, 0, 0, 0, 0, 0,	0, 0, 0, 0
4A00 00	00 00+	      .BYTE 0, 0, 0, 0,	0, 0, 0, 0
4BF8 00	      byte_0_4BF8:.BYTE	0		  ; Irq_254+2D↓w Irq_118+56↓w
4BF9 00	      byte_0_4BF9:.BYTE	0		  ; Irq_254+30↓w Irq_118+50↓w
4BFA 00	      byte_0_4BFA:.BYTE	0		  ; Irq_254+33↓w Irq_118+4A↓w
4BFB 00	      byte_0_4BFB:.BYTE	0		  ; Irq_254+36↓w Irq_118+44↓w
4BFC 00	      byte_0_4BFC:.BYTE	0		  ; Irq_254+39↓w Irq_118+3E↓w
4BFD 00	      byte_0_4BFD:.BYTE	0		  ; Irq_254+3C↓w Irq_118+38↓w
4BFE 00	      byte_0_4BFE:.BYTE	0		  ; Irq_254+3F↓w Irq_118+32↓w
4BFF 00	      byte_0_4BFF:.BYTE	0		  ; Irq_118+2C↓w
4C00 00	00 00+	      .BYTE 0, 0, 0, 0,	0, 0, 0, 0, 0, 0, 0, 0,	0, 0, 0, 3
4C00 00	00 00+	      .BYTE $CF, 0, 7, $FF, $C0, 1, $F3, $80, 0, 0, 0, 0, 0, 0,	0, 0
4C00 00	00 00+	      .BYTE 0, 0, 0, 0,	0, 0, 0, 1, $E7, 0, 7, $FF, $C0, 3, $9F, 0
4C00 00	00 00+	      .BYTE 0, 0, 0, 0,	0, 0, 0, 0, 0, 0, 0, 0,	0, 0, 0, 0
4C00 00	00 00+	      .BYTE 0, 0, 0, 0,	$60, 0,	0, $70,	0, 0, $7C, 0, 0, $3E, 0, 0
4C00 03	CF 00+	      .BYTE $1E, 0, 0, $1E, 0, $30, $F,	0, $38,	7, $C0,	$3C, 3,	$E0, $1E, 0
4C00 07	FF C0+	      .BYTE $F0, $1F, 0, $70, $F, $80, $78, 3, $80, $38, 1, $C0, $C, 0,	$E0, 0
4C00 01	F3 80+	      .BYTE 0, $F8, 0, 0, $7C, 0, 0, $3E, 0, 0,	7, 0, 0, 0, 0, 0
4C00 00	00 00+	      .BYTE 0, 0, 0, 0,	0, 0, 0, 0, 0, 0, 0, 0,	0, 0, 0, 0
4C00 00	00 00+	      .BYTE $40, 0, 0, $19, 0, 0, $7C, 0, 0, $78, 0, 0,	$38, 0,	0, $D
4C00 00	00 00+	      .BYTE 0, 0, $20, 0, 0, 0,	0, 0, 0, 0, 0, 0, 0, 0,	0, 0
4C00 00	00 00+	      .BYTE 0, 0, 0, 0,	0, 0, 0, 0, 0, 0, 0, 0,	0, 0, 0, 0
4C00 00	00 00+	      .BYTE 0, 0, 0, 0,	0, 0, 0, 0, 0, 0, $20, 0, 0, $20, 0, 0
4C00 01	E7 00+	      .BYTE $C,	$80, 0,	$9C, 0,	0, $7E,	0, 0, $FE, 0, 0, $7C, $80, 0, $2C
4C00 07	FF C0+	      .BYTE 0, 0, 6, 0,	0, $40,	0, 0, 0, 0, 0, 0, 0, 0,	0, 0
4C00 03	9F 00+	      .BYTE 0, 0, 0, 0,	0, 0, 0, 0, 0, 0, 0, 0,	0, 0, 0, 0
4C00 00	00 00+	      .BYTE 0, 0, 0, 0,	$40, 0,	0, $C0,	0, 0, $40, $20,	0, $A, 0, 0
4C00 00	00 00+	      .BYTE $1C, 0, 2, $7E, 0, 0, $7E, 0, 0, $FF, 0, 0,	$7E, 0,	0, $38
4C00 00	00 00+	      .BYTE $20, 0, $67, 0, 0, 1, $80, 0, 0, 0,	1, $80,	0, 3, 0, 0
4C00 00	00 00+	      .BYTE 0, 0, 0, 0,	0, 0, 0, 0, 0, 0, 0, 0,	0, 0, 0, 0
4C00 00	00 00+	      .BYTE 3, 0, 0, 1,	0, 8, 0, 0, $80, 0, 6, 0, 0, $C, 0, $20
4C00 00	00 00+	      .BYTE $10, 0, 0, $4C, 0, 0, $6E, 0, 0, $BA, 0, 0,	$6C, 0,	0, $30
4C00 00	00 60+	      .BYTE 4, 0, 1, 0,	1, 0, $C0, 0, 0, $60, 0, 0, 0, 0, 0, 0
4C00 00	00 70+	      .BYTE 0, 0, 0, 2,	0, 0, 4, 0, 0, 8, 0, 0,	0, 0, 0, 0
4C00 00	00 7C+	      .BYTE 1, 0, $40, 0, 2, 0,	0, 6, 0, 0, 4, 0, 0, 1,	0, 0
4C00 00	00 3E+	      .BYTE $10, 0, 0, $48, 0, 0, $64, 0, 8, $1A, 0, 0,	$64, 0,	0, $30
4C00 00	00 1E+	      .BYTE 1, 0, 0, 0,	0, 0, 0, 0, 4, 0, 4, 0,	0, 0, 0, 0
4C00 00	00 1E+	      .BYTE 0, 0, $18, 0, 0, 4,	0, 0, 0, 0, 0, 0, 4, 0,	0, 0
4C00 00	30 0F+	      .BYTE 0, 2, 0, 0,	4, 0, 0, 0, $20, 0, 0, 0, 0, 8,	0, 0
4C00 00	38 07+	      .BYTE 0, 0, 0, $40, 0, 0,	$24, 0,	0, $10,	0, $40,	$44, 0,	0, $10
4C00 C0	3C 03+	      .BYTE 0, 0, 0, 0,	0, 0, 0, 0, 0, 0, 0, 0,	0, 0, 1, 0
4C00 E0	1E 00+	      .BYTE 0, 0, 0, $10, 0, 0,	0, 0, 1, 0, 0, 0, 0, 0,	0, 0
4C00 F0	1F 00+	      .BYTE 0, 0, 0, 0,	0, 0, 0, 0, 0, 0, 0, 0,	0, 4, 0, 0
4C00 70	0F 80+	      .BYTE 0, 0, 0, 0,	0, 0, $82, 0, 0, $10, 0, 0, 0, 0, 0, 2
4C00 78	03 80+	      .BYTE 0, 0, 0, 0,	0, 0, 0, 0, 0, 0, 0, 0,	0, 0, 0, 0
4C00 38	01 C0+	      .BYTE 0, 0, 0, 0,	0, 0, 0, 0, $80, 0, 0, 0, 0, 0,	0, 0
4C00 0C	00 E0+	      .BYTE 0, 0, 0, 0,	0, 0, 0, 0, 0, 0, $F0, 0, 3, $AC, 0, 0
4C00 00	00 F8+	      .BYTE $EB, 0, 3, $9A, $C0, $E, $AA, $C0, 3, $9B, 0, $E, $6B, 0, $E, $9C
4C00 00	00 7C+	      .BYTE 0, 3, $AB, 0, 3, $AC, 0, 0,	$F0, 0,	0, 0, 0, 0, 0, 0
4C00 00	00 3E+	      .BYTE 0, 0, 0, 0,	0, 0, 0, 0, 0, 0, 0, 0,	0, 0, 0, 0
4C00 00	00 07+	      .BYTE 0, 0, 0, 0,	$C0, 0,	$F, $B0, 0, $E,	$BF, 0,	$E, $AA, $C0, 3
4C00 00	00 00+	      .BYTE $AA, $B0, $E, $9A, $F0, $E,	$A6, $C0, $E, $6A, $B0,	$3A, $A6, $C0, $3A, $AA
4C00 00	00 00+	      .BYTE $C0, $E, $99, $B0, 3, $AA, $B0, $E,	$BB, $C0, $E, $CC, 0, 3, 0, 0
4C00 00	00 00+	      .BYTE 0, 0, 0, 0,	0, 0, 0, 0, 0, 0, 0, 0,	0, 0, 0, 0
4C00 00	00 00+	      .BYTE $F,	0, $30,	$3A, $C0, $EC, $39, $B3, $B0, $3A, $BE,	$AC, $3E, $AA, $6C, $F
4C00 00	00 00+	      .BYTE $9A, $AC, $E, $AA, $F0, $E,	$A6, $C0, $E, $69, $B0,	$FA, $AA, $C0, $EA, $66
4C00 00	00 00+	      .BYTE $F0, $3E, $AA, $AC,	3, $6A,	$AB, $3E, $BB, $EB, $2A, $CC, $EC, $E6,	$C0, $3C
4C00 00	00 00+	      .BYTE $EB, 0, 0, $3C, 0, 0, 0, 0,	0, 0, 0, 0, 0, 0, 0, 0
4C00 40	00 00+	      .BYTE $3F, 0, $3C, $EA, $C0, $EF,	$E9, $B3, $AB, $E6, $BF, $6F, $3A, $FB,	$AC, $3F
4C00 19	00 00+	      .BYTE $FA, $EC, 3, $AA, $F0, $E, $9A, $C0, $D, $A9, $B0, $E, $AA,	$C0, $3A, $9A
4C00 7C	00 00+	      .BYTE $F0, $E, $A6, $B0, 3, $6A, $AC, $E,	$EA, $6C, $3A, $BE, $9C, $EA, $B3, $AB
4C00 78	00 00+	      .BYTE $E6, $B0, $DB, $EA,	$C0, $EB, $3B, 0, $3C, $C, 0, $C, 0, 0,	0, 0
4C00 38	00 00+	      .BYTE $3C, 0, $3C, $FB, $30, $EF,	$EA, $C0, $EB, $3A, $BC, $EC, $E, $FF, $BC, 3
4C00 0D	00 00+	      .BYTE $FB, $C0, 3, $AA, $F0, $E, $EE, $C0, 3, $AB, 0, $E,	$BA, $C0, $CE, $AB
4C00 20	00 00+	      .BYTE $F0, $E, $EE, $B0, 3, $AB, $AC, 3, $AB, $EC, $E, $FE, $AC, $3A, $B3, $BB
4C00 00	00 00+	      .BYTE $36, $C0, $EB, $3B,	0, $EB,	$C, 0, $3C, 0, 0, $C, 0, 0, 0, 0
4C00 00	00 00+	      .BYTE 0, 0, $C, $F, $30, $3C, $3A, $C0, $3B, $3A,	$B0, $3B, $F, $FC, $C, 0
4C00 00	00 00+	      .BYTE $3B, 0, 3, $EB, $F0, $E, $EE, $C0, 3, $AB, 0, 3, $BA, $C0, 0, $EB
4C00 00	00 00+	      .BYTE $C0, 0, $EE, $CC, 3, $B3, $80, 3, $C3, $F0,	$E, $C0, $EC, $3A, $C0,	$FC
4C00 00	00 00+	      .BYTE $3A, $C0, $EB, $3B,	0, $FB,	$C, 0, $FF, 0, 0, $3C, 0, 0, $C, 0
4C00 00	00 00+	      .BYTE 0, 0, 0, 3,	$30, $C, $E, $C0, $3B, $E, $C0,	$F, 3, $C, $C, 0
4C00 00	00 00+	      .BYTE $3F, 0, 0, $EB, 3, 3, $EA, $C0, 3, $BB, 0, 3, $AE, $C0, 0, $EB
4C00 00	00 00+	      .BYTE $C0, 0, $EE, $C0, 0, $33, 3, 3, 3, $F0, $E,	$C0, $EC, $E, $C0, $3C
4C00 00	00 00+	      .BYTE $3A, $C0, $3B, $F, 0, $3F, 0, 0, $3C, 0, 0,	$C, 0, 0, 0, 0
4C00 00	00 00+	      .BYTE 0, 0, 0, 3,	0, 0, 3, $C0, $C, 3, 0,	$C, 0, $C, 0, 0
4C00 00	00 00+	      .BYTE $3C, 0, 0, $EB, 0, 3, $FF, 0, 3, $BB, 0, 0,	$EE, $C0, 0, $EB
4C00 00	00 00+	      .BYTE 0, 0, $3F, 0, 0, 3,	0, 0, 0, $F0, 3, $C0, $30, $E, $C0, $3C
4C00 00	20 00+	      .BYTE $E,	$C0, $3C, 3, 0,	$C, 0, 0, $C, 0, 0, 0, 0, 0, 0,	0
4C00 00	20 00+	      .BYTE 0, 0, 0, 0,	0, 0, 3, 0, 0, 0, 0, 0,	0, 0, 0, 0
4C00 00	0C 80+	      .BYTE $3C, 0, 0, $EC, 0, 0, $FF, 0, 0, $FB, 0, 0,	$EF, 0,	0, $3F
4C00 00	9C 00+	      .BYTE 0, 0, $3C, 0, 0, 0,	0, 0, 0, $30, 3, 0, $30, $E, $C0, $3C
4C00 00	7E 00+	      .BYTE 3, 0, $C, 0, 0, $C,	0, 0, 0, 0, 0, 0, 0, 0,	0, 0
4C00 00	FE 00+	      .BYTE 0, 0, 0, 0,	0, 0, 0, 0, 0, 0, 0, 0,	0, 0, 0, 0
4C00 00	7C 80+	      .BYTE $C,	0, 0, $3C, 0, 0, $EF, 0, 0, $EB, 0, 0, $3F, 0, 0, $3C
4C00 00	2C 00+	      .BYTE 0, 0, 0, 0,	0, 0, 0, 0, 0, 0, 0, 0,	$30, 3,	0, $3C
4C00 00	06 00+	      .BYTE 0, 0, $C, 0, 0, 0, 0, 0, 0,	0, 0, 0, 0, 0, 0, 0
4C00 00	40 00+	      .BYTE 0, 0, 0, 0,	0, 0, 0, 0, 0, 0, 0, 0,	0, 0, 0, 0
4C00 00	00 00+	      .BYTE 0, 0, 0, $C, 0, 0, $3C, 0, 0, $3C, 0, 0, $3C, 0, 0,	0
4C00 00	00 00+	      .BYTE 0, 0, 0, 0,	0, 0, 0, 0, 0, 0, 0, 0,	0, 0, 0, 0
4C00 00	00 00+	      .BYTE 0, 0, 0, 0,	0, 0, 0, 0, 0, 0, 0, 0,	0, 0, 0, 0
5100 00		      .BYTE    0 ;
5101 00		      .BYTE    0 ;
5102 00		      .BYTE    0 ;
5103 00		      .BYTE    0 ;
5104 00		      .BYTE    0 ;
5105 00		      .BYTE    0 ;
5106 00		      .BYTE    0 ;
5107 00		      .BYTE    0 ;
5108 00		      .BYTE    0 ;
5109 00		      .BYTE    0 ;
510A 00		      .BYTE    0 ;
510B 00		      .BYTE    0 ;
510C 00		      .BYTE    0 ;
510D 00		      .BYTE    0 ;
510E 00		      .BYTE    0 ;
510F 00		      .BYTE    0 ;
5110 00		      .BYTE    0 ;
5111 00		      .BYTE    0 ;
5112 00		      .BYTE    0 ;
5113 00		      .BYTE    0 ;
5114 00		      .BYTE    0 ;
5115 00		      .BYTE    0 ;
5116 00		      .BYTE    0 ;
5117 00		      .BYTE    0 ;
5118 00		      .BYTE    0 ;
5119 00		      .BYTE    0 ;
511A 00		      .BYTE    0 ;
511B 00		      .BYTE    0 ;
511C 00		      .BYTE    0 ;
511D 00		      .BYTE    0 ;
511E 00		      .BYTE    0 ;
511F 00		      .BYTE    0 ;
5120 00		      .BYTE    0 ;
5121 00		      .BYTE    0 ;
5122 00		      .BYTE    0 ;
5123 00		      .BYTE    0 ;
5124 00		      .BYTE    0 ;
5125 00		      .BYTE    0 ;
5126 00		      .BYTE    0 ;
5127 00		      .BYTE    0 ;
5128 00		      .BYTE    0 ;
5129 00		      .BYTE    0 ;
512A 00		      .BYTE    0 ;
512B 00		      .BYTE    0 ;
512C 00		      .BYTE    0 ;
512D 00		      .BYTE    0 ;
512E 00		      .BYTE    0 ;
512F 00		      .BYTE    0 ;
5130 00		      .BYTE    0 ;
5131 00		      .BYTE    0 ;
5132 00		      .BYTE    0 ;
5133 00		      .BYTE    0 ;
5134 00		      .BYTE    0 ;
5135 00		      .BYTE    0 ;
5136 00		      .BYTE    0 ;
5137 00		      .BYTE    0 ;
5138 00		      .BYTE    0 ;
5139 00		      .BYTE    0 ;
513A 00		      .BYTE    0 ;
513B 00		      .BYTE    0 ;
513C 00		      .BYTE    0 ;
513D 00		      .BYTE    0 ;
513E 00		      .BYTE    0 ;
513F 00		      .BYTE    0 ;
5140 00		      .BYTE    0 ;
5141 00		      .BYTE    0 ;
5142 00		      .BYTE    0 ;
5143 00		      .BYTE    0 ;
5144 00		      .BYTE    0 ;
5145 00		      .BYTE    0 ;
5146 00		      .BYTE    0 ;
5147 00		      .BYTE    0 ;
5148 00		      .BYTE    0 ;
5149 00		      .BYTE    0 ;
514A 00		      .BYTE    0 ;
514B 00		      .BYTE    0 ;
514C 00		      .BYTE    0 ;
514D 00		      .BYTE    0 ;
514E 00		      .BYTE    0 ;
514F 00		      .BYTE    0 ;
5150 00		      .BYTE    0 ;
5151 00		      .BYTE    0 ;
5152 00		      .BYTE    0 ;
5153 00		      .BYTE    0 ;
5154 00		      .BYTE    0 ;
5155 00		      .BYTE    0 ;
5156 00		      .BYTE    0 ;
5157 00		      .BYTE    0 ;
5158 00		      .BYTE    0 ;
5159 00		      .BYTE    0 ;
515A 00		      .BYTE    0 ;
515B 00		      .BYTE    0 ;
515C 00		      .BYTE    0 ;
515D 00		      .BYTE    0 ;
515E 00		      .BYTE    0 ;
515F 00		      .BYTE    0 ;
5160 00		      .BYTE    0 ;
5161 00		      .BYTE    0 ;
5162 00		      .BYTE    0 ;
5163 00		      .BYTE    0 ;
5164 00		      .BYTE    0 ;
5165 00		      .BYTE    0 ;
5166 00		      .BYTE    0 ;
5167 00		      .BYTE    0 ;
5168 00		      .BYTE    0 ;
5169 00		      .BYTE    0 ;
516A 00		      .BYTE    0 ;
516B 00		      .BYTE    0 ;
516C 00		      .BYTE    0 ;
516D 00		      .BYTE    0 ;
516E 00		      .BYTE    0 ;
516F 00		      .BYTE    0 ;
5170 00		      .BYTE    0 ;
5171 00		      .BYTE    0 ;
5172 00		      .BYTE    0 ;
5173 00		      .BYTE    0 ;
5174 00		      .BYTE    0 ;
5175 00		      .BYTE    0 ;
5176 00		      .BYTE    0 ;
5177 00		      .BYTE    0 ;
5178 00		      .BYTE    0 ;
5179 00		      .BYTE    0 ;
517A 00		      .BYTE    0 ;
517B 00		      .BYTE    0 ;
517C 00		      .BYTE    0 ;
517D 00		      .BYTE    0 ;
517E 00		      .BYTE    0 ;
517F 00		      .BYTE    0 ;
5180 00		      .BYTE    0 ;
5181 00		      .BYTE    0 ;
5182 00		      .BYTE    0 ;
5183 00		      .BYTE    0 ;
5184 00		      .BYTE    0 ;
5185 00		      .BYTE    0 ;
5186 00		      .BYTE    0 ;
5187 00		      .BYTE    0 ;
5188 00		      .BYTE    0 ;
5189 00		      .BYTE    0 ;
518A 00		      .BYTE    0 ;
518B 00		      .BYTE    0 ;
518C 00		      .BYTE    0 ;
518D 00		      .BYTE    0 ;
518E 00		      .BYTE    0 ;
518F 00		      .BYTE    0 ;
5190 00		      .BYTE    0 ;
5191 00		      .BYTE    0 ;
5192 00		      .BYTE    0 ;
5193 00		      .BYTE    0 ;
5194 00		      .BYTE    0 ;
5195 00		      .BYTE    0 ;
5196 00		      .BYTE    0 ;
5197 00		      .BYTE    0 ;
5198 00		      .BYTE    0 ;
5199 00		      .BYTE    0 ;
519A 00		      .BYTE    0 ;
519B 00		      .BYTE    0 ;
519C 00		      .BYTE    0 ;
519D 00		      .BYTE    0 ;
519E 00		      .BYTE    0 ;
519F 00		      .BYTE    0 ;
51A0 00		      .BYTE    0 ;
51A1 00		      .BYTE    0 ;
51A2 00		      .BYTE    0 ;
51A3 00		      .BYTE    0 ;
51A4 00		      .BYTE    0 ;
51A5 00		      .BYTE    0 ;
51A6 00		      .BYTE    0 ;
51A7 00		      .BYTE    0 ;
51A8 00		      .BYTE    0 ;
51A9 00		      .BYTE    0 ;
51AA 00		      .BYTE    0 ;
51AB 00		      .BYTE    0 ;
51AC 00		      .BYTE    0 ;
51AD 00		      .BYTE    0 ;
51AE 00		      .BYTE    0 ;
51AF 00		      .BYTE    0 ;
51B0 00		      .BYTE    0 ;
51B1 00		      .BYTE    0 ;
51B2 00		      .BYTE    0 ;
51B3 00		      .BYTE    0 ;
51B4 00		      .BYTE    0 ;
51B5 00		      .BYTE    0 ;
51B6 00		      .BYTE    0 ;
51B7 00		      .BYTE    0 ;
51B8 00		      .BYTE    0 ;
51B9 00		      .BYTE    0 ;
51BA 00		      .BYTE    0 ;
51BB 00		      .BYTE    0 ;
51BC 00		      .BYTE    0 ;
51BD 00		      .BYTE    0 ;
51BE 00		      .BYTE    0 ;
51BF 00		      .BYTE    0 ;
51C0 00		      .BYTE    0 ;
51C1 00		      .BYTE    0 ;
51C2 00		      .BYTE    0 ;
51C3 00		      .BYTE    0 ;
51C4 00		      .BYTE    0 ;
51C5 00		      .BYTE    0 ;
51C6 00		      .BYTE    0 ;
51C7 00		      .BYTE    0 ;
51C8 00		      .BYTE    0 ;
51C9 00		      .BYTE    0 ;
51CA 00		      .BYTE    0 ;
51CB 00		      .BYTE    0 ;
51CC 00		      .BYTE    0 ;
51CD 00		      .BYTE    0 ;
51CE 00		      .BYTE    0 ;
51CF 00		      .BYTE    0 ;
51D0 00		      .BYTE    0 ;
51D1 00		      .BYTE    0 ;
51D2 00		      .BYTE    0 ;
51D3 00		      .BYTE    0 ;
51D4 00		      .BYTE    0 ;
51D5 00		      .BYTE    0 ;
51D6 00		      .BYTE    0 ;
51D7 00		      .BYTE    0 ;
51D8 00		      .BYTE    0 ;
51D9 00		      .BYTE    0 ;
51DA 00		      .BYTE    0 ;
51DB 00		      .BYTE    0 ;
51DC 00		      .BYTE    0 ;
51DD 00		      .BYTE    0 ;
51DE 00		      .BYTE    0 ;
51DF 00		      .BYTE    0 ;
51E0 00		      .BYTE    0 ;
51E1 00		      .BYTE    0 ;
51E2 00		      .BYTE    0 ;
51E3 00		      .BYTE    0 ;
51E4 00		      .BYTE    0 ;
51E5 00		      .BYTE    0 ;
51E6 00		      .BYTE    0 ;
51E7 00		      .BYTE    0 ;
51E8 00		      .BYTE    0 ;
51E9 00		      .BYTE    0 ;
51EA 00		      .BYTE    0 ;
51EB 00		      .BYTE    0 ;
51EC 00		      .BYTE    0 ;
51ED 00		      .BYTE    0 ;
51EE 00		      .BYTE    0 ;
51EF 00		      .BYTE    0 ;
51F0 00		      .BYTE    0 ;
51F1 00		      .BYTE    0 ;
51F2 00		      .BYTE    0 ;
51F3 00		      .BYTE    0 ;
51F4 00		      .BYTE    0 ;
51F5 00		      .BYTE    0 ;
51F6 00		      .BYTE    0 ;
51F7 00		      .BYTE    0 ;
51F8 00		      .BYTE    0 ;
51F9 00		      .BYTE    0 ;
51FA 00		      .BYTE    0 ;
51FB 00		      .BYTE    0 ;
51FC 00		      .BYTE    0 ;
51FD 00		      .BYTE    0 ;
51FE 00		      .BYTE    0 ;
51FF 00		      .BYTE    0 ;
5200 00	00 00+	      .BYTE 0, 0, 0, 0,	0, 0, 0, 0, 0, 0, 0, 0,	0, 0, 0, 0
5200 00	00 00+	      .BYTE 0, 0, 0, 0,	0, 0, 0, 0, 0, 0, 0, 0,	0, 0, 0, 0
5200 00	00 00+	      .BYTE 0, 0, 0, 0,	0, 0, 0, 0, 0, 0, 0, 0,	0, 0, 0, 0
5200 00	00 00+	      .BYTE 0, 0, 0, 0,	0, 0, 0, 0, 0, 0, 0, 0,	0, 0, 0, 0
5200 00	00 00+	      .BYTE 0, 0, 0, 0,	0, 0, 0, 0, 0, 0, 0, 0,	0, 0, 0, 0
5200 00	00 00+	      .BYTE 0, 0, 0, 0,	0, 0, 0, 0, 0, 0, 0, 0,	0, 0, 0, 0
5200 00	00 00+	      .BYTE 0, 0, 0, 0,	0, 0, 0, 0, 0, 0, 0, 0,	0, 0, 0, 0
5200 00	00 00+	      .BYTE 0, 0, 0, 0,	0, 0, 0, 0, 0, 0, 0, 0,	0, 0, 0, 0
5200 00	00 00+	      .BYTE 0, 0, 0, 0,	0, 0, 0, 0, 0, 0, 0, 0,	0, 0, 0, 0
5200 00	00 00+	      .BYTE 0, 0, 0, 0,	0, 0, 0, 0, 0, 0, 0, 0,	0, 0, 0, 0
5200 00	00 00+	      .BYTE 0, 0, 0, 0,	0, 0, 0, 0, 0, 0, 0, 0,	0, 0, 0, 0
5200 00	00 00+	      .BYTE 0, 0, 0, 0,	0, 0, 0, 0, 0, 0, 0, 0,	0, 0, 0, 0
5200 00	00 00+	      .BYTE 0, 0, 0, 0,	0, 0, 0, 0, 0, 0, 0, 0,	0, 0, 0, 0
5200 00	00 00+	      .BYTE 0, 0, 0, 0,	0, 0, 0, 0, 0, 0, 0, 0,	0, 0, 0, 0
5200 00	00 00+	      .BYTE 0, 0, 0, 0,	0, 0, 0, 0, 0, 0, 0, 0,	0, 0, 0, 0
5200 00	00 00+	      .BYTE 0, 0, 0, 0,	0, 0, 0, 0, 0, 0, 0, 0,	0, 0, 0, 0
5200 00	00 00+	      .BYTE 0, 0, 0, 0,	0, 0, 0, 0, 0, 0, 0, 0,	0, 0, 0, 0
5200 00	00 00+	      .BYTE 0, 0, 0, 0,	0, 0, 0, 0, 0, 0, 0, 0,	0, 0, 0, 0
5200 00	00 00+	      .BYTE 0, 0, 0, 0,	0, 0, 0, 0, 0, 0, 0, 0,	0, 0, 0, 0
5200 00	00 00+	      .BYTE 0, 0, 0, 0,	0, 0, 0, 0, 0, 0, 0, 0,	0, 0, 0, 0
5200 00	00 00+	      .BYTE 0, 0, 0, 0,	0, 0, 0, 0, 0, 0, 0, 0,	0, 0, 0, 0
5200 00	00 00+	      .BYTE 0, 0, 0, 0,	0, 0, 0, 0, 0, 0, 0, 0,	0, 0, 0, 0
5200 00	00 00+	      .BYTE 0, 0, 0, 0,	0, 0, 0, 0, 0, 0, 0, 0,	0, 0, 0, 0
5200 00	00 00+	      .BYTE 0, 0, 0, 0,	0, 0, 0, 0, 0, 0, 0, 0,	0, 0, 0, 0
5200 00	00 00+	      .BYTE 0, 0, 0, 0,	0, 0, 0, 0, 0, 0, 0, 0,	0, 0, 0, 0
5200 00	00 00+	      .BYTE 0, 0, 0, 0,	0, 0, 0, 0, 0, 0, 0, 0,	0, 0, 0, 0
5200 00	00 00+	      .BYTE 0, 0, 0, 0,	0, 0, 0, 0, 0, 0, 0, 0,	0, 0, 0, 0
5200 00	00 00+	      .BYTE 0, 0, 0, 0,	0, 0, 0, 0, 0, 0, 0, 0,	0, 0, 0, 0
5200 00	00 00+	      .BYTE 0, 0, 0, 0,	0, 0, 0, 0, 0, 0, 0, 0,	0, 0, 0, 0
5200 00	00 00+	      .BYTE 0, 0, 0, 0,	0, 0, 0, 0, 0, 0, 0, 0,	0, 0, 0, 0
5200 00	00 00+	      .BYTE 0, 0, 0, 0,	0, 0, 0, 0, 0, 0, 0, 0,	0, 0, 0, 0
5200 00	00 00+	      .BYTE 0, 0, 0, 0,	0, 0, 0, 0, 0, 0, 0, 0,	0, 0, 0, 0
5400 00	38 00+	      .BYTE 0, $38, 0, 0, $38, 0, 3, $FF, $80, $F, $FF,	$E0, $3F, $FF, $F8, 0
5400 00	38 00+	      .BYTE 0, 0, 0, $FC, 0, 0,	$FE, 0,	0, $E, 0, 0, $3E, 0, 0,	$3C
5400 03	FF 80+	      .BYTE 0, 0, 0, 0,	0, $38,	0, 0, $38, 0, 0, 0, 0, $3F, $FF, $F8
5400 0F	FF E0+	      .BYTE $F,	$FF, $E0, 3, $FF, $80, 0, $10, 0, 0, 0,	0, 0, 0, 0, 0
5400 3F	FF F8+	      .BYTE 0, $2B, $F,	0, $2B,	5, 0, $2B, $F, 0, $2B, 5, 0, 4,	$F, 0
5400 00	00 00+	      .BYTE $B,	5, 0, $B, $A, 0, $B, $2A, 0, $B, $8A, 0, $B, $9A, 0, $B
5400 00	FC 00+	      .BYTE $AA, 0, $B,	$FF, 0,	$B, $AC, 0, $B,	$AC, 0,	$B, $AC, 0, 4, $AC
5400 00	FE 00+	      .BYTE 0, $3F, $AC, 0, $CE, $AC, 0, $B, $AC, 0, $F, $AC, 0, $C, $AC, $95
5400 00	0E 00+	      .BYTE 0, 0, $AC, 0, 0, $BC, 0, 0,	$FC, 0,	0, $10,	0, 0, $2C, 0
5400 00	3E 00+	      .BYTE 0, $AC, 0, 0, $AC, 0, 0, $AC, 0, 0,	$AC, 0,	0, $AC,	0, 0
5400 00	3C 00+	      .BYTE $AC, 0, 0, $AC, 0, 0, $AC, 0, 0, $AC, 0, 0,	$AC, 0,	0, $AC
5400 00	00 00+	      .BYTE 0, 0, $BC, 0, 0, $FC, 0, 0,	$10, 0,	0, $AC,	0, 2, $BC, $95
5400 00	38 00+	      .BYTE 0, 0, $EA, 0, 0, $3F, 0, 0,	$EA, 0,	0, $3F,	0, 0, $EA, 0
5400 00	38 00+	      .BYTE 0, $3F, 0, 0, $AA, 0, 2, $AA, 0, $A, $BF, 0, $2A, $EA, 0, $AB
5400 00	00 00+	      .BYTE $AA, 2, $AE, $A2, $A, $AE, $A6, $A,	$AB, $AA, $29, $5A, $EA, $2B, $FA, $EA
5400 3F	FF F8+	      .BYTE $29, $5A, $FF, $39,	$5A, $AA, 3, $F2, $AA, 1, $53, $FF, 1, $50, 0, $95
5400 0F	FF E0+	      .BYTE 0, 0, 0, 0,	0, 0, 0, 0, 0, 0, 0, 0,	1, $81,	$80, 3
5400 03	FF 80+	      .BYTE $81, $C0, 3, $C3, $C0, 3, $C3, $C0,	3, $C3,	$C0, 1,	$C1, $80, 1, $C1
5400 00	10 00+	      .BYTE $80, 3, $81, $C0, 3, $83, $C0, 3, $C3, $C0,	3, $C3,	$80, 1,	$C1, $80
5400 00	00 00+	      .BYTE 1, $81, $80, 0, 0, 0, 0, 0,	0, 0, 0, 0, 0, 0, 0, 0
5400 00	00 00+	      .BYTE 0, 0, 0, 0,	6, 0, 0, $E, 0,	0, $3C,	0, 0, $78, 0, 0
5400 00	00 2B+	      .BYTE $F8, 0, 0, $F0, 0, 1, $F0, $C, 3, $E0, $1C,	$F, $80, $3C, $1F, 0
5400 0F	00 2B+	      .BYTE $78, $1F, 0, $F8, $1E, 1, $F0, $38,	1, $C0,	$30, 3,	$80, 0,	7, 0
5400 05	00 2B+	      .BYTE 0, $1F, 0, 0, $3E, 0, 0, $7C, 0, 0,	$E0, 0,	0, 0, 0, 0
5400 0F	00 2B+	      .BYTE 0, 3, $F0, 0, 0, $80, 0, 0,	$80, 0,	2, $AA,	0, 2, $AA, 0
5400 05	00 04+	      .BYTE $A,	$95, 0,	$A, $BA, 0, $25, $BA, 0, $2F, $BA, 0, $AF, $BA,	0, $A0
5400 0F	00 0B+	      .BYTE $80, 0, $AA, $AA, 0, $3F, $FF, 0, $F, $FF, 0, 0, $55, 0, 0,	$15
5400 05	00 0B+	      .BYTE 0, 0, 0, 0,	0, 0, 0, 0, 0, 0, 0, 0,	0, 0, 0, $90
5400 0A	00 0B+	      .BYTE 0, $A, $AA,	0, $2A,	$AA, 0,	$AF, $FA, 2, $AE, $BA, 2, $AC, $3A, 3
5400 2A	00 0B+	      .BYTE $AD, $7A, $B, $AE, $BA, $A,	$EF, $FA, $2A, $FA, $AB, $2B, $E, $AE, $9C, 2
5400 8A	00 0B+	      .BYTE $AE, $90, 2, $BA, $A0, 3, $BA, $E8,	0, $FF,	$3A, 8,	$15, $E, $AA, 0
5400 9A	00 0B+	      .BYTE 3, $9A, 0, 0, $DA, 0, 0, $2A, 0, 0,	0, 0, 0, 0, 0, $8F
5400 AA	00 0B+	      .BYTE 0, 0, $BA, 0, 0, $BA, 0, 2,	$BA, 0,	2, $BA,	0, $A, $BA, $82
5400 FF	00 0B+	      .BYTE $A,	$BF, $8B, $2A, $AA, $9C, $3E, $AA, $98,	$2B, $AA, $3A, $AC, $FF, $D, $B0
5400 AC	00 0B+	      .BYTE $55, 1, $C0, $15, 0, 0, 5, 0, 0, 0,	0, 0, 0, 0, 0, 0
5400 AC	00 0B+	      .BYTE 0, 0, 0, 0,	0, 0, 0, 0, 0, 0, 0, 0,	0, 0, 0, $8D
5400 AC	00 04+	      .BYTE 0, 2, $AA, 0, 2, $AA, 0, $A, $AA, 0, $A, $55, 0, $B, $AA, 0
5400 AC	00 3F+	      .BYTE $1B, $9A, 0, $2B, $9A, 0, $1B, $AA,	0, $2A,	0, 0, $1A, $AA,	0, $2A
5400 AC	00 CE+	      .BYTE $AA, 0, $1A, $95, 0, $A, $BA, 0, $E, $80, 0, 3, $AA, 0, 0, $FF
5400 AC	00 0B+	      .BYTE 0, 0, $15, 0, 0, 0,	0, 0, 0, 0, 0, 0, 0, 0,	0, $91
5400 AC	00 0F+	      .BYTE 0, 0, 5, 0,	0, $3F,	0, 0, 5, 0, 2, $AA, 0, $2B, $FF, 0
5400 AC	00 0C+	      .BYTE $2E, $AA, 0, $2E, $AA, 0, $AB, $AA,	0, $BA,	$FF, 0,	$AE, $AA, 2, $AF
5400 AC	95 00+	      .BYTE $AA, 2, $B0, $FF, $A, $C0, 5, $2B, 0, $3F, $14, 0, 5, $16, 0, $3F
5400 00	AC 00+	      .BYTE $E,	$80, 5,	3, $A3,	0, 0, $EC, 0, 0, $3F, $C0, 0, $F, 0, $91
5400 00	BC 00+	      .BYTE 0, 0, $AA, 0, 0, $AA, 0, 0,	$FF, 0,	0, $15,	0, 2, $AA, 0
5400 00	FC 00+	      .BYTE $A,	$AA, 0,	$2A, $AA, 0, $FF, $FF, 0, $EA, $AA, 0, $E9, $56, 0, $EB
5400 00	10 00+	      .BYTE $AE, 0, $78, 2, 0, $9E, $AA, 0, $A7, $95, 0, $A9, $40, 0, $AB, $C0
5400 00	2C 00+	      .BYTE 0, $8B, $C0, 0, $9B, $C0, 0, $AF, 0, 0, $AF, 0, 0, $AF, 0, $95
5400 00	AC 00+	      .BYTE 0, $AC, 0, 0, $AC, 0, 0, $AC, 0, 0,	$50, 0,	0, $50,	0, 0
5400 00	AC 00+	      .BYTE $AC, 0, 0, $AC, 0, 0, $AC, 0, 0, $8C, 0, 0,	$9C, 0,	0, $AC
5400 00	AC 00+	      .BYTE 0, 0, $AC, 0, 0, $AC, 0, 0,	$AC, 0,	0, $8C,	0, 0, $9C, 0
5400 00	AC 00+	      .BYTE 0, $AC, 0, 0, $AC, 0, 0, $50, 0, 0,	$EC, 0,	3, $BB,	0, $95
5400 00	AC 00+	      .BYTE $50, 0, 0, $FC, 0, 0, $50, 0, 0, $AA, $A0, 0, $FF, $E8, 0, $AA
5400 00	AC 00+	      .BYTE $B8, 0, $AA, $B8, 0, $AA, $E8, 0, $FF, $AC,	0, $AA,	$BA, $80, $AA, $EA
5400 00	AC 00+	      .BYTE $A8, $FF, $3E, $A5,	$50, 3,	$E5, $FC, 0, $3B, $50, 0, $B, $FC, 0, $B
5400 00	AC 00+	      .BYTE $50, 0, $B,	0, 0, $B, 0, 0,	$F4, 0,	0, $3C,	0, 3, $F0, $91
5400 00	AC 00+	      .BYTE 0, 0, $2A, 0, $A, $AA, 0, $AA, $AA,	2, $A8,	$2A, $A, $A0, $A, $2A
5400 00	AC 00+	      .BYTE $AE, $BA, $2A, $AE,	$BA, $EA, $AE, $BA, $FA, $A9, $6A, $7E,	$AA, $AA, $1F, $EA
5400 00	AC 00+	      .BYTE $AA, 7, $FF, $FF, 1, $7F, $FF, 0, $15, $55,	0, 0, $EA, 0, 0, $3F
5400 00	BC 00+	      .BYTE 0, 0, $EA, 0, 0, $3F, 0, 0,	$EA, 0,	0, $3F,	0, 0, 0, $94
5400 00	FC 00+	      .BYTE 0, 0, $2A, 0, 0, $BF, 0, 2,	$EA, 0,	2, $E0,	0, $B, $AF, 0
5400 00	10 00+	      .BYTE $B,	$9F, 0,	$E, $9F, 0, $2E, $95, 0, $2B, $AA, 0, $6A, $FF,	2, $6A
5400 00	AC 00+	      .BYTE $AA, $A, $6A, $FF, $3A, $6B, $AA, $3E, $6E,	$95, $2E, $2E, $95, $A8, $2B, $A5
5400 02	BC 95+	      .BYTE $F0, $A, $EA, $A8, 2, $BF, $2C, 0, $EA, $3A, 0, $3F, $B, 0,	0, $94
5400 00	00 EA+	      .BYTE 0, 0, $EA, $E, $80,	$3F, 2,	$D0, $EA, 3, $54, $3F, 1, $50, $EA, 1
5400 00	00 3F+	      .BYTE $40, $3F, 1, 0, $AA, 0, 2, $AA, 0, $A, $BF,	0, $2A,	$EA, 0,	$AB
5400 00	00 EA+	      .BYTE $AA, 2, $AE, $A2, $A, $AE, $A6, $A,	$AB, $AA, $29, $5A, $EA, $2B, $FA, $EA
5400 00	00 3F+	      .BYTE $29, $5A, $FF, $39,	$5A, $AA, 3, $F2, $AA, 1, $53, $FF, 1, $50, 0, $95
5400 00	00 EA+	      .BYTE 0, $40, $2A, 0, $10, $AA, 0, 6, $AA, 0, 2, $AA, 0, $A, $AA,	0
5400 00	00 3F+	      .BYTE 8, $A2, 0, $19, $A6, 0, $E,	$AA, 0,	$F, $AA, 0, 3, $EA, 0, 7
5400 00	00 AA+	      .BYTE $FF, 0, $10, $FF, 0, $40, $3F, 0, 0, 5, 0, 0, $F, 0, 0, 0
5400 00	02 AA+	      .BYTE 0, 0, 0, 0,	0, 0, 0, 0, 0, 0, 0, 0,	0, 0, 0, $8F
5400 00	0A BF+	      .BYTE 0, 0, $F, 0, 0, $AA, 0, $A,	$BF, 0,	$AA, $EA, 0, $AB, $AA, 1
5400 00	2A EA+	      .BYTE $AB, $AA, 9, $EB, $AF, $A, $7A, $FA, $2A, $CE, $AA,	$2B, 3,	$A2, $AC, 0
5400 00	AB AA+	      .BYTE $A6, $D0, 0, $AA, $68, 4, $FF, $1A,	$1F, 0,	6, $97,	$FF, 1,	$97, $77
5400 02	AE A2+	      .BYTE 0, $DF, $FF, 0, $FC, 0, 3, $F0, 0, $F, $C0,	0, $F, $C0, 0, $8D
5400 0A	AE A6+	      .BYTE $F0, 0, 0, $AA, 0, 0, $FE, $A0, 0, $AB, $AA, 0, $AA, $EA, 0, $AA
5400 0A	AB AA+	      .BYTE $EA, $40, $FA, $EB,	$40, $AF, $AD, $A0, $AA, $B3, $A0, $8A,	$C3, $A0, $9A, 3
5400 29	5A EA+	      .BYTE $A0, $AA, 3, $80, $FF, 3, $80, 0, 3, $80, $FF, $FD,	$70, $77, $75, $7F
5400 2B	FA EA+	      .BYTE $FF, $FD, $50, 3, $C1, $50,	1, $40,	$60, 3,	$C0, $A0, 1, $40, 0, $8D
5400 29	5A FF+	      .BYTE 0, 0, $AA, 0, 2, $AA, 0, $A, $AA, 0, $A, $AA, 0, 6,	$AA, 0
5400 39	5A AA+	      .BYTE 5, $6A, 0, 9, $5F, 0, $A, $A0, 0, 8, $20, 0, $A, $E0, 0, $A
5400 03	F2 AA+	      .BYTE $E0, 0, $A,	$E0, 0,	$A, $E0, 0, $A,	$E0, 0,	$A, $E0, 0, $A,	$E0
5400 01	53 FF+	      .BYTE 0, 9, $60, 0, $A, $A0, 0, $A, $A0, 0, 9, $60, 0, 9,	$60, $95
5400 01	50 00+	      .BYTE 0, $A, $A0,	0, 8, $20, 0, $A, $E0, 0, $A, $E0, 0, $A, $E0, 0
5400 95	00 00+	      .BYTE $A,	$E0, 0,	$A, $E0, 0, $A,	$E0, 0,	$A, $E0, 0, 9, $60, 0, $A
5400 00	00 00+	      .BYTE $A0, 0, $A,	$A0, 0,	1, $40,	0, $A, $A0, 0, $E, $B0,	0, $2B,	$FC
5400 00	00 00+	      .BYTE 0, $2A, $BC, 0, $3A, $BC, 0, $F, $F0, 0, 0,	0, 0, 0, 0, $93
5400 00	00 00+	      .BYTE 0, 0, $2A, 0, 2, $8A, 0, $A, $DE, 0, $2A, $DE, 0, $3A, $9A,	0
5400 00	01 81+	      .BYTE $F,	$EA, 0,	3, $FF,	0, 0, $3F, 0, 0, 5, 0, 0, 0, 0,	0
5400 80	03 81+	      .BYTE 0, 0, 0, 0,	0, 0, 0, 0, 0, 0, 0, 0,	0, 0, 0, 0
5400 C0	03 C3+	      .BYTE 0, 0, 0, 0,	0, 0, 0, 0, 0, 0, 0, 0,	0, 0, 0, $89
5400 C0	03 C3+	      .BYTE 0, 0, $2A, $80, 2, $A2, $80, $A, $A6, $80, $2A, $FF, $C0, $9B, $D5,	$C2
5400 C0	03 C3+	      .BYTE $8F, $55, $CA, $9D,	$55, $CE, $8D, $55, $FE, $9D, $55, $CE,	$AD, $55, $CE, $8D
5400 C0	01 C1+	      .BYTE $55, $FE, $9D, $55,	$CE, $AD, $55, $4E, $8D, $50, $E, $9D, $40, 7, $AD, 0
5400 80	01 C1+	      .BYTE 1, $F4, 0, 0, $50, 0, 0, 0,	0, 0, 0, 0, 0, 0, 0, $90
5400 80	03 81+	      .BYTE 0, 0, $3F, 0, 0, $3A, 0, 0,	$3A, 0,	0, $3A,	0, 0, $3A, 0
5400 C0	03 83+	      .BYTE 3, $FA, 0, 3, $AA, 0, 0, $EA, 0, 0,	$3A, 0,	0, $E, 0, 0
5400 C0	03 C3+	      .BYTE 3, 0, 0, 0,	0, 0, 0, 0, 0, 0, 0, 0,	$F, 0, 0, $33
5400 C0	03 C3+	      .BYTE 0, 0, $F7, 0, 3, $3C, 0, 3,	$4D, 0,	3, $D3,	0, 0, $37, $8D
5400 80	01 C1+	      .BYTE 0, 0, $3F, 0, 0, $C0, 0, 3,	0, 0, 6, 0, 0, 6, 0, 0
5400 80	01 81+	      .BYTE $C,	0, 0, $C, 0, 0,	$C, 0, 0, $C, $78, 0, $C, $CC, 0, $C
5400 80	00 00+	      .BYTE $CC, 0, $C,	$79, 0,	$C, 3, 0, $C, 6, 0, 6, 3, 0, 3,	$80
5400 00	00 00+	      .BYTE 0, 0, $CF, 0, 0, $C7, 0, 0,	$40, 0,	0, $60,	0, 0, $3F, $15
5400 00	00 00+	      .BYTE 0, 0, $A, 0, 0, $2A, 0, 0, $AA, 0, 2, $AA, 0, 2, $AA, 0
5400 00	00 00+	      .BYTE 3, $FF, 0, 1, $51, 0, 2, $B3, 0, 2,	$B1, 0,	2, $B2,	0, 2
5400 00	00 00+	      .BYTE $B2, 0, 2, $B2, 0, 2, $F2, 0, 2, $C2, 0, 2,	$C3, 0,	2, $C1
5400 00	00 00+	      .BYTE 0, 2, $C5, 0, 3, $F5, 0, 1,	$50, 0,	6, $54,	0, 6, $54, $95
5400 06	00 00+	      .BYTE 0, 0, $10, 0, 0, $10, 0, 0,	$2A, 0,	0, $F, 0, 0, $AA, 0
5400 0E	00 00+	      .BYTE $2A, $8A, 2, $AA, $9A, $A, $AA, $AA, 0, 0, 0, $2A, $2B, $FF, $2A, $2F
5400 3C	00 00+	      .BYTE $FF, $A2, $2C, $FB,	$66, $3D, $F7, $2A, $3F, $FF, 5, $55, $55, 5, $7F, $FF
5400 78	00 00+	      .BYTE 1, $55, $FF, 0, $15, $55, 0, 0, $55, 0, 0, 5, 0, 0,	0, $94
5400 F8	00 00+	      .BYTE 4, 0, 0, 4,	0, 0, $A8, 0, 0, $F0, 0, 0, $BF, 0, 0, $A3
5400 F0	00 01+	      .BYTE $FC, 0, $A7, $FF, $C0, $AB,	$FF, $F0, 0, 0,	0, $FF,	$FE, $54, $FF, $F6
5400 F0	0C 03+	      .BYTE $54, $EF, $B6, $66,	$DF, $56, $55, $FF, $56, $54, $55, $55,	$50, $FD, $55, $50
5400 E0	1C 0F+	      .BYTE $F5, $55, $40, $55,	$54, 0,	$55, 0,	0, $50,	0, 0, 0, 0, 0, $8D
5400 80	3C 1F+	      .BYTE 0, $2B, $F,	0, $2B,	5, 0, $AB, $AA,	2, $BF,	$FF, $A, $C0, $F, $2B
5400 00	78 1F+	      .BYTE 0, 5, $AC, 0, $F, $B0, $15,	$55, $B0, $D5, $FF, $B3, $D7, $FF, $B3,	$D7
5400 00	F8 1E+	      .BYTE $FF, $B3, $DF, $FF,	$B7, $DF, $AA, $B7, $DE, $AA, $F7, $FA,	$AA, $F7, $FA, $95
5400 01	F0 38+	      .BYTE 3, $EA, $95, 3, $EA, $AA, 3, $C0, 0, 0, $FF, $FF, 0, $C3, $C, $95
5400 01	C0 30+	      .BYTE 0, 0, 1, 0,	0, 2, 0, 0, $A,	0, 0, $2A, 0, 0, $A2, 0
5400 03	80 00+	      .BYTE 2, $A6, 0, 3, $AA, 0, 3, $EA, 0, 0,	$FA, 0,	0, 5, 0, 0
5400 07	00 00+	      .BYTE $A,	0, 0, $28, 0, 0, $A3, 0, 2, $A7, 0, $A,	$A9, 0,	$2A, $AA
5400 1F	00 00+	      .BYTE 0, $15, $55, 0, $3F, $F, 0,	$2F, 5,	0, $2B,	$F, 0, $2B, 5, $95
5400 3E	00 00+	      .BYTE 0, $3C, $2A, 0, $3E, $A9, 0, $3A, $A4, 0, $2A, $A4,	0, $2A,	$A4, 0
5400 7C	00 00+	      .BYTE $AA, $A9, 0, $AA, $AA, 0, $AA, $AA,	0, $AA,	$AA, 0,	$19, $65, 0, $19
5400 E0	00 00+	      .BYTE $65, 0, $19, $65, 0, $AA, $AA, 0, $19, $65,	0, $19,	$65, 0,	$19, $65
5400 00	00 00+	      .BYTE 0, $AA, $AA, 0, $19, $65, 0, $19, $65, 0, $19, $65,	0, $AA,	$AA, $95
5400 00	03 F0+	      .BYTE 0, $2E, $EE, 0, $AE, $EE, 0, $AE, $EE, 0, $AD, $6E,	0, $A5,	$5F, 2
5400 00	00 80+	      .BYTE $E5, $DF, 2, $E7, $DF, 2, $E7, $1F,	0, $FD,	$7F, 2,	$AF, $FF, 2, $AB
5400 00	00 80+	      .BYTE $FF, 2, $AA, $AA, 2, $AA, $AA, 0, 0, 0, 0, 0, 0, 0,	0, 0
5400 00	02 AA+	      .BYTE 0, 0, 0, 0,	0, 0, 0, 0, 0, 0, 0, 0,	0, 0, 0, $8D
5400 00	02 AA+	      .BYTE $EE, $EC, 0, $EE, $EE, 0, $EE, $EE,	0, $EE,	$2E, 0,	$FF, $3E, 0, $FC
5400 00	0A 95+	      .BYTE $4E, 0, $FC, $4E, 0, $FF, $3E, 0, $FF, $3C,	0, $FF,	$FA, 0,	$FF, $EA
5400 00	0A BA+	      .BYTE 0, $AA, $AA, 0, $AA, $AA, 0, 0, 0, 0, 0, 0,	0, 0, 0, 0
5400 00	25 BA+	      .BYTE 0, 0, 0, 0,	0, 0, 0, 0, 0, 0, 0, 0,	0, 0, 0, $8E
5400 00	2F BA+	      .BYTE 0, $AA, $AA, 0, $23, $8E, 3, $EF, $BE, 3, $EF, $BE,	0, $AA,	$AA, 0
5400 00	AF BA+	      .BYTE $AA, $AA, 0, $23, $8E, 3, $EF, $BE,	3, $EF,	$BE, 0,	$AA, $AA, 2, $AA
5400 00	A0 80+	      .BYTE $AA, 2, $23, $8E, $E, $EF, $BE, $E,	$EF, $BE, 2, $AA, $AA, 2, $AA, $AA
5400 00	AA AA+	      .BYTE 2, $23, $8E, $E, $EF, $BE, $E, $EF,	$BE, 2,	$AA, $AA, 2, $AA, $AA, $95
5400 00	3F FF+	      .BYTE 5, $55, $55, 5, $55, $55, 5, $55, $55, 5, $55, $55,	0, 0, 0, 0
5400 00	0F FF+	      .BYTE 0, 0, 0, 0,	0, 0, 0, 0, 0, 0, 0, 0,	0, 0, 0, 0
5400 00	00 55+	      .BYTE 0, 0, 0, 0,	0, 0, 0, 0, 0, 0, 0, 0,	0, 0, 0, 0
5400 00	00 15+	      .BYTE 0, 0, 0, 0,	0, 0, 0, 0, 0, 0, 0, 0,	0, 0, 0, $84
5400 00	00 00+	      .BYTE 0, $28, 0, 0, $A5, 0, 2, $A5, $40, 3, $A9, $55, 3, $AA, $55, 3
5400 00	00 00+	      .BYTE $EA, $AA, 0, $FE, $AA, 0, $3F, $FF,	0, 2, $AA, 0, $A, $FF, 0, $2A
5400 00	00 00+	      .BYTE $EA, 0, $AA, $E2, 2, $AA, $E6, 3, $AA, $EA,	1, $EA,	$FF, 2,	$7E, $AA
5400 00	00 00+	      .BYTE $A,	$C3, $AA, $2B, 0, $EA, $AC, 1, $15, $5A, $A9, $40, $3F,	$FD, $40, $93
5400 00	00 00+	      .BYTE 0, $10, $2A, 0, 4, $A9, 0, 1, $A4, 0, 2, $A4, 0, 3,	$A9, 0
5400 90	00 0A+	      .BYTE 0, $EA, 0, 0, $3F, 0, 0, 5,	0, 0, $2A, 0, 0, 5, 0, 0
5400 AA	00 2A+	      .BYTE $2A, 0, 0, 5, 0, 0,	0, 0, 0, 0, 0, 0, 0, 0,	0, 0
5400 AA	00 AF+	      .BYTE 0, 0, 0, 0,	0, 0, 0, 0, 0, 0, 0, 0,	0, 0, 0, $8C
5400 FA	02 AE+	      .BYTE $10, 0, $2A, 6, $A9, $AF, 7, $F6, $BA, $10,	$A, $EA, 0, $E,	$BF, 0
5400 BA	02 AC+	      .BYTE 3, $AA, 0, 0, $EA, 0, 0, $15, 0, $A, $AA, 0, $2B, $FF, 0, $3A
5400 3A	03 AD+	      .BYTE $EA, 0, $2E, $BF, 0, $AB, $AA, 2, $BC, $FF,	$A, $C0, $15, $2B, 0, 0
5400 7A	0B AE+	      .BYTE $14, 0, 0, $3A, 0, $50, $F,	$A1, 0,	0, $F9,	$50, 0,	$D, $50, $8F
5400 BA	0A EF+	      .BYTE 0, 0, $AA, 0, $A, $A, 0, $28, $AA, 0, $EA, $AA, 2, $FA, $AA, $E
5400 FA	2A FA+	      .BYTE $FF, $AA, $B, $BF, $FF, $3A, $C5, $FF, $2E,	0, $55,	$2B, 0,	$2A, $3A, 2
5400 AB	2B 0E+	      .BYTE $8A, $2F, $E, $AA, $2A, $F,	$EA, $3F, 1, $7F, $2A, 0, $15, $2F, 0, $2A
5400 AE	9C 02+	      .BYTE $3A, 0, $8A, $2B, 3, $AA, $2D, 3, $EA, $35,	$40, $7F, 5, $50, $15, $95
5400 AE	90 02+	      .BYTE 0, 2, $AA, 0, $A, $AA, 0, $3A, $AA,	0, $3E,	$AF, 0,	$3F, $FF, 0
5400 BA	A0 03+	      .BYTE 7, $F5, 0, 1, $50, 0, 2, $B0, 0, 2,	$B0, 0,	2, $B0,	0, 2
5400 BA	E8 00+	      .BYTE $B0, 0, 2, $B0, 0, 2, $B0, 0, 2, $B0, 0, 2,	$B0, 0,	2, $B0
5400 FF	3A 08+	      .BYTE 0, 2, $B0, 0, 3, $F0, 0, 2,	$A0, 0,	3, $F0,	0, 2, $A0, $95
5400 15	0E AA+	      .BYTE 0, 2, $B0, 0, 2, $B0, 0, 2,	$B0, 0,	2, $B0,	0, 2, $B0, 0
5400 00	03 9A+	      .BYTE 2, $B0, 0, 2, $B0, 0, 2, $B0, 0, 2,	$B0, 0,	2, $B0,	0, 2
5400 00	00 DA+	      .BYTE $B0, 0, 3, $F0, 0, 0, $40, 0, 1, $50, 0, 1,	$50, 0,	7, $74
5400 00	00 2A+	      .BYTE 0, 0, 0, 0,	0, 0, 0, 0, 0, 0, 0, 0,	0, 0, 0, $90
5400 00	00 00+	      .BYTE 0, 0, $2A, 0, 0, 5,	0, 0, $2A, 0, 0, 5, 0, 0, $2A, 0
5400 00	00 00+	      .BYTE 0, $AA, 0, 2, $80, 0, 2, $95, 0, 3,	$AA, 0,	0, $EA,	0, 0
5400 00	8F 00+	      .BYTE $3F, 0, 0, 1, 0, 0,	1, 0, 0, 9, 0, 0, 5, 0,	0, 4
5400 00	BA 00+	      .BYTE 0, 0, 8, 0,	0, 0, 0, 0, 0, 0, 0, 0,	0, 0, 0, $92
5400 00	BA 00+	      .BYTE 1, $42, $AA, 4, $52, $A, 5,	$52, $AA, 5, $52, $5A, 5, $52, $A8, 5
5400 02	BA 00+	      .BYTE $5E, $A9, 5, $5E, $AA, 5, $53, $FF,	5, $50,	$55, 5,	$50, 0,	5, $50
5400 02	BA 00+	      .BYTE 0, 1, $40, 0, 0, 0,	0, 0, 0, 0, 0, 0, 0, 0,	0, 0
5400 0A	BA 82+	      .BYTE 0, 0, 0, 0,	0, 0, 0, 0, 0, 0, 0, 0,	0, 0, 0, $8C
5400 0A	BF 8B+	      .BYTE 0, 0, 0, 0,	0, 0, 0, $50, $40, 1, 4, $10, 1, 1, 4, 3
5400 2A	AA 9C+	      .BYTE 1, 1, $E, $C0, $41,	$E, $C0, $41, 3, 0, $41, 0, 0, $4A, 0, 0
5400 3E	AA 98+	      .BYTE $A2, 0, 2, $A6, 0, 3, $AA, 0, 3, $FA, 0, 0,	$FF, 0,	0, $F
5400 2B	AA 3A+	      .BYTE 0, 0, 2, 0,	0, 2, 0, 0, 2, 0, 0, 0,	0, 0, 0, $93
5400 AC	FF 0D+	      .BYTE 0, 0, $11, 0, 0, $AA, 0, 2,	9, 0, 8, $24, 0, 8, $A4, 0
5400 B0	55 01+	      .BYTE $2A, $A9, 0, $EA, $80, 0, $7A, $15,	0, $3A,	$51, 0,	$FE, $51, 0, $7F
5400 C0	15 00+	      .BYTE $55, 0, $3F, $55, 0, $F, $55, 0, $F, $45, 0, 3, 5, 0, 0, $D
5400 00	05 00+	      .BYTE 0, 0, $F, 0, 0, $F,	0, 0, 0, 0, 0, 0, 0, 0,	0, $92
5400 00	00 00+	      .BYTE 0, 0, $2A, 0, 0, 0,	0, 2, $AA, 0, 7, $66, 0, 3, $FF, 0
5400 00	00 00+	      .BYTE 0, 0, 0, 0,	$FF, 0,	2, $AA,	0, $A, $FF, 0, $2B, $AA, 0, $AE
5400 00	00 00+	      .BYTE $AA, 2, $BA, $FA, 6, $EA, $EE, 6, $EA, $EB,	$26, $BA, $EA, $27, $AE, $EA
5400 00	00 00+	      .BYTE $29, $EB, $E5, $2B,	$3A, $AE, $2B, $E, $AE,	$2B, $E, $A0, $2B, $E, $AA, $95
5400 00	00 00+	      .BYTE $2B, $E, $AA, $2B, $E, $AA,	$2B, 3,	$AF, $2B, 3, $AE, $2B, 3, $AE, $2B
5400 00	00 00+	      .BYTE 0, $AE, $2B, 0, $AE, $2B, 0, $AF, 5, 0, $AA, $E, $80, $AA, 3, $A0
5400 00	00 00+	      .BYTE $AA, 0, $E8, $9A, 0, $3A, $6A, 0, $E, $56, 0, $B, $56, 0, $3A, $9A
5400 00	00 8D+	      .BYTE 0, $3F, $AA, 0, $1F, $FA, 0, 7, $FF, 0, 1, $7F, 0, 0, 0, $90
5400 00	02 AA+	      .BYTE 0, 0, $A, 0, 0, $22, 0, 0, $82, 0, 0, $89, 0, 2, $A4, 0
5400 00	02 AA+	      .BYTE $13, $A4, 0, 7, $A4, 0, $13, $E9, 0, 0, $FA, 0, 0, $FF, 0, 0
5400 00	0A AA+	      .BYTE $3F, 0, 0, $F, 0, 0, 1, 0, 0, 6, 0,	0, 1, 0, 0, 6
5400 00	0A 55+	      .BYTE 0, 0, 1, $A, 0, $A,	$20, $80, $22, $8A, $20, $82, $AA, $AF,	$8A, $95
5400 00	0B AA+	      .BYTE $A0, $AA, $AA, $A5,	$BA, $EA, $EA, $BF, $FA, $FA, $F0, $FF,	$3F, $C0, $3F, $F
5400 00	1B 9A+	      .BYTE 0, $F, 0, 0, 1, 0, 0, 6, 0,	0, 1, 0, 0, 6, 0, 0
5400 00	2B 9A+	      .BYTE 1, 0, 0, $A, 0, $10, $28, 0, 4, $A9, 0, 1, $AA, 0, 0, $88
5400 00	1B AA+	      .BYTE 0, 0, $D9, 0, 1, $FA, 0, 4,	$FC, 0,	$10, $3D, 0, 0,	$F, $95
5400 00	2A 00+	      .BYTE 0, 0, $AA, 0, 2, $AA, 0, $F, $FF, 0, $AA, $AA, $A, $AA, $AA, $20
5400 00	1A AA+	      .BYTE $AA, $FA, $82, $AA,	$A, $8A, $2A, $A, $AA, $6A, $FA, $EF, $FE, $AA,	$F5, $57
5400 00	2A AA+	      .BYTE $AA, $F7, $77, $EA,	$F5, $57, $FF, $37, $74, $FF, 5, $54, 0, 7, $74, 0
5400 00	1A 95+	      .BYTE 4, $44, 0, 0, 0, 0,	0, 0, 0, 0, 0, 0, 0, 0,	0, $91
5400 00	0A BA+	      .BYTE 0, 0, 3, 0,	0, 3, 0, 0, 3, 0, 0, 3,	0, 0, $F, 0
5400 00	0E 80+	      .BYTE 0, $F, 0, 0, $F, 0,	0, $F, 0, 0, $A, 0, 0, $AA, 0, $A
5400 00	03 AA+	      .BYTE $AA, 0, $20, $AA, 0, $82, $BE, 0, $8A, $EE,	2, $B, $AE, 2, $2E, $AE
5400 00	00 FF+	      .BYTE 2, $2E, $AE, 2, $BA, $AE, $A, $BA, $AE, $A,	$BF, $FE, $A, $AA, $AA,	$95
5400 00	00 15+	      .BYTE $A,	$28, $82, $1A, $69, $96, $A, $AA, $AA, $A, $BF,	$FE, $A, $BA, $AE, 2
5400 00	00 00+	      .BYTE $BA, $AE, 2, $AE, $AE, 3, $AE, $AE,	3, $AB,	$AE, 0,	$EA, $EE, 0, $FA
5400 00	00 00+	      .BYTE $BE, 0, $3E, $AA, 0, $F, $EA, 0, 3,	$FF, 0,	0, $3F,	0, 0, 1
5400 00	00 00+	      .BYTE 0, 0, 1, 0,	0, 4, 0, 0, $10, 0, 0, 0, 0, 0,	0, $93
5400 00	00 00+	      .BYTE 0, $EA, $AA, 0, $3F, $FF, 0, 2, $C0, 0, 2, $C0, 0, 2, $C0, 0
5400 91	00 00+	      .BYTE 2, $C0, 0, 2, $C0, 0, 1, $40, 2, $AA, $AA, 2, $FD, $7F, 2, $C1
5400 05	00 00+	      .BYTE $40, 2, $C1, 0, 2, $C0, 0, 2, $C4, 0, $A, $AA, $AA,	$B, $FF, $FF
5400 3F	00 00+	      .BYTE $B,	$AA, $AA, $B, $AA, $AA,	$B, $AA, $AA, $B, $FF, $FF, $A,	$AA, $AA, $95
5400 05	00 02+	      .BYTE 0, 0, $E, 0, 0, $3A, 0, 0, $3A, $40, 0, $AA, $44, 2, $22, $50
5400 AA	00 2B+	      .BYTE 2, $66, $60, $B, $AA, $68, $2B, $EA, $3A, $AC, $3A,	$D, $B0, $3A, 1, $C0
5400 FF	00 2E+	      .BYTE $3F, 0, 0, $AA, 0, 2, $DF, 0, $B, $DF, 0, $2F, $DF,	0, $BF,	$DF
5400 AA	00 2E+	      .BYTE 2, $BF, $DF, $A, $AA, $AA, $E, $AA,	$AA, 3,	$AA, $AA, 0, $FF, $FF, $95
5400 AA	00 AB+	      .BYTE 0, 0, $A, 0, 0, $AA, 0, 2, $A, 0, 8, $2A, 0, 8, $AA, 0
5400 AA	00 BA+	      .BYTE $2A, $A0, 0, $28, $85, 0, $29, $91,	0, $38,	$91, 0,	$3D, $95, 0, $3F
5400 FF	00 AE+	      .BYTE $D5, 0, $3C, $D5, 0, $3D, $D4, 0, $3C, $C5,	0, $D, 5, 0, 0,	1
5400 AA	02 AF+	      .BYTE 0, 0, $3E, 0, 2, $AF, 0, $A, $AB, 0, $2B, $AA, 0, $AE, $EA,	$95
5400 AA	02 B0+	      .BYTE 0, $BA, $BA, 0, $AE, $EB, 0, $EB, $AE, 0, $BA, $BA,	0, $BE,	$EA, 0
5400 FF	0A C0+	      .BYTE $B2, $BA, 0, $B2, $AE, 0, $B2, $2B,	0, $B2,	$6A, 0,	$B2, $AA, 0, $B3
5400 05	2B 00+	      .BYTE $FF, 0, $B0, $55, 0, $30, 0, 3, $70, 0, 3, $70, 0, 3, $70, 0
5400 3F	14 00+	      .BYTE 0, $C0, 0, 0, 0, 0,	0, 0, 0, 0, 0, 0, 0, 0,	0, $8C
5400 05	16 00+	      .BYTE 0, $2A, $AA, 0, $A8, $A, 2,	$AB, $BA, 2, $AB, $BA, 3, $A9, $5A, 0
5400 3F	0E 80+	      .BYTE $EA, $AA, 0, $3A, $A0, 0, $E, $AE, 0, 3, $A5, 0, 0,	$EA, 0,	0
5400 05	03 A3+	      .BYTE $3A, 2, $20, $F, 2,	$60, 1,	0, $40,	$A, 0, $40, 1, 2, $AA, $AA
5400 00	00 EC+	      .BYTE $A,	$BF, $FF, $2A, $EA, $AA, $3A, $BA, $AA,	$E, $AE, $AA, $B, $AB, $AA, $95
5400 00	00 3F+	      .BYTE $B,	$EA, $EA, $B, $3A, $BF,	$B, $E,	$AA, $B, 3, $FF, $B, 0,	5, $B
5400 C0	00 0F+	      .BYTE 0, $2A, $B,	0, 5, $B, 0, $2A, $B, 0, 5, $B,	0, $2A,	$B, 0
5400 00	91 00+	      .BYTE 5, $B, 0, $2A, $B, 0, 5, $B, 0, 0, $B, 0, 0, 5, 0, 0
5400 00	AA 00+	      .BYTE $A,	$85, 0,	$E, $94, 0, 3, $D5, $40, 3, $D5, $40, 0, $D5, 0, $8D
5400 00	AA 00+	      .BYTE 0, 2, $AA, 0, $A, $FF, 0, $2B, $AA,	0, $3A,	$EA, 0,	$E, $BA, 0
5400 00	FF 00+	      .BYTE $B,	$AF, 0,	$A, $EA, 0, $A,	$FF, 0,	$A, $C0, 0, $A,	$C0, 0,	$A
5400 00	15 00+	      .BYTE $C0, 0, $A,	$C0, 0,	$A, $C0, 0, $A,	$C0, 0,	$A, $C0, 0, $A,	$C0
5400 02	AA 00+	      .BYTE 0, $A, $C0,	0, $A, $C0, 0, $A, $C0,	0, $A, $C0, 0, $A, $C0,	$95
5400 0A	AA 00+	      .BYTE 0, $A, $C0,	0, 5, 0, 0, $B,	0, 0, $B, 0, 0,	$B, 0, 0
5400 2A	AA 00+	      .BYTE $B,	0, 0, $B, 0, 0,	$B, 0, 0, $B, 0, 0, $B,	0, 0, $B
5400 FF	FF 00+	      .BYTE 0, 0, $B, 0, 0, $B,	0, 0, $B, 0, 0,	$B, 0, 0, $B, 0
5400 EA	AA 00+	      .BYTE 0, 5, 0, 0,	$B, 0, 0, $2B, $C0, 0, $2B, $C0, 0, $11, $40, $95
5400 E9	56 00+	      .BYTE 0, 2, $AA, 0, $A, $AA, 0, $A, $A, 0, $E, $8A, 0, $F, $AA, 0
5400 EB	AE 00+	      .BYTE $F,	$EA, 0,	$F, $FF, 0, $F,	$D5, 0,	$F, $55, 0, $D,	$57, 0,	5
5400 78	02 00+	      .BYTE $5E, 0, 1, $7A, 0, 0, $7A, 0, 0, $3A, 0, 0,	$3A, 0,	0, $3A
5400 9E	AA 00+	      .BYTE 0, $AA, $BA, 2, $AA, $BA, 2, $AA, $BA, 3, $AA, $AE,	3, $EA,	$AB, $95
5400 A7	95 00+	      .BYTE 3, $FA, $AA, 1, $7E, $AA, $E, $9F, $FF, $E,	$9F, $33, $E, $9F, $77,	$E
5400 A9	40 00+	      .BYTE $9F, $FF, $E, $9F, $3F, $E,	$BF, $7F, $E, $BF, $FF,	$E, $BF, $55, $E, $BD
5400 AB	C0 00+	      .BYTE $55, $E, $B5, $57, $E, $95,	$5F, $E, $95, $7E, $E, $95, $7E, $E, $80, $3A
5400 8B	C0 00+	      .BYTE $E,	$80, $3A, $E, $80, $3A,	$E, $80, $3A, $E, $8A, $BA, $E,	$A2, $AE, $95
5400 9B	C0 00+	      .BYTE $E,	$B6, $2B, 1, $7E, $62, $E, $BF,	$A6, $E, $BF, $FF, $E, $BF, $55, $E
5400 AF	00 00+	      .BYTE $BD, $55, $E, $B5, $F5, $E,	$97, $FD, $E, $83, $FC,	$E, $83, $BC, $E, $83
5400 AF	00 00+	      .BYTE $AC, $E, $83, $AC, $E, $83,	$AC, $E, $83, $AC, $E, $83, $AC, $E, $83, $AC
5400 AF	00 95+	      .BYTE $E,	$43, $AC, $D, $43, $AC,	$D, $53, $AC, 1, $55, $AC, 0, $15, $AC,	$95
5400 00	AC 00+	      .BYTE 0, 3, $AC, 0, 3, $AC, 0, 0,	$50, 0,	3, $A0,	0, 3, $A0, 0
5400 00	AC 00+	      .BYTE 3, $A0, 0, 3, $A0, 0, 3, $A0, 0, 3,	$A0, 0,	3, $A0,	0, 3
5400 00	AC 00+	      .BYTE $A0, 0, 3, $A0, 0, 3, $A0, 0, 3, $A0, 0, 3,	$A0, 0,	3, $A0
5400 00	50 00+	      .BYTE 0, 3, $A0, 0, $2B, $B8, 0, $3A, $EC, 0, $3E, $BC, 0, 5, $50, $95
5400 00	50 00+	      .BYTE 0, 0, 0, 0,	0, 0, 0, 0, 0, 0, $F1, $80, $F,	$FF, $F8, $FF
5400 00	AC 00+	      .BYTE $FF, $FF, $33, $CF,	$F0, 1,	$81, $C0, 0, 0,	0, 0, 0, 0, 0, 0
5400 00	AC 00+	      .BYTE 0, 0, 0, 0,	0, 0, 0, 1, $C6, 0, $1F, $FF, $F0, $FF,	$FF, $FF
5400 00	AC 00+	      .BYTE $F,	$FC, $78, 0, $E0, 0, 0,	0, 0, 0, 0, 0, 0, 0, 0,	0
5400 00	8C 00+	      .BYTE 0, 0, 0, 0,	0, 0, 0, 0, 0, 0, $3E, 0, $3F, $FF, $E0, $FF
5400 00	9C 00+	      .BYTE $FF, $FF, 7, $F9, $FC, 0, $60, $30,	0, 0, 0, 0, 0, 0, 0, 0
5400 00	AC 00+	      .BYTE 0, 0, 0, 0,	0, 0, 0, 0, $39, $80, 7, $FF, $F8, $FF,	$FF, $FF
5400 00	AC 00+	      .BYTE $3E, $7F, $F0, 0, $1E, 0, 0, 0, 0, 0, 0, 0,	0, 0, 0, 0
5400 00	AC 00+	      .BYTE 1, $80, 0, 0, $C0, 0, 0, $F0, 0, 0,	$7C, 0,	0, $1E,	0, $C0
5400 00	AC 00+	      .BYTE $1F, 0, $60, $F, 0,	$38, 7,	$80, $3E, 3, $C0, $1F, 3, $C0, $1F, $83
5400 00	8C 00+	      .BYTE $F0, $F, $81, $F8, 7, $C0, $78, 1, $C0, $1C, 0, $60, $E, 0,	$78, 3
5400 00	9C 00+	      .BYTE 0, $3E, 0, 0, $3E, 0, 0, $F, 0, 0, 3, 0, 0,	1, $80,	0
5400 00	AC 00+	      .BYTE 1, $80, 0, 0, $C0, 0, 0, $F0, 0, 0,	$78, 0,	0, $3C,	0, $C0
5400 00	AC 00+	      .BYTE $1E, 0, $70, $1F, 0, $38, $F, $C0, $3C, 7, $E0, $1E, 3, $F0, 7, $80
5400 00	50 00+	      .BYTE $F8, 3, $C0, $78, 1, $C0, $7C, 1, $E0, $1C,	1, $E0,	$E, 0, $F0, 3
5400 00	EC 00+	      .BYTE 0, $7C, 0, 0, $3E, 0, 0, $E, 0, 0, 3, 0, 0,	1, $80,	0
5400 03	BB 00+	      .BYTE 4, 0, $40, 6, 0, $C0, 6, 0,	$C0, $E, 1, $C0, $E, 1,	$E0, $1F
5400 95	50 00+	      .BYTE 1, $E0, $F,	1, $E0,	$F, 1, $E0, 7, 0, $F0, 7, 0, $F0, 7, 0
5400 00	FC 00+	      .BYTE $F0, $F, $80, $F0, $F, $80,	$F0, $F, $81, $E0, $1F,	1, $E0,	$1F, 1,	$E0
5400 00	50 00+	      .BYTE $E,	1, $E0,	$E, 0, $C0, 6, 0, $C0, 6, 0, $40, 2, 0,	$40, 0
5400 00	AA A0+	      .BYTE 2, 0, $80, 6, 0, $C0, 6, 0,	$C0, 7,	1, $C0,	7, 1, $E0, 7
5400 00	FF E8+	      .BYTE 0, $E0, $F,	0, $E0,	$F, $81, $E0, 7, $81, $E0, 7, $81, $C0,	7, $81
5400 00	AA B8+	      .BYTE $C0, $F, 3,	$C0, $F, 3, $C0, $E, 3,	$E0, $E, 1, $E0, $E, 1,	$C0
5400 00	AA B8+	      .BYTE 6, 1, $C0, 7, 0, $C0, 7, 0,	$C0, 6,	0, $80,	2, 0, $80, 0
5400 00	AA E8+	      .BYTE 0, 1, $80, 0, 3, 0,	0, $F, 0, 0, $3E, 0, 0,	$3E, 0,	0
5400 00	FF AC+	      .BYTE $7C, 3, 0, $F8, 6, 1, $E0, $1C, 3, $C0, $3C, 3, $C0, $F8, $F, $C1
5400 00	AA BA+	      .BYTE $F8, $1F, $83, $F0,	$1E, 3,	$E0, $38, 7, $C0, $70, $1F, $80, $C0, $1E, 0
5400 80	AA EA+	      .BYTE $80, $38, 0, 0, $78, 0, 0, $F0, 0, 0, $C0, 0, 1, $80, 0, 0
5400 A8	FF 3E+	      .BYTE 0, 1, $80, 0, 3, 0,	0, $F, 0, 0, $3E, 0, 0,	$7C, 0,	0
5400 A5	50 03+	      .BYTE $7C, 3, 0, $F8, $E,	3, $E0,	$1C, 7,	$C0, $7C, $F, $80, $F8,	$1F, 1
5400 E5	FC 00+	      .BYTE $F8, $1E, 1, $F8, $3E, 3, $E0, $38,	7, $C0,	$70, 7,	$80, $C0, $F, 0
5400 3B	50 00+	      .BYTE 0, $3E, 0, 0, $7C, 0, 0, $70, 0, 0,	$C0, 0,	1, $80,	0, 0
5400 0B	FC 00+	      .BYTE 0, 0, 0, 0,	0, 0, 0, 0, 0, 0, 0, 0,	0, 0, 0, 0
5400 0B	50 00+	      .BYTE 0, 0, 0, 0,	0, 0, 0, 0, $19, $C0, $F0, $FF,	$FF, $FF, $F, $E6
5400 0B	00 00+	      .BYTE $38, 0, 0, 0, 0, 0,	0, 0, 0, 0, 0, 0, 0, 0,	0, 0
5400 0B	00 00+	      .BYTE 0, 0, 0, 0,	0, 0, 0, 0, 0, 0, 0, 0,	0, 0, 0, 0
5400 F4	00 00+	      .BYTE 0, 0, 0, 0,	0, 0, 0, 0, 0, 0, 0, 0,	0, 0, 0, 0
5400 3C	00 03+	      .BYTE 0, 0, 0, 0,	0, 0, 0, 0, $1F, $1E, $7C, $FF,	$FF, $FF, $3C, $C1
5400 F0	91 00+	      .BYTE $F8, 0, 0, 0, 0, 0,	0, 0, 0, 0, 0, 0, 0, 0,	0, 0
5400 00	2A 00+	      .BYTE 0, 0, 0, 0,	0, 0, 0, 0, 0, 0, 0, 0,	0, 0, 0, 0
5400 0A	AA 00+	      .BYTE 0, 0, 0, $20, 0, 0,	$18, 0,	0, $F, 0, 0, $F, $80, 0, 7
5400 AA	AA 02+	      .BYTE $80, 0, 3, $C0, 0, 3, $E0, 0, 1, $F8, 0, 0,	$FE, 0,	0, $1E
5400 A8	2A 0A+	      .BYTE 0, 0, $F, 0, 0, 7, 0, 0, 7,	$80, 0,	7, $80,	0, 1, $E0
5400 A0	0A 2A+	      .BYTE 0, 0, $E0, 0, 0, $30, 0, 0,	$18, 0,	0, 8, 0, 0, 0, 0
5400 AE	BA 2A+	      .BYTE 0, 0, 0, $20, 0, 0,	$18, 0,	0, $1E,	0, 0, 7, 0, 0, 3
5400 AE	BA EA+	      .BYTE $80, 0, 3, $E0, 0, 1, $F0, 0, 0, $FC, 0, 0,	$7C, 0,	0, $3C
5400 AE	BA FA+	      .BYTE 0, 0, $3E, 0, 0, $1F, $80, 0, $1F, $C0, 0, $F, $E0,	0, 7, $E0
5400 A9	6A 7E+	      .BYTE 0, 1, $F0, 0, 0, $78, 0, 0,	$18, 0,	0, $C, 0, 0, 6,	0
5400 AA	AA 1F+	      .BYTE 0, 8, 0, 0,	8, 0, 0, $18, 0, 0, $1C, 0, 0, $3C, 0, 0
5400 EA	AA 07+	      .BYTE $3C, 0, 0, $3C, 0, 0, $38, 0, 0, $78, 0, 0,	$78, 0,	0, $78
5400 FF	FF 01+	      .BYTE 0, 0, $3C, 0, 0, $3C, 0, 0,	$3C, 0,	0, $3E,	0, 0, $1E, 0
5400 7F	FF 00+	      .BYTE 0, $E, 0, 0, $C, 0,	0, $1C,	0, 0, $18, 0, 0, $18, 0, 0
5400 15	55 00+	      .BYTE 0, $10, 0, 0, $18, 0, 0, $18, 0, 0,	$38, 0,	0, $3C,	0, 0
5400 00	EA 00+	      .BYTE $3C, 0, 0, $3C, 0, 0, $3E, 0, 0, $1E, 0, 0,	$1E, 0,	0, $1E
5400 00	3F 00+	      .BYTE 0, 0, $3E, 0, 0, $3C, 0, 0,	$3C, 0,	0, $3C,	0, 0, $18, 0
5400 00	EA 00+	      .BYTE 0, 8, 0, 0,	8, 0, 0, $18, 0, 0, $18, 0, 0, 8, 0, 0
5400 00	3F 00+	      .BYTE 0, 0, 6, 0,	0, $1C,	0, 0, $78, 0, 0, $F0, 0, 0, $F0, 0
5400 00	EA 00+	      .BYTE 1, $F0, 0, 1, $E0, 0, 3, $80, 0, 7,	0, 0, $1F, 0, 0, $3E
5400 00	3F 00+	      .BYTE 0, 0, $7E, 0, 0, $F8, 0, 1,	$E0, 0,	7, $C0,	0, $F, 0, 0
5400 00	00 94+	      .BYTE $E,	0, 0, $1C, 0, 0, $1C, 0, 0, $38, 0, 0, $20, 0, 0, 0
5400 00	00 2A+	      .BYTE 0, 0, 6, 0,	0, $1C,	0, 0, $3C, 0, 0, $F8, 0, 1, $F0, 0
5400 00	00 BF+	      .BYTE 1, $F0, 0, 3, $E0, 0, 7, $C0, 0, $1F, 0, 0,	$3F, 0,	0, $7E
5400 00	02 EA+	      .BYTE 0, 0, $7C, 0, 0, $F8, 0, 1,	$E0, 0,	1, $C0,	0, 3, $C0, 0
5400 00	02 E0+	      .BYTE $F,	$80, 0,	$1F, 0,	0, $1E,	0, 0, $38, 0, 0, $20, 0, 0, 0
5400 00	0B AF+	      .BYTE 0, $FC, 0, $E, $FF,	0, $3F,	$CF, $80, $7F, $FF, $80, $D8, $3F, $C0,	$DB
5400 00	0B 9F+	      .BYTE $A0, $F0, $D8, $2E,	$F0, $7F, $E6, $30, $3F, $F7, $BC, $C, $16, $9E, $D, $D6
5400 00	0E 9F+	      .BYTE $57, $C, $16, $9E, $3F, $F7, $BC, $7F, $E6,	$30, $D8, $2E, $F0, $DB, $A0, $F0
5400 00	2E 95+	      .BYTE $D8, $3F, $C0, $7F,	$FF, $80, $3F, $CF, $80, $E, $FF, 0, 0,	$FC, 0,	0
5400 00	2B AA+	      .BYTE 0, 0, 0, 0,	0, 0, 0, 0, 0, 0, 0, 0,	0, 0, 0, 1
5400 00	6A FF+	      .BYTE $83, 0, 3, $EF, $D0, $F, $FF, $BC, $3E, 3, $AE, $70, $FD, $AB, $D6,	$FE
5400 02	6A AA+	      .BYTE $AE, $D6, $FE, $BC,	$D6, $FE, $B0, $70, $FE, $80, $3E, $FE,	$80, 0,	$FE, 0
5400 0A	6A FF+	      .BYTE 0, $F8, 0, 0, 0, 0,	0, 0, 0, 0, 0, 0, 0, 0,	0, 0
68C0 FF	60 FF+unused_68c0:.BYTE	$FF, $60, $FF, 0, $FF, 0, $FF, $C, $4A,	$60, $FF, $60, $FF, 0, 0, 0
68C0 00	FF 00+	      .BYTE $60, $60, $FF, 0, $FF, 0, $FF, 0, $FF, 0, $FF, 0, $FF, 1, $FF, $C
68C0 FF	0C 4A+	      .BYTE $60, 0, $FF, 0, $FF, 0, $FF, 0, 0, 0, $FF, $40, 0, 0, $FF, 0
68C0 60	FF 60+	      .BYTE $FF, $60, $60, 0, $FF, 0, $FF, 0, $60, 0, 0, 0, $71, 0, 0, $10
6900 00	00	      .BYTE 0, 0
6902 55	56 56+	      .BYTE $55, $56, $56, $56,	$56, $56, $56, $56, $56, $56, $56, $56,	$56, $56, $56, $56
6902 56	56 56+	      .BYTE $56, $56, $56, $57,	$FF
6917 02	00	      .BYTE 2, 0
6919 7C	30 30+	      .BYTE $7C, $30, $30, $30,	$30, $30, $30, $30, $30, $30, $30, $30,	$30, $30, $30, $31
6919 30	30 30+	      .BYTE $32, $33, $32, $34,	$33, $35, $36, $37, $30, $30, $30, $30,	$30, $30
6937 02	26	      .BYTE 2, $26
6939 30	7C FF	      .BYTE $30, $7C, $FF
693C 04	00	      .BYTE 4, 0
693E 58	59 59+	      .BYTE $58, $59, $59, $59,	$59, $59, $59, $59, $59, $59, $59, $59,	$59, $59, $59, $59
693E 59	59 59+	      .BYTE $59, $59, $59, $7A,	$7B, $FF
6954 50	      DecelerationNeg_:.BYTE $50	  ; StartGame+156↑r
6955 D0	      Acceleration_:.BYTE -$30		  ; StartGame+15B↑r
6956 B0	      Deceleration_:.BYTE -$50		  ; StartGame+160↑r
6957 30	      AccelerationNeg_:.BYTE $30	  ; StartGame+165↑r
6958 02	02    GameOn_txt:.BYTE 2, 2		  ; Game on!
695A 40	0A 42+	      .BYTE $40, $A, $42, $E, $30, $18,	$17, $25, $30, $FF
6964 02	02    Continue_txt:.BYTE 2, 2		  ; Continue
6966 3C	18 17+	      .BYTE $3C, $18, $17, $1D,	$12, $17, $1E, $E, $30,	$30, $FF
6971 02	02    GameOver_txt:.BYTE 2, 2		  ; Game over
6973 40	0A 42+	      .BYTE $40, $A, $42, $E, $30, $18,	$1F, $E, $1B, $FF
697D 02	02    Transfer_txt:.BYTE 2, 2		  ; Transfer
697F 4D	1B 0A+	      .BYTE $4D, $1B, $A, $17, $1C, $F,	$E, $1B, $30, $30, $FF
698A 02	02    Mobile_txt:.BYTE 2, 2		  ; Mobile
698C 46	18 0B+	      .BYTE $46, $18, $B, $12, $15, $E,	$30, $30, $30, $30, $FF
6997 02	02    Weapon_txt:.BYTE 2, 2		  ; Weapon
6999 50	0E 0A+	      .BYTE $50, $E, $A, $19, $18, $17,	$30, $30, $30, $30, $FF
69A4 02	02    Deadlock_txt:.BYTE 2, 2		  ; Deadlock
69A6 3D	0E 0A+	      .BYTE $3D, $E, $A, $D, $15, $18, $C, $14,	$30, $30, $FF
69B1 02	02    Colour_txt:.BYTE 2, 2		  ; Colour
69B3 3C	18 15+	      .BYTE $3C, $18, $15, $18,	$1E, $1B, $30, $30, $30, $30, $FF
69BE 02	02 3F+Finish_txt:.BYTE 2, 2, $3F, $12, $17, $12, $1C, $11, $30,	$2E, 9,	9, $FF
69BE 12	17 12+					  ; xferDoCounter+15↑w
69BE 1C	11 30+					  ; xferDoCounter+1C↑w
69BE 2E	09 09+					  ; Finish-??
69CB 02	02    Captured_txt:.BYTE 2, 2
69CD 3C	0A 19+	      .BYTE $3C, $A, $19, $1D, $1E, $1B, $E, $D, $30, $30, $FF
69D8 02	02    BlkWhte_txt:.BYTE	2, 2		  ; Blk~whte
69DA 3B	15 14+	      .BYTE $3B, $15, $14, $2E,	$50, $11, $1D, $E, $30,	$FF
69E4 02	02    Console_txt:.BYTE	2, 2
69E6 3C	18 17+	      .BYTE $3C, $18, $17, $1C,	$18, $15, $E, $30, $30,	$30, $FF
69F1 02	02    BurntOut_txt:.BYTE 2, 2
69F3 3B	1E 1B+	      .BYTE $3B, $1E, $1B, $17,	$1D, $30, $48, $1E, $1D, $FF
69FD 02	02    Complete_txt:.BYTE 2, 2
69FF 3C	18 42+	      .BYTE $3C, $18, $42, $19,	$15, $E, $1D, $E, $30, $FF
6A09 02	02    Rejected_txt:.BYTE 2, 2
6A0B 4B	0E 13+	      .BYTE $4B, $E, $13, $E, $C, $1D, $E, $D, $30, $30, $FF
6A16 02	02    Briefing_txt:.BYTE 2, 2
6A18 3B	1B 12+	      .BYTE $3B, $1B, $12, $E, $F, $12,	$17, $10, $30, $30, $FF
6A23 00	00 00+	      .BYTE 0, 0, 0, 0,	$FF, 0,	0, $FF,	0, $FA,	$31
6A2E 07	AC 00+PlayerSprite_dat:.BYTE 7,	$AC, 0,	$AC, $FF, 0, 0,	0, 0, $F1, $4F
6A39 07	AC 00+PlyExplodeSpr_dat:.BYTE 7, $AC, 0, $AC, $FF, 0, 0, $FF, 0, $F7, $39
6A44 0F	06 00+ColorSets:.BYTE $F, 6, 0,	$C, $B,	$B, 8, $B, $C, 1, 0, 0 ; 0 - B&W
6A50 0E	0F 07+	      .BYTE $E,	$F, 7, 4, 0, $E, $B, 6,	7, 1, 6, 0
6A5C 07	08 01+	      .BYTE 7, 8, 1, 2,	8, $F, 2, 9, 5,	1, 9, 0
6A68 0D	0F 01+	      .BYTE $D,	$F, 1, 5, 0, $D, 6, 5, 5, 1, 0,	0
6A74 0A	07 08+	      .BYTE $A,	7, 8, 2, 9, $A,	7, 2, 4, 1, 9, 0
6A80 03	0C 0E+	      .BYTE 3, $C, $E, 6, 0, $B, 7, $B,	5, 1, $B, 0
6A8C 0F	08 01+	      .BYTE $F,	8, 1, $B, 0, $B, $E, $B, 7, 1, 2, 0
6A98 0B	00 0F+	      .BYTE $B,	0, $F, 7, 7, $B, $E, 0,	8, $C, $C, 0 ; 7 - deck	cleared
6AA4 00	01 02+NumDataOffset:.BYTE 0, 1,	2, 24, 25, 26, 48, 49, 50, 72
6AA4 18	19 1A+					  ; BuildDroidSprite+5↑r
6AA4 30	31 32+					  ; BuildDroidSprite+3F↑r
6AA4 48						  ; BuildDroidSprite+65↑r
6AAE 7C	3C FC+NumData:.BYTE $7C, $3C, $FC	  ; BuildDroidSprite+29↑r
6AAE FE	7C FE+					  ; BuildDroidSprite+51↑r
6AAE 00	1C 0E+					  ; BuildDroidSprite+77↑r
6AAE C6	1C 7E+	      .BYTE $FE, $7C, $FE	  ; 0-2
6AAE C6	1C FC+	      .BYTE 0, $1C, $E
6AAE C6	1C 00+	      .BYTE $C6, $1C, $7E
6AAE FE	1C FE+	      .BYTE $C6, $1C, $FC
6AAE 7C	1C FE	      .BYTE $C6, $1C, 0
6AAE		      .BYTE $FE, $1C, $FE
6AAE		      .BYTE $7C, $1C, $FE
6AC6 FE	1C FE+	      .BYTE $FE, $1C, $FE	  ; 3-5
6AC6 FC	38 FE+	      .BYTE $FC, $38, $FE
6AC6 00	70 E0+	      .BYTE 0, $70, $E0
6AC6 3C	FE FC+	      .BYTE $3C, $FE, $FC
6AC6 7E	FE FE+	      .BYTE $7E, $FE, $FE
6AC6 0E	00 00+	      .BYTE $E,	0, 0
6AC6 FE	1C FE+	      .BYTE $FE, $1C, $FE
6AC6 FC	1C FC	      .BYTE $FC, $1C, $FC
6ADE 38	FE 7C+	      .BYTE $38, $FE, $7C	  ; 6-8
6ADE 38	FE FE+	      .BYTE $38, $FE, $FE
6ADE 70	00 C6+	      .BYTE $70, 0, $C6
6ADE 70	1C 38+	      .BYTE $70, $1C, $38
6ADE CC	1C 38+	      .BYTE $CC, $1C, $38
6ADE CE	38 C6+	      .BYTE $CE, $38, $C6
6ADE FE	38 FE+	      .BYTE $FE, $38, $FE
6ADE 7C	70 7C	      .BYTE $7C, $70, $7C
6AF6 7C	FC 00+	      .BYTE $7C, $FC, 0		  ; 9
6AF6 FE	FE 00+	      .BYTE $FE, $FE, 0
6AF6 E6	0E 00+	      .BYTE $E6, $E, 0
6AF6 66	3E 00+	      .BYTE $66, $3E, 0
6AF6 1C	3C 00+	      .BYTE $1C, $3C, 0
6AF6 1C	00 00+	      .BYTE $1C, 0, 0
6AF6 38	38 00+	      .BYTE $38, $38, 0
6AF6 38	38 00	      .BYTE $38, $38, 0
6B0E 02	03 03+RotAnim_2_17L:.BYTE 2, 3,	3, 3, 3, 3, 3, 3 ; AnimateDroids+58↑r
6B0E 03	03 03+					  ; AnimateDroids+73↑r
6B16 7F	3F 9F+RotAnim_2_17M:.BYTE $7F, $3F, $9F, $CF, $E7, $F3,	$F9, $FC
6B16 CF	E7 F3+					  ; AnimateDroids+5E↑r
6B16 F9	FC					  ; AnimateDroids+6D↑r
6B1E 09	0C 0E+RotAnim_3_16L:.BYTE 9, $C, $E, $F, $F, $F, $F, $F
6B1E 0F	0F 0F+					  ; AnimateDroids+7A↑r
6B1E 0F	0F					  ; AnimateDroids+96↑r
6B26 FF	FF 3F+RotAnim_3_16M:.BYTE $FF, $FF, $3F, $8F, $E3, $F8,	$FE, $FF
6B26 8F	E3 F8+					  ; AnimateDroids+80↑r
6B26 FE	FF					  ; AnimateDroids+90↑r
6B2E E0	E0 E0+RotAnim_3_16R:.BYTE $E0, $E0, $E0, $E0, $E0, $E0,	$60, $20
6B2E E0	E0 E0+					  ; AnimateDroids+86↑r
6B36 23	38 3E+RotAnim_4_15L:.BYTE $23, $38, $3E, $3F, $3F, $3F,	$3F, $3F
6B36 3F	3F 3F+					  ; AnimateDroids+9D↑r
6B36 3F	3F					  ; AnimateDroids+B9↑r
6B3E FF	FF 3F+RotAnim_4_15M:.BYTE $FF, $FF, $3F, $8F, $E3, $F8,	$FE, $FF
6B3E 8F	E3 F8+					  ; AnimateDroids+A3↑r
6B3E FE	FF					  ; AnimateDroids+B3↑r
6B46 F8	F8 F8+RotAnim_4_15R:.BYTE $F8, $F8, $F8, $F8, $F8, $F8,	$38, $88
6B46 F8	F8 F8+					  ; AnimateDroids+A9↑r
6B4E 00	38    RotAnim_0_19M:.BYTE 0, $38	  ; AnimateDroids+C4↑r
6B4E						  ; AnimateDroids+D7↑r
6B50 00	38    RotAnim_1_18M:.BYTE 0, $38	  ; AnimateDroids+CB↑r
6B50						  ; AnimateDroids+DE↑r
6B52	      ;	(-1,-2)	(1,-2) (0,-1) (0,1) (-1,2) (1,2) (-2,-1) (-1,0)	(-2,1) (2,-1) (1,0) (2,1)
6B52
6B52	      ;	.0.1.
6B52	      ;	6.2.9
6B52	      ;	.7xA.
6B52	      ;	8.3.B
6B52	      ;	.4.5.
6B52 FF	01 00+nearXoffset:.BYTE	$FF, 1,	0, 0, $FF, 1, $FE, $FF,	$FE, 2,	1, 2
6B52 00	FF 01+					  ; GetNearChar+3↑r
6B5E FE	FE FF+nearYoffset:.BYTE	$FE, $FE, $FF, 1, 2, 2,	$FF, 0,	1, $FF,	0, 1
6B5E 01	02 02+					  ; GetNearChar+C↑r
6B6A 00	28 00+byte_0_6B6A:.BYTE	0, $28,	0, $90,	$FF, 0,	0, 0, 0, $F7
6B6A 90	FF 00+					  ; BuildIntroSprites+12↑r
6B74 18		      .BYTE  $18 ;
6B75 17		      .BYTE  $17 ;
6B76 FF		      .BYTE  $FF ;
6B77 0A	02 30+UnitType_txt:.BYTE $A, 2,	$30, $4E, $17, $12, $1D, $30, $1D, $22,	$19, $E, $30, 0, 0, 0, $FF
6B77 4E	17 12+					  ; ShowRobotType+5↑w
6B77 1D	30 1D+					  ; ShowRobotType+F↑w
6B77 22	19 0E+					  ; ShowRobotType+17↑w
6B77 30	00 00+					  ; Unit type ???
6B88 FF		      .BYTE  $FF ;
6B89 00	00 00+ConsoleSpriteSet:.BYTE 0,	0, 0, 0, 0, 0, 0, 0, 0,	0, 0
6B94 01	34 00+byte_0_6B94:.BYTE	1, $34,	0, $90,	$FF, 0,	0, 0, 0, $FF, $4F
6B94 90	FF 00+					  ; conWaitInput+18↑r
6B9F 02	34 00+	      .BYTE 2, $34, 0, $AC, $FF, 0, 0, 0, 0, $FF, $50
6BAA 03	28 00+	      .BYTE 3, $28, 0, $C8, $FF, 0, 0, 0, $FF, $FF, $A1
6BB5 04	28 00+	      .BYTE 4, $28, 0, $E0, $FF, 0, 0, 0, $FF, $FF, $A2
6BC0 05	00 00+	      .BYTE 5, 0, 0, 0,	0, 0, 0, 0, 0, 0, 0
6BCB 06	00 00+	      .BYTE 6, 0, 0, 0,	0, 0, 0, 0, 0, 0, 0
6BD6 07	00 00+	      .BYTE 7, 0, 0, 0,	0, 0, 0, 0, 0, 0, 0
6BE1 24	2C    conJump_t:.WORD con_Exit		  ; Console+10↑r Console+17↑r
6BE3 C6	2C	      .WORD con_DroidInfo
6BE5 01	30	      .WORD con_DeckInfo
6BE7 62	30	      .WORD con_ShipInfo
6BE9 79	2D    dInfoPgJump_t:.WORD DrInfo0	  ; con_DroidInfo+1A↑r
6BE9						  ; con_DroidInfo+21↑r
6BEB F0	2C	      .WORD DrInfo1
6BED 34	2D	      .WORD DrInfo2
6BEF 40	2D	      .WORD DrInfo3
6BF1 6A	2D	      .WORD DrInfo4
6BF3 CA	18    DroidModeJump:.WORD dMd0_droid	  ; RunDroids+1E↑r
6BF3						  ; RunDroids+25↑r
6BF5 49	18	      .WORD dMd1_bullet
6BF7 F4	17	      .WORD dMd2_explosion
6BF9 49	18	      .WORD dMd1_bullet
6BFB 02	02    Lift_txt:.BYTE 2,	2		  ; Lift
6BFD 45	12 0F+	      .BYTE $45, $12, $F, $1D, $30, $30, $30, $30, $30,	$30, $FF
6C08 02	02    More_txt:.BYTE 2,	2		  ; More...
6C0A 46	18 1B+	      .BYTE $46, $18, $1B, $E, $28, $28, $28, $30, $30,	$30, $FF
6C15 01	28 00+Height_txt:.BYTE 1, $28, 0, 0, $30, $42, $FF ; PrintDroidInfo+57↑w
6C15 00	30 42+					  ; PrintDroidInfo+5E↑w
6C15 FF						  ; 1.?? m
6C1C 00	00 00+Weight_txt:.BYTE 0, 0, 0,	$30, $14, $10, $FF ; PrintDroidInfo+6B↑w
6C1C 30	14 10+					  ; PrintDroidInfo+79↑w
6C1C FF						  ; PrintDroidInfo+83↑w
6C1C						  ; PrintDroidInfo+6E↑w
6C1C						  ; PrintDroidInfo+8F↑w
6C1C						  ; PrintDroidInfo+99↑w
6C1C						  ; PrintDroidInfo+9F↑w
6C23 04	      ChrAnimData1:.BYTE 4		  ; AnimAllInsideFont+6↑r
6C23						  ; AnimAllInsideFont+F↑r
6C23						  ; AnimAllInsideFont+2B↑r
6C24 60	7A	      .WORD byte_0_7A60
6C26 D0	7B	      .WORD byte_0_7BD0
6C28 61	14    ChrAnimData2:.BYTE $61, $14	  ; recharger icon
6C2A 00	3C 6E+	      .BYTE 0, $3C, $6E, 4, $20, $76, $3C, 0
6C2A 04	20 76+	      .BYTE 0, $1C, $E,	$66, $66, $70, $38, 0
6C2A 3C	00 00+	      .BYTE 0, $24, $76, $62, $46, $6E,	$24, 0
6C2A 1C	0E 66+	      .BYTE 0, $38, $78, $62, $46, $1E,	$1C, 0
6C4A 81	A0	      .BYTE $81, $A0		  ; droid icon
6C4C 3C	FF 00+	      .BYTE $3C, $FF, 0, $DB, $DB, 0, $FF, $3C
6C4C DB	DB 00+	      .BYTE $3C, $FF, 0, $DB, $DB, 0, $FF, $3C
6C4C FF	3C 3C+	      .BYTE $3C, $FF, 0, $DB, $DB, 0, $FF, $3C
6C4C FF	00 DB+	      .BYTE 0, 0, 0, 0,	0, 0, 0, 0
6C6C 43	F1    XferWire_anim:.BYTE $43, $F1
6C6E 00	00 00+	      .BYTE 0, 0, 0, $BA, $AE, 0, 0, 0
6C6E BA	AE 00+	      .BYTE 0, 0, 0, $AE, $AB, 0, 0, 0
6C6E 00	00 00+	      .BYTE 0, 0, 0, $AB, $EA, 0, 0, 0
6C6E 00	00 AE+	      .BYTE 0, 0, 0, $EA, $BA, 0, 0, 0
6C8E 41	F2	      .BYTE $41, $F2
6C90 00	00 00+	      .BYTE 0, 0, 0, $AE, $BA, 0, 0, 0
6C90 AE	BA 00+	      .BYTE 0, 0, 0, $BA, $EA, 0, 0, 0
6C90 00	00 00+	      .BYTE 0, 0, 0, $EA, $AB, 0, 0, 0
6C90 00	00 BA+	      .BYTE 0, 0, 0, $AB, $AE, 0, 0, 0
6CB0 05	09 14+liftShaftX:.BYTE 5, 9, 20, 28, 26, 23, 15, 21 ; FindLift+3B↑r
6CB8 00	03 00+liftShaftY:.BYTE 0, 3, 0,	1, 2, 7, 1, 4 ;	FindLift+30↑r
6CC0 0A	09 05+liftShaftHeight:.BYTE 10,	9, 5, 2, 6, 3, 2, 7 ; FindLift+4A↑r
6CC8 00	00 02+liftPosDeck:.BYTE	0, 0, 2, 3, 14,	15, 10,	11 ; ChangeDeck+D↑r
6CC8 03	0E 0F+					  ; FindLift+1C↑r
6CC8 0A	0B 0C+	      .BYTE 12,	0, 1, 4, 5, 6, 1, 4
6CC8 00	01 04+	      .BYTE 4, 5, 6, 7,	8, 9, 9, 14
6CC8 05	06 01+	      .BYTE 15,	1, 3, 6, 10, 11, 13
6CE7 08	00 00+liftIdx2Shaft:.BYTE 8, 0,	0, 0, 0, 0, 1, 1 ; ChangeDeck+6↑r
6CE7 00	00 00+					  ; FindLift+2A↑r
6CE7 01	01 01+	      .BYTE 1, 2, 2, 2,	2, 2, 3, 3
6CE7 02	02 02+	      .BYTE 4, 4, 4, 4,	4, 4, 5, 5
6CE7 02	02 03+	      .BYTE 5, 6, 6, 7,	7, 7, 7, 8
6D07 00	28 20+liftPosX:.BYTE 0,	40, 32,	40, 88,	88, 8, 8 ; DoLift+59↑r
6D07 28	58 58+					  ; FindLift+15↑r
6D07 08	08 18+	      .BYTE 24,	108, 84, 44, 28, 12, 128, 104
6D07 6C	54 2C+	      .BYTE 72,	56, 40,	36, 36,	64, 40,	160
6D07 1C	0C 80+	      .BYTE 160, 32, 120, 12, 132, 132,	84
6D26 00	08 0C+liftPosY:.BYTE 0,	8, 12, 20, 20, 20, 8, 8	; DoLift+35↑r
6D26 14	14 14+					  ; FindLift+E↑r
6D26 08	08 08+	      .BYTE 8, 28, 8, 20, 20, 20, 32, 20
6D26 1C	08 14+	      .BYTE 12,	12, 12,	12, 12,	12, 8, 0
6D26 14	14 20+	      .BYTE 0, 8, 20, 44, 48, 48, 44
6D45 E5	E7 E8+AlertColors:.BYTE	$E5, $E7, $E8, $E2 ; InitColors+58↑r
6D45 E2						  ; DoAlertAndAging+15↑r
6D49 FF	FC FB+LowNrgColor_t:.BYTE $FF, $FC, $FB, $F0, $FB, $FC,	$FF, $F1
6D49 F0	FB FC+					  ; AnimateDroids+FA↑r
6D49 FF	F1					  ; keep these two together
6D51 F7	F8 F2+LowNrgXferCol_t:.BYTE $F7, $F8, $F2, $FA,	$F2, $F8, $F7, $F1
6D51 FA	F2 F8+					  ; dMd1_bullet+3E↑r
6D51 F7	F1					  ; MovePlyFire+60↑r
6D51						  ; AnimateDroids+11D↑r
6D59 FF	F3 F7+SpriteColor_t:.BYTE $FF, $F3, $F7, $FA, $F3, $FD,	$FF, $F3, $FF, $FE
6D59 FA	F3 FD+					  ; BuildIntroSprites+26↑r
6D63 F6	F6 F8+SpriteMc_t:.BYTE $F6, $F6, $F8, $F8, $F5,	$F5, $F4, $FC, $FB, $F6
6D63 F8	F5 F5+					  ; BuildIntroSprites+20↑r
6D6D	      ;00 droid
6D6D	      ;20 fire
6D6D	      ;40 explosion
6D6D	      ;60 player fire
6D6D	      :80
6D6D	      ;a0
6D6D	      ;c0
6D6D	      ;e0
6D6D
6D6D	      ;droid-droid, droid-droid	fire, droid-explosion, droid-ply fire
6D6D	      ;droid fire-droid, droid fire-droid-fire,	droid fire-explosion, droid fire-ply fire
6D6D	      ;explosion-droid,	explosion-droid	fire, explosion-explosion, explosion-ply fire
6D6D	      ;ply fire-droid, ply fire-fire, ply fire-explosion, ply fire-ply fire
6D6D 08	20 20+CollisionType:.BYTE 8, $20, $20, 4, $80, $80, $80, $80
6D6D 04	80 80+					  ; GetCollisionType+C↑r
6D6D 80	80 10+	      .BYTE $10, $40, $40, $40,	$80, $80, $80, $80 ; 80	= nop, 40 = explode
6D6D 40	40 40+	      .BYTE $80, $80, $80, $80,	$80, $80, $80, $80 ; 20	= friendly fire, 10 = free sprite
6D6D 80	80 80+	      .BYTE 2, 2, 2, $80, $80, $80, $80, $80 ; 08 = reverse dir, 04 = player fire
6D8D 00	00    dirYdelta:.BYTE 0, 0		  ; GetNewDir+1A↑r
6D8F 00	01 02+dirXdelta:.BYTE 0, 1, 2, 2, 2, 1,	0, 0 ; GetNewDir+F↑r
6D97 00	05 06+PlayerSpeed_t:.BYTE 0, 5,	6, 0, 7, 0, 0, 0, 7 ; StartGame+170↑r
6D97 00	07 00+					  ; BlowInto001+62↑r
6D97 00	00 07					  ; xferInitDroid+16↑r
6DA0 2A	33 29+NewShip_txt:.BYTE	$2A, $33, $29, $5D, $5E, $5F, $60, $54,	$FE, $62, $2E, $63, $64, 0, $2E, $65, $66
6DA0 5D	5E 5F+					  ; NewShipInfo+13↑w
6DA0 60	54 FE+	      .BYTE $67, $68, $FE, $FF
6DB5 2A	33 29+ControlUnit_txt:.BYTE $2A, $33, $29, $5D,	$5E, $5F, $60, $54, $FE	; "this	is the unit that you currently control"
6DBE FF		      .BYTE 255
6DBF 2A	33 29+XferUnit_txt:.BYTE $2A, $33, $29,	$5D, $5E, $5F, $72, $2E, $54, $FE ; "this is the unit you currently wish to control"
6DC9 62	2E 71+	      .BYTE $62, $2E, $71, $FE	  ; "prepare to	transfer"
6DCD FF		      .BYTE $FF
6DCE DD	3F 33+ShipClear_txt:.BYTE $DD, $3F, $33, $DF, $DE, $2C,	$66, $A, $50, $FE ; "congratulations! ship is now clear	of all robot activity"
6DD8 E0	2C E1+	      .BYTE $E0, $2C, $E1, $F8,	$FE ; "bonus of	2000 awarded"
6DDD FF		      .BYTE $FF
6DDE 7F	3F 3F+AgingMask:.BYTE $7F, $3F,	$3F, $3F, $3F, $1F, $1F, $1F, $1F, $F
6DDE 3F	3F 1F+					  ; DoAlertAndAging+2B↑r
6DE8 00	05 0A+AlertScore:.BYTE 0, 5, 10, 25	  ; DoAlertAndAging+1B↑r
6DEC 00	19 32+ShootScore:.BYTE 0, 25, 50, 75, 100, 125,	150, 175, 200, 250
6DEC 4B	64 7D+					  ; KillDroid+12↑r
6DEC 96	AF C8+					  ; FinishTransfer1+45↑r
6DEC FA						  ; Disruptor+D5↑r
6DF6 00	0A 14+BumpScore:.BYTE 0, 10, 20, 30, 40, 50, 60, 70, 80, 200
6DF6 1E	28 32+					  ; DoCollision+FD↑r
6DF6 3C	46 50+					  ; FinishTransfer1+E↑r
6E00 0C	0C    AccessGranted_txt:.BYTE $C, $C	  ; Access granted
6E02 3A	0C 0C+	      .BYTE $3A, $C, $C, $E, $1C, $1C, $30, $10, $1B, $A, $17, $1D, $E,	$D, $28, $FF
6E12 0F	0C    Ship_txt:.BYTE $F, $C		  ; Ship  :
6E14 4C	11 12+	      .BYTE $4C, $11, $12, $19,	$30, $30, $2A, $FF
6E1C 12	0C    Deck_txt:.BYTE $12, $C		  ; Deck  :
6E1E 3D	0E 0C+	      .BYTE $3D, $E, $C, $14, $30, $30,	$2A, $FF
6E26 15	0C    Alert_txt:.BYTE $15, $C		  ; Alert :
6E28 3A	15 0E+	      .BYTE $3A, $15, $E, $1B, $1D, $30, $2A, $FF
6E30 0A	0D    Transmission_txt:.BYTE $A, $D	  ; Transmission
6E32 4D	1B 0A+	      .BYTE $4D, $1B, $A, $17, $1C, $42, $12, $1C, $1C,	$12, $18, $17, $FF
6E3F 16	0E    Terminated_txt:.BYTE $16,	$E	  ; Terminated
6E41 4D	0E 1B+	      .BYTE $4D, $E, $1B, $42, $12, $17, $A, $1D, $E, $D, $FF
6E4C 31	54 55+BulletSprite_t:.BYTE $31,	$54, $55, $30 ;	DoFire+43↑r
6E4C 30	9B 9D+					  ; AddBullet+A5↑r
6E4C 9F	99 93+	      .BYTE $9B, $9D, $9F, $99	  ;  \ | / -
6E4C 95	97 91	      .BYTE $93, $95, $97, $91
6E58 F4	00 0C BulletDisplacement_t:.BYTE $F4, 0, $C ; DoFire+4B↑r DoFire+58↑r
6E5B 08	11 12+DisruptorImmune:.BYTE 8, 17, 18, 20, 23 ;	Disruptor+37↑r
6E5B 14	17					  ; Disruptor+5D↑r
6E60 13	12 11+deckBgSndVar1:.BYTE $13, $12, $11, $14, $12, $13,	$14, $A
6E60 14	12 13+					  ; StartGame+11D↑r
6E60 14	0A 0C+	      .BYTE $C,	5, $13,	7, 9, $10, $E, $11
6E70 08	07 09+deckBgSndVar2:.BYTE 8, 7,	9, 7, 8, 9, 8, 8 ; StartGame+123↑r
6E70 07	08 09+	      .BYTE 9, 6, $C, $B, 6, 7,	8, 7
6E80 0C	0E 0B+deckBgSndVar3:.BYTE $C, $E, $B, $D, $C, $B, $C, $D ; StartGame+129↑r
6E80 0D	0C 0B+	      .BYTE $C,	$12, 8,	$A, $11, $E, $D, $E
6E90 56	45 52+	      .BYTE 'VERSION 1.0',0
6E9C FF		      .BYTE  $FF ;
6E9D FF		      .BYTE  $FF ;
6E9E 7F		      .BYTE  $7F ; 
6E9F 70		      .BYTE  $70 ; p
6EA0 FF		      .BYTE  $FF ;
6EA1 00		      .BYTE    0 ;
6EA2 FF		      .BYTE  $FF ;
6EA3 FF		      .BYTE  $FF ;
6EA4 FF		      .BYTE  $FF ;
6EA5 60		      .BYTE  $60 ; `
6EA6 FF		      .BYTE  $FF ;
6EA7 00		      .BYTE    0 ;
6EA8 00		      .BYTE    0 ;
6EA9 00		      .BYTE    0 ;
6EAA 00		      .BYTE    0 ;
6EAB 00		      .BYTE    0 ;
6EAC 20		      .BYTE  $20 ;
6EAD 00		      .BYTE    0 ;
6EAE FF		      .BYTE  $FF ;
6EAF 00		      .BYTE    0 ;
6EB0 48		      .BYTE  $48 ; H
6EB1 00		      .BYTE    0 ;
6EB2 FF		      .BYTE  $FF ;
6EB3 00		      .BYTE    0 ;
6EB4 FF		      .BYTE  $FF ;
6EB5 00		      .BYTE    0 ;
6EB6 FF		      .BYTE  $FF ;
6EB7 48		      .BYTE  $48 ; H
6EB8 FF		      .BYTE  $FF ;
6EB9 00		      .BYTE    0 ;
6EBA 60		      .BYTE  $60 ; `
6EBB 60		      .BYTE  $60 ; `
6EBC FF		      .BYTE  $FF ;
6EBD 00		      .BYTE    0 ;
6EBE FF		      .BYTE  $FF ;
6EBF FF		      .BYTE  $FF ;
6EC0	      ;	---------------	S U B R	O U T I	N E ---------------------------------------
6EC0	      Irq_254:
6EC0 48		      PHA
6EC1 A9	10	      LDA     #$10
6EC3 8D	11 D0	      STA     unk_0_D011	  ; d011
6EC6 A9	C8	      LDA     #$C8
6EC8 8D	16 D0	      STA     unk_0_D016
6ECB A9	2D	      LDA     #$2D
6ECD 8D	18 D0	      STA     unk_0_D018	  ; d018
6ED0 A9	F1	      LDA     #$F1
6ED2 8D	21 D0	      STA     unk_0_D021	  ; d021
6ED5 A9	05	      LDA     #5
6ED7 8D	19 D0	      STA     unk_0_D019	  ; d019
6EDA A9	5B	      LDA     #91
6EDC 8D	12 D0	      STA     unk_0_D012	  ; d012
6EDF A9	04	      LDA     #4		  ; 6f04 - Irq2_2
6EE1 8D	FE FF	      STA     byte_0_FFFE
6EE4 A9	6F	      LDA     #$6F
6EE6 8D	FF FF	      STA     byte_0_FFFE+1
6EE9 E6	4B	      INC     irqToggle
6EEB A9	00	      LDA     #0		  ; clear sprite pointers
6EED 8D	F8 4B	      STA     byte_0_4BF8
6EF0 8D	F9 4B	      STA     byte_0_4BF9
6EF3 8D	FA 4B	      STA     byte_0_4BFA
6EF6 8D	FB 4B	      STA     byte_0_4BFB
6EF9 8D	FC 4B	      STA     byte_0_4BFC
6EFC 8D	FD 4B	      STA     byte_0_4BFD
6EFF 8D	FE 4B	      STA     byte_0_4BFE
6F02 68		      PLA
6F03 40		      RTI
6F03	      ;	End of function	Irq_254
6F04	      ;	---------------	S U B R	O U T I	N E ---------------------------------------
6F04	      Irq_91:
6F04 48		      PHA
6F05 38		      SEC
6F06 A9	03	      LDA     #3
6F08	      _1:				  ; Irq_91+6↓j
6F08 E9	01	      SBC     #1
6F0A D0	FC	      BNE     _1
6F0C A5	5A	      LDA     bgColor
6F0E 8D	21 D0	      STA     unk_0_D021
6F11 AD	11 D0	      LDA     unk_0_D011
6F14 29	F0	      AND     #$F0
6F16 05	49	      ORA     vScroll
6F18 8D	11 D0	      STA     unk_0_D011
6F1B	      _d016Mode:			  ; TitleLoop+29↑w
6F1B						  ; GameLoop+165↑w Capture+12↑w
6F1B						  ; DoLift+7F↑w
6F1B						  ; con_ShipInfo+32↑w
6F1B						  ; GotoHires+B↑w
6F1B A9	D0	      LDA     #$D0
6F1D 05	48	      ORA     hScroll
6F1F 8D	16 D0	      STA     unk_0_D016
6F22 A9	21	      LDA     #$21
6F24 8D	18 D0	      STA     unk_0_D018
6F27 A9	01	      LDA     #1
6F29 8D	19 D0	      STA     unk_0_D019
6F2C A9	76	      LDA     #118
6F2E 8D	12 D0	      STA     unk_0_D012
6F31 A9	4C	      LDA     #$4C		  ; 6f4c - Irq2_3
6F33 8D	FE FF	      STA     byte_0_FFFE
6F36 A9	6F	      LDA     #$6F
6F38 8D	FF FF	      STA     byte_0_FFFE+1
6F3B A5	49	      LDA     vScroll
6F3D C9	06	      CMP     #6
6F3F D0	04	      BNE     _2
6F41 A9	01	      LDA     #1
6F43 D0	02	      BNE     _3
6F45	      _2:				  ; Irq_91+3B↑j
6F45 A9	07	      LDA     #7
6F47	      _3:				  ; Irq_91+3F↑j
6F47 8D	4F 6F	      STA     loc_0_6F4E+1
6F4A 68		      PLA
6F4B 40		      RTI
6F4B	      ;	End of function	Irq_91
6F4C	      ;	---------------	S U B R	O U T I	N E ---------------------------------------
6F4C	      Irq_118:
6F4C 48		      PHA
6F4D 38		      SEC
6F4E	      loc_0_6F4E:			  ; Irq_91+43↑w
6F4E A9	07	      LDA     #7
6F50	      _1:				  ; Irq_118+6↓j
6F50 E9	01	      SBC     #1
6F52 D0	FC	      BNE     _1
6F54	      _d018:				  ; TitleLoop+24↑w
6F54						  ; TitleLoop+AE↑w StartGame+2↑w
6F54						  ; StartGame+EA↑w
6F54						  ; StartGame+192↑w
6F54						  ; GameLoop+108↑w
6F54						  ; GameLoop+160↑w Capture+17↑w
6F54						  ; DoLift+84↑w	con_DeckInfo+D↑w
6F54						  ; con_ShipInfo+D↑w
6F54						  ; GotoHires+2↑w
6F54 A9	2F	      LDA     #$2F
6F56 8D	18 D0	      STA     unk_0_D018
6F59 A5	2C	      LDA     Irq1bgColor
6F5B 8D	21 D0	      STA     unk_0_D021
6F5E A9	01	      LDA     #1
6F60 8D	19 D0	      STA     unk_0_D019
6F63 A9	05	      LDA     #5
6F65 8D	1A D0	      STA     unk_0_D01A
6F68 A9	F6	      LDA     #246
6F6A 8D	12 D0	      STA     unk_0_D012
6F6D AD	11 D0	      LDA     unk_0_D011
6F70 29	7F	      AND     #$7F
6F72 8D	11 D0	      STA     unk_0_D011
6F75 AD	14 02	      LDA     SprImage_t+7
6F78 8D	FF 4B	      STA     byte_0_4BFF
6F7B AD	13 02	      LDA     SprImage_t+6
6F7E 8D	FE 4B	      STA     byte_0_4BFE
6F81 AD	12 02	      LDA     SprImage_t+5
6F84 8D	FD 4B	      STA     byte_0_4BFD
6F87 AD	11 02	      LDA     SprImage_t+4
6F8A 8D	FC 4B	      STA     byte_0_4BFC
6F8D AD	10 02	      LDA     SprImage_t+3
6F90 8D	FB 4B	      STA     byte_0_4BFB
6F93 AD	0F 02	      LDA     SprImage_t+2
6F96 8D	FA 4B	      STA     byte_0_4BFA
6F99 AD	0E 02	      LDA     SprImage_t+1
6F9C 8D	F9 4B	      STA     byte_0_4BF9
6F9F AD	0D 02	      LDA     SprImage_t
6FA2 8D	F8 4B	      STA     byte_0_4BF8
6FA5 A9	C0	      LDA     #$C0		  ; 6fc0 - Irq2_4
6FA7 8D	FE FF	      STA     byte_0_FFFE
6FAA A9	6F	      LDA     #$6F
6FAC 8D	FF FF	      STA     byte_0_FFFE+1
6FAF A9	00	      LDA     #0
6FB1 85	4B	      STA     irqToggle
6FB3 8A		      TXA
6FB4 48		      PHA
6FB5 98		      TYA
6FB6 48		      PHA
6FB7 20	00 05	      JSR     Sound
6FBA 68		      PLA
6FBB A8		      TAY
6FBC 68		      PLA
6FBD AA		      TAX
6FBE 68		      PLA
6FBF 40		      RTI
6FBF	      ;	End of function	Irq_118
6FC0	      ;	---------------	S U B R	O U T I	N E ---------------------------------------
6FC0	      Irq_246:
6FC0 48		      PHA
6FC1 A9	05	      LDA     #5
6FC3 8D	19 D0	      STA     unk_0_D019
6FC6 A9	01	      LDA     #1
6FC8 8D	1A D0	      STA     unk_0_D01A
6FCB A9	FE	      LDA     #254
6FCD 8D	12 D0	      STA     unk_0_D012
6FD0 AD	11 D0	      LDA     unk_0_D011
6FD3 8D	11 D0	      STA     unk_0_D011
6FD6 A9	C0	      LDA     #$C0		  ; 6ec0
6FD8 8D	FE FF	      STA     byte_0_FFFE
6FDB A9	6E	      LDA     #$6E
6FDD 8D	FF FF	      STA     byte_0_FFFE+1
6FE0 AD	1E D0	      LDA     unk_0_D01E
6FE3 85	4F	      STA     SprSprCollision
6FE5 20	6E 0B	      JSR     TapeMotorControl
6FE8 68		      PLA
6FE9	      NMI:
6FE9 40		      RTI
6FE9	      ;	End of function	Irq_246
6FEA FF	60 00+	      .BYTE $FF, $60, 0, 0, $FF, $60, $FF, $60,	$60, 0,	$FF, 0,	$F3, $60, $60, 0
6FEA 00	FF 60+	      .BYTE $60, 0, $60, 0, 0, $B0
7000 00	00 00+	      .BYTE 0, 0, 0, 0,	$38, $7C, $EE, $C6
7000 00	38 7C+	      .BYTE 0, 0, 0, 0,	$3C, $3C, $C, $C
7000 EE	C6 00+	      .BYTE 0, 0, 0, 0,	$F8, $FC, $E, 6
7000 00	00 00+	      .BYTE 0, 0, $F8, $FC, $E,	6, $E, $FC
7000 3C	3C 0C+	      .BYTE 0, 0, 0, 0,	6, $E, $1C, $38
7000 0C	00 00+	      .BYTE 0, 0, 0, 0,	$FE, $FE, $C0, $F8
7000 00	00 F8+	      .BYTE 0, 0, $E, $1C, $38,	$7C, $EE, $C6
7000 FC	0E 06+	      .BYTE 0, 0, 0, 0,	$FE, $FE, $1C, $1C
7000 00	00 F8+	      .BYTE 0, 0, $38, $7C, $EE, $C6, $EE, $7C
7000 FC	0E 06+	      .BYTE 0, 0, 0, 0,	$38, $7C, $EE, $C6
7000 0E	FC 00+	      .BYTE 0, 0, 0, 0,	$3E, $7E, $E6, $C6
7000 00	00 00+	      .BYTE 0, 0, $C0, $C0, $D8, $DC, $CE, $C6
7000 06	0E 1C+	      .BYTE 0, 0, 0, 0,	$3E, $7E, $E0, $C0
7000 38	00 00+	      .BYTE 0, 0, 6, 6,	$36, $76, $E6, $C6
7000 00	00 FE+	      .BYTE 0, 0, 0, 0,	$3E, $7E, $E6, $CC
7000 FE	C0 F8+	      .BYTE 0, 0, $1E, $3E, $70, $60, $60, $7E
7000 00	00 0E+	      .BYTE 0, 0, 0, 0,	$3E, $7E, $E6, $C6
7000 1C	38 7C+	      .BYTE 0, 0, $C0, $C0, $F8, $FC, $CE, $C6
7000 EE	C6 00+	      .BYTE 0, 0, $18, $18, 0, $18, $18, $18
7000 00	00 00+	      .BYTE 0, 0, 6, 6,	0, 6, 6, 6
7000 FE	FE 1C+	      .BYTE 0, 0, $C0, $C0, $C6, $CE, $FC, $F8
7000 1C	00 00+	      .BYTE 0, 0, $18, $18, $18, $18, $18, $18
7000 38	7C EE+	      .BYTE 0, 0, $C, $C, $C, $C, $C, $C
7000 C6	EE 7C+	      .BYTE 0, 0, 0, 0,	$F8, $FC, $CE, $C6
7000 00	00 00+	      .BYTE 0, 0, 0, 0,	$38, $7C, $EE, $C6
7000 00	38 7C+	      .BYTE 0, 0, 0, 0,	$F8, $FC, $CE, $C6
7000 EE	C6 00+	      .BYTE 0, 0, 0, 0,	$3E, $7E, $E6, $C6
7000 00	00 00+	      .BYTE 0, 0, 0, 0,	$1E, $3E, $70, $60
7000 3E	7E E6+	      .BYTE 0, 0, 0, 0,	$60, $60, $70, $38
7000 C6	00 00+	      .BYTE 0, 0, $60, $60, $7E, $7E, $60, $60
7000 C0	C0 D8+	      .BYTE 0, 0, 0, 0,	$C6, $C6, $C6, $C6
7000 DC	CE C6+	      .BYTE 0, 0, 0, 0,	$D8, $DC, $CE, $66
7000 00	00 00+	      .BYTE 0, 0, 0, $3C, $42, $9D, $A1, $A1
7000 00	3E 7E+	      .BYTE 0, 0, 0, 0,	$C7, $EF, $3C, $18
7000 E0	C0 00+	      .BYTE 0, 0, 0, 0,	$D8, $DC, $CE, $66
7000 00	06 06+	      .BYTE 0, 0, 0, 0,	$FE, $FE, $E, $38
7000 36	76 E6+	      .BYTE 0, 0, $70, $78, $1C, $C, $1C, $78
7000 C6	00 00+	      .BYTE 0, 0, $70, $70, $70, $70, $70, $70
7000 00	00 3E+	      .BYTE 0, 6, $E, $1C, $18,	$18, $18, $18
7000 7E	E6 CC+	      .BYTE 0, $60, $70, $38, $18, $18,	$18, $18
7000 00	00 1E+	      .BYTE 0, 0, 0, 0,	0, 0, 0, 0
7000 3E	70 60+	      .BYTE 0, 0, 0, 0,	0, 0, 0, 0
7000 60	7E 00+	      .BYTE 0, 0, 0, 0,	$70, $70, 0, 0
7000 00	00 00+	      .BYTE 0, 0, 0, 0,	$70, $70, 0, 0
7000 3E	7E E6+	      .BYTE 0, 0, $6E, $CE, $E6, $EC, 0, 0
7000 C6	00 00+	      .BYTE 0, 0, $70, $70, $30, $60, 0, 0
7000 C0	C0 F8+	      .BYTE 0, 0, 0, 0,	0, 0, 0, $F6
7000 FC	CE C6+	      .BYTE 0, 0, 0, 0,	0, 0, 0, 0
7000 00	00 18+	      .BYTE 0, 0, 0, 0,	0, 0, 0, 0
7000 18	00 18+	      .BYTE $7F, $78, $78, $78,	$78, $78, $7F, $78
7000 18	18 00+	      .BYTE $FF, 0, 0, 0, 0, 0,	$FF, 0
7000 00	06 06+	      .BYTE $FF, 0, 0, 0, 0, 0,	$FF, 0
7000 00	06 06+	      .BYTE $FF, 0, 0, 0, 6, 6,	$FF, 6
7000 06	00 00+	      .BYTE $FF, 0, 0, 0, 0, 0,	$FF, 0
7000 C0	C0 C6+	      .BYTE $FF, 0, 0, 0, 0, 0,	$FF, 0
7000 CE	FC F8+	      .BYTE $F0, $30, $30, $30,	$30, $30, $F0, $30
7000 00	00 18+	      .BYTE 0, 0, 0, 0,	0, 0, 0, 0
7000 18	18 18+	      .BYTE 0, 0, 0, 0,	0, 0, 0, 0
7000 18	18 00+	      .BYTE 0, 0, 3, 7,	$E, $C,	$C, $C
7000 00	0C 0C+	      .BYTE 0, 0, $F, $F, $C, $C, $D, $D
7000 0C	0C 0C+	      .BYTE 0, 0, 1, 3,	7, $E, $C, $C
7000 0C	00 00+	      .BYTE 0, 0, $F, $F, $C, $C, $C, $C
7000 00	00 F8+	      .BYTE 0, 0, 3, 7,	$E, $E,	7, 7
7000 FC	CE C6+	      .BYTE 0, 0, 1, 3,	7, $E, $C, $F
7000 00	00 00+	      .BYTE 0, 0, 1, 3,	7, $E, $C, $C
7000 00	38 7C+	      .BYTE 0, 0, $C, $C, $C, $C, $D, $D
7000 EE	C6 00+	      .BYTE 0, 0, 0, 0,	$3E, $3F, $33, $31
7000 00	00 00+	      .BYTE 0, 0, 0, 0,	0, 0, 0, 0
7000 F8	FC CE+	      .BYTE 0, 0, $C, $C, $C, $C, $F, $F
7000 C6	00 00+	      .BYTE 0, 0, 1, 1,	1, 1, 1, 1
7000 00	00 3E+	      .BYTE 0, 0, $3E, $3F, $33, $31, $31, $31
7000 7E	E6 C6+	      .BYTE 0, 0, $F, $F, $C, $C, $C, $C
7000 00	00 00+	      .BYTE 0, 0, 1, 3,	7, $E, $C, $C
7000 00	1E 3E+	      .BYTE 0, 0, $F, $F, $C, $C, $C, $C
7000 70	60 00+	      .BYTE 0, 0, 1, 3,	7, $E, $C, $C
7000 00	00 00+	      .BYTE 0, 0, $F, $F, $C, $C, $C, $C
7000 60	60 70+	      .BYTE 0, 0, 0, 0,	0, 0, 0, 0
7000 38	00 00+	      .BYTE 0, 0, $F, $F, 0, 0,	0, 0
7000 60	60 7E+	      .BYTE 0, 0, $C, $C, $C, $C, $C, $C
7000 7E	60 60+	      .BYTE 0, 0, $C, $C, $E, 6, 7, 3
7000 00	00 00+	      .BYTE 0, 0, $1D, $3D, $71, $61, $61, $61
7000 00	C6 C6+	      .BYTE 0, 0, $E, $F, 3, 1,	0, 0
7000 C6	C6 00+	      .BYTE 0, 0, $C, $C, $E, 6, 7, 3
7000 00	00 00+	      .BYTE 0, 0, $F, $F, 0, 0,	0, 1
7000 D8	DC CE+	      .BYTE 0, 0, 0, 0,	$1D, $3D, $71, $61
7000 66	00 00+	      .BYTE $FF, $FF, $FF, $FF,	$FF, $FF, $FF, $FF
7000 00	3C 42+	      .BYTE $FF, $FF, $FF, $FF,	$FF, $FF, $FF, $FF
7000 9D	A1 A1+	      .BYTE $FF, $FF, $FF, $FF,	$FF, $FF, $FF, $FF
7000 00	00 00+	      .BYTE $3C, $1E, $1F, $F, $83, $C0, $F0, $FE
7000 00	C7 EF+	      .BYTE 0, 0, 0, 0,	0, $FF,	0, 0
7000 3C	18 00+	      .BYTE 0, 0, $F0, $F8, $1C, $C, $C, $C
7000 00	00 00+	      .BYTE 0, 0, $F0, $F8, $1C, $1C, $F8, $F8
7000 D8	DC CE+	      .BYTE 0, 0, $FC, $FC, 0, 0, 0, 0
7000 66	00 00+	      .BYTE 0, 0, $E0, $F0, $38, $1C, $C, $C
7000 00	00 FE+	      .BYTE 0, 0, $FC, $FC, 0, 0, $FC, $FC
7000 FE	0E 38+	      .BYTE 0, 0, $FC, $FC, 0, 0, 0, $FC
7000 00	00 70+	      .BYTE 0, 0, $FC, $FC, 0, $C, $C, $C
7000 78	1C 0C+	      .BYTE 0, 0, $C, $C, $C, $C, $FC, $FC
7000 1C	78 00+	      .BYTE 0, 0, 0, 0,	$70, $78, $9C, $8C
7000 00	70 70+	      .BYTE 0, 0, $C, $C, $C, $C, $C, $C
7000 70	70 70+	      .BYTE 0, 0, $C, $C, $1C, $38, $F0, $F0
7000 70	00 06+	      .BYTE 0, 0, $80, $80, $80, $80, $80, $80
7000 0E	1C 18+	      .BYTE 0, 0, $70, $78, $9C, $8C, $8C, $8C
7000 18	18 18+	      .BYTE 0, 0, $F0, $F8, $1C, $C, $C, $C
7000 00	60 70+	      .BYTE 0, 0, $E0, $F0, $38, $1C, $C, $C
7000 38	18 18+	      .BYTE 0, 0, $E0, $F0, $38, $1C, $C, $C
7000 18	18 00+	      .BYTE 0, 0, $E0, $F0, $38, $1C, $C, $C
7000 00	00 00+	      .BYTE 0, 0, $F0, $F8, $1C, $C, $C, $1C
7000 00	00 00+	      .BYTE 0, 0, $C0, $C0, $E0, $70, $38, $1C
7000 00	00 00+	      .BYTE 0, 0, $FC, $FC, $C0, $C0, $C0, $C0
7000 00	00 00+	      .BYTE 0, 0, $C, $C, $C, $C, $C, $C
7000 00	00 00+	      .BYTE 0, 0, $F0, $F8, $1C, $C, $1C, $18
7000 00	00 00+	      .BYTE 0, 0, $B8, $BC, $8E, $86, $86, $86
7000 00	70 70+	      .BYTE 0, 0, $1C, $3C, $F0, $E0, $C0, $C0
7000 00	00 00+	      .BYTE 0, 0, $F0, $F8, $1C, $C, $1C, $18
7000 00	00 00+	      .BYTE 0, 0, $FC, $FC, $38, $70, $E0, $C0
7000 70	70 00+	      .BYTE 0, 0, 0, 0,	$B8, $BC, $8E, $86
7000 00	00 00+	      .BYTE $FF, $FF, $FF, $FF,	$FF, $FF, $FF, $FF
7000 6E	CE E6+	      .BYTE $FF, $FF, $FF, $FF,	$FF, $FF, $FF, $FF
7000 EC	00 00+	      .BYTE $FF, $FF, $FF, $FF,	$FF, $FF, $FF, $FF
7000 00	00 70+	      .BYTE 0, 0, 0, $C0, $F8, $7F, 0, 0
7000 70	30 60+	      .BYTE 0, 0, 0, 0,	0, $FF,	0, 0
7000 00	00 00+	      .BYTE 0, 0, 0, 3,	$F, $FE, 0, 0
7000 00	00 00+	      .BYTE $3C, $78, $F8, $F0,	$C1, 3,	$F, $7F
7000 00	00 00+	      .BYTE $3C, $3C, $3C, $3C,	$3C, $3C, $3C, $3C
7000 F6	00 00+	      .BYTE 0, 0, 0, 0,	0, 0, 0, 0
7000 00	00 00+	      .BYTE 0, 0, 0, 0,	0, 0, 0, 0
7000 00	00 00+	      .BYTE 0, 0, 0, 0,	0, 0, 0, 0
7000 00	00 00+	      .BYTE $C6, $EE, $7C, $38,	0, 0, 0, 0
7000 00	00 00+	      .BYTE $C,	$C, $C,	$C, 0, 0, 0, 0
7000 00	00 7F+	      .BYTE $E,	$1C, $38, $70, $FE, $FE, 0, 0
7000 78	78 78+	      .BYTE $FC, $E, 6,	$E, $FC, $F8, 0, 0
7000 78	78 7F+	      .BYTE $70, $E0, $FE, $FE,	6, 6, 0, 0
7000 78	FF 00+	      .BYTE $FC, $E, 6,	$E, $FC, $F8, 0, 0
7000 00	00 00+	      .BYTE $C6, $EE, $7C, $38,	0, 0, 0, 0
7000 00	FF 00+	      .BYTE $38, $38, $70, $70,	$E0, $E0, 0, 0
7000 FF	00 00+	      .BYTE $7C, $EE, $C6, $EE,	$7C, $38, 0, 0
7000 00	00 00+	      .BYTE $C6, $EE, $7C, $38,	$70, $E0, 0, 0
7000 FF	00 FF+	      .BYTE $C6, $E6, $76, $36,	0, 0, 0, 0
7000 00	00 00+	      .BYTE $C6, $CE, $FC, $F8,	0, 0, 0, 0
7000 06	06 FF+	      .BYTE $C0, $E0, $7E, $3E,	0, 0, 0, 0
7000 06	FF 00+	      .BYTE $C6, $E6, $7E, $3E,	0, 0, 0, 0
7000 00	00 00+	      .BYTE $D8, $E0, $7E, $3E,	0, 0, 0, 0
7000 00	FF 00+	      .BYTE $7E, $60, $60, $60,	0, 0, 0, 0
7000 FF	00 00+	      .BYTE $E6, $76, $36, 6, $3E, $3C,	0, 0
7000 00	00 00+	      .BYTE $C6, $C6, $C6, $C6,	0, 0, 0, 0
7000 FF	00 F0+	      .BYTE $18, $18, $18, $18,	0, 0, 0, 0
7000 30	30 30+	      .BYTE 6, 6, 6, $E, $7C, $78, 0, 0
7000 30	30 F0+	      .BYTE $DC, $CE, $C6, $C6,	0, 0, 0, 0
7000 30	00 00+	      .BYTE $18, $18, $18, $18,	0, 0, 0, 0
7000 00	00 00+	      .BYTE $C,	$C, $C,	$C, 0, 0, 0, 0
7000 00	00 00+	      .BYTE $C6, $C6, $C6, $C6,	0, 0, 0, 0
7000 00	00 00+	      .BYTE $C6, $EE, $7C, $38,	0, 0, 0, 0
7000 00	00 00+	      .BYTE $C6, $CE, $DC, $D8,	$C0, $C0, 0, 0
7000 00	00 00+	      .BYTE $C6, $E6, $76, $36,	6, 6, 0, 0
7000 00	03 07+	      .BYTE $60, $60, $60, $60,	0, 0, 0, 0
7000 0E	0C 0C+	      .BYTE $1C, $E, 6,	$E, $7C, $78, 0, 0
7000 0C	00 00+	      .BYTE $60, $70, $3E, $1E,	0, 0, 0, 0
7000 0F	0F 0C+	      .BYTE $C6, $E6, $7E, $3E,	0, 0, 0, 0
7000 0C	0D 0D+	      .BYTE $66, $6E, $3C, $38,	0, 0, 0, 0
7000 00	00 01+	      .BYTE $9D, $42, $3C, 0, 0, 0, 0, 0
7000 03	07 0E+	      .BYTE $18, $3C, $EF, $C7,	0, 0, 0, 0
7000 0C	0C 00+	      .BYTE $66, $6E, $3C, $38,	$70, $E0, 0, 0
7000 00	0F 0F+	      .BYTE $38, $E0, $FE, $FE,	0, 0, 0, 0
7000 0C	0C 0C+	      .BYTE $70, 0, $70, $70, 0, 0, 0, 0
7000 0C	00 00+	      .BYTE $70, 0, $70, $70, 0, 0, 0, 0
7000 03	07 0E+	      .BYTE $18, $18, $18, $18,	$1C, $E, 6, 0
7000 0E	07 07+	      .BYTE $18, $18, $18, $18,	$38, $70, $60, 0
7000 00	00 01+	      .BYTE 0, 0, $70, $70, 0, 0, 0, 0
7000 03	07 0E+	      .BYTE 0, 0, $70, $70, $30, $60, 0, 0
7000 0C	0F 00+	      .BYTE 0, 0, $70, $70, 0, 0, 0, 0
7000 00	01 03+	      .BYTE 0, 0, $70, $70, $30, $60, 0, 0
7000 07	0E 0C+	      .BYTE 0, 0, 0, 0,	0, 0, 0, 0
7000 0C	00 00+	      .BYTE 0, 0, 0, 0,	0, 0, 0, 0
7000 0C	0C 0C+	      .BYTE $FE, $DE, 0, 0, 0, 0, 0, 0
7000 0C	0D 0D+	      .BYTE 0, 0, 0, 0,	0, 0, 0, 0
7000 00	00 00+	      .BYTE 0, 0, 0, 0,	0, 0, 0, 0
7000 00	3E 3F+	      .BYTE $78, $78, $78, $7C,	$7C, $7C, $7C, 0
7000 33	31 00+	      .BYTE $FC, $CC, $C, $FE, $CE, $CE, $FE, 0
7000 00	00 00+	      .BYTE $DE, $F6, $60, $70,	$70, $70, $70, 0
7000 00	00 00+	      .BYTE $FE, $C6, $C6, $E7,	$E7, $E7, $FF, 0
7000 00	00 00+	      .BYTE $FE, $C6, $C6, $E7,	$E7, $E7, $FF, 0
7000 0C	0C 0C+	      .BYTE $67, 6, $66, $77, $77, $77,	$77, 0
7000 0C	0F 0F+	      .BYTE $F0, $30, $30, $38,	$38, $38, $FB, 0
7000 00	00 01+	      .BYTE 0, 0, 0, 0,	0, 0, 0, 0
7000 01	01 01+	      .BYTE 0, 0, 0, 0,	0, 0, 0, 0
7000 01	01 00+	      .BYTE $F,	$F, 0, 0, 0, 0,	0, 0
7000 00	3E 3F+	      .BYTE $C,	$C, $C,	$C, 3, 3, 0, 0
7000 33	31 31+	      .BYTE $E,	7, 3, 1, 0, 0, 0, 0
7000 31	00 00+	      .BYTE $C,	$C, $D,	$D, 0, 0, 0, 0
7000 0F	0F 0C+	      .BYTE $E,	$C, $C,	$E, 7, 3, 0, 0
7000 0C	0C 0C+	      .BYTE $F,	$C, $C,	$C, $C,	$C, 0, 0
7000 00	00 01+	      .BYTE $E,	7, 3, 1, 0, 0, 0, 0
7000 03	07 0E+	      .BYTE $C,	$C, $C,	$C, 0, 0, 0, 0
7000 0C	0C 00+	      .BYTE $31, $31, $31, $31,	0, 0, 0, 0
7000 00	0F 0F+	      .BYTE 0, 0, 1, 1,	0, 0, 0, 0
7000 0C	0C 0C+	      .BYTE $C,	$C, $C,	$C, 0, 0, 0, 0
7000 0C	00 00+	      .BYTE 1, 1, 1, 1,	0, 0, 0, 0
7000 01	03 07+	      .BYTE $31, $31, $31, $31,	0, 0, 0, 0
7000 0E	0C 0C+	      .BYTE $C,	$C, $C,	$C, 0, 0, 0, 0
7000 00	00 0F+	      .BYTE $E,	7, 3, 1, 0, 0, 0, 0
7000 0F	0C 0C+	      .BYTE $C,	$C, $D,	$D, $C,	$C, 0, 0
7000 0C	0C 00+	      .BYTE $E,	7, 3, 1, 0, 0, 0, 0
7000 00	00 00+	      .BYTE $D,	$D, $C,	$C, 0, 0, 0, 0
7000 00	00 00+	      .BYTE 0, 0, 1, 1,	0, 0, 0, 0
7000 00	00 00+	      .BYTE 0, 0, 0, 0,	0, 0, 0, 0
7000 0F	0F 00+	      .BYTE $C,	$E, 7, 3, 0, 0,	0, 0
7000 00	00 00+	      .BYTE 3, 1, 1, 0,	0, 0, 0, 0
7000 00	00 0C+	      .BYTE $61, $73, $7F, $1E,	0, 0, 0, 0
7000 0C	0C 0C+	      .BYTE 1, 3, $F, $E, 0, 0,	0, 0
7000 0C	0C 00+	      .BYTE 3, 1, 1, 0,	0, 0, 0, 0
7000 00	0C 0C+	      .BYTE 3, 7, $F, $F, 0, 0,	0, 0
7000 0E	06 07+	      .BYTE $61, $73, $3F, $1E,	0, 0, 0, 0
7000 03	00 00+	      .BYTE $FE, $F0, $C0, $83,	$F, $1F, $1E, $3C
7000 1D	3D 71+	      .BYTE 0, 0, $FF, 0, 0, 0,	0, 0
7000 61	61 61+	      .BYTE 0, 0, $FE, $1F, 3, 0, 0, 0
7000 00	00 0E+	      .BYTE $FF, $FF, $FF, $FF,	$FF, $FF, $FF, $FF
7000 0F	03 01+	      .BYTE $FF, $FF, $FF, $FF,	$FF, $FF, $FF, $FF
7000 00	00 00+	      .BYTE $EC, $EC, $C, $C, $C, $C, 0, 0
7000 00	0C 0C+	      .BYTE $1C, $C, $C, $1C, $F8, $F0,	0, 0
7000 0E	06 07+	      .BYTE 0, 0, $FC, $FC, 0, 0, 0, 0
7000 03	00 00+	      .BYTE $1C, $38, $F0, $E0,	0, 0, 0, 0
7000 0F	0F 00+	      .BYTE 0, 0, 0, 0,	$FC, $FC, 0, 0
7000 00	00 01+	      .BYTE $FC, 0, 0, 0, 0, 0,	0, 0
7000 00	00 00+	      .BYTE $C,	$C, $FC, $FC, 0, 0, 0, 0
7000 00	1D 3D+	      .BYTE $C,	$C, $C,	$C, $C,	$C, 0, 0
7000 71	61 FF+	      .BYTE $8C, $8C, $8C, $8C,	0, 0, 0, 0
7000 FF	FF FF+	      .BYTE $C,	$1C, $F8, $F0, 0, 0, 0,	0
7000 FF	FF FF+	      .BYTE $38, $1C, $C, $C, $C, $C, 0, 0
7000 FF	FF FF+	      .BYTE $80, $80, $FC, $FC,	0, 0, 0, 0
7000 FF	FF FF+	      .BYTE $8C, $8C, $8C, $8C,	0, 0, 0, 0
7000 FF	FF FF+	      .BYTE $C,	$C, $C,	$C, 0, 0, 0, 0
7000 FF	FF FF+	      .BYTE $1C, $38, $F0, $E0,	0, 0, 0, 0
7000 FF	FF FF+	      .BYTE $1C, $38, $F0, $E0,	0, 0, 0, 0
7000 FF	FF 3C+	      .BYTE $1C, $38, $F0, $F0,	$18, 0,	0, 0
7000 1E	1F 0F+	      .BYTE $F8, $F8, $1C, $C, $C, $C, 0, 0
7000 83	C0 F0+	      .BYTE $C,	$1C, $F8, $F0, 0, 0, 0,	0
7000 FE	00 00+	      .BYTE $C0, $C0, $C0, $C0,	0, 0, 0, 0
7000 00	00 00+	      .BYTE $C,	$C, $FC, $FC, 0, 0, 0, 0
7000 FF	00 00+	      .BYTE $B8, $B0, $F0, $E0,	0, 0, 0, 0
7000 00	00 F0+	      .BYTE $86, $CE, $FC, $78,	0, 0, 0, 0
7000 F8	1C 0C+	      .BYTE $E0, $F0, $3C, $1C,	0, 0, 0, 0
7000 0C	0C 00+	      .BYTE $B8, $B0, $F0, $E0,	$60, $C0, 0, 0
7000 00	F0 F8+	      .BYTE $80, 0, $FC, $FC, 0, 0, 0, 0
7000 1C	1C F8+	      .BYTE $86, $CE, $FC, $78,	0, 0, 0, 0
7000 F8	00 00+	      .BYTE 0, 0, $7F, $F8, $C0, 0, 0, 0
7000 FC	FC 00+	      .BYTE 0, 0, $FF, 0, 0, 0,	0, 0
7000 00	00 00+	      .BYTE $7F, $F, 3,	$C1, $F0, $F8, $78, $3C
7000 00	00 E0+	      .BYTE $FF, $FF, $FF, $FF,	$FF, $FF, $FF, $FF
7000 F0	38 1C+	      .BYTE $FF, $FF, $FF, $FF,	$FF, $FF, $FF, $FF
7000 0C	0C 00+	      .BYTE $FF, $FF, $FF, $FF,	$FF, $FF, $FF, $FF
7000 00	FC FC+	      .BYTE $FF, $FF, $FF, $FF,	$FF, $FF, $FF, $FF
7000 00	00 FC+	      .BYTE $3C, $3C, $3C, $3C,	$3C, $3C, $3C, $3C
7000 FC	00 00+	      .BYTE 0, 0, 0, 0,	0, 0, 0, 0
7000 FC	FC 00+	      .BYTE 0, 0, 0, 0,	0, 0, 0, 0
7000 00	00 FC+	      .BYTE 0, 0, 0, 0,	0, 0, 0, 0
7800 00	00 00+	      .BYTE 0, 0, 0, 0,	0, 0, 0, 0
7800 00	00 00+	      .BYTE $3C, $18, $18, $18,	$18, $18, $18, $3C
7800 00	00 3C+	      .BYTE 0, 0, $81, $FF, $FF, $81, 0, 0
7800 18	18 18+	      .BYTE $7E, $C3, $B1, $B1,	$B1, $BD, $C3, $7E
7800 18	18 18+	      .BYTE 0, $FF, $FF, $FF, $FF, $FF,	$FF, 0
7800 3C	00 00+	      .BYTE $7E, $7E, $7E, $7E,	$7E, $7E, $7E, $7E
7800 81	FF FF+	      .BYTE 0, $FC, $FE, $FE, $FE, $FE,	$FE, $7E
7800 81	00 00+	      .BYTE 0, $3F, $7F, $7F, $7F, $7F,	$7F, $7E
7800 7E	C3 B1+	      .BYTE $7E, $7F, $7F, $7F,	$7F, $7F, $3F, 0
7800 B1	B1 BD+	      .BYTE $7E, $FE, $FE, $FE,	$FE, $FE, $FC, 0
7800 C3	7E 00+	      .BYTE $7E, $FF, $FF, $FF,	$FF, $FF, $FF, 0
7800 FF	FF FF+	      .BYTE $7E, $FE, $FE, $FE,	$FE, $FE, $FE, $7E
7800 FF	FF FF+	      .BYTE 0, $FF, $FF, $FF, $FF, $FF,	$FF, $7E
7800 00	7E 7E+	      .BYTE $7E, $7F, $7F, $7F,	$7F, $7F, $7F, $7E
7800 7E	7E 7E+	      .BYTE $7E, $FF, $FF, $FF,	$FF, $FF, $FF, $7E
7800 7E	7E 7E+	      .BYTE 0, $7E, $7E, $7E, $7E, $7E,	$7E, 0
7800 00	FC FE+	      .BYTE $7E, $FF, $E7, $42,	0, 0, 0, 0
7800 FE	FE FE+	      .BYTE 0, 0, 0, 0,	$42, $E7, $FF, $7E
7800 FE	7E 00+	      .BYTE $60, $F0, $E0, $C0,	$C0, $E0, $F0, $60
7800 3F	7F 7F+	      .BYTE 6, $F, 7, 3, 3, 7, $F, 6
7800 7F	7F 7F+	      .BYTE 0, $3C, $6E, 4, $20, $76, $3C, 0
7800 7E	7E 7F+	      .BYTE $FF, $81, $81, $81,	$81, $81, $81, $FF
7800 7F	7F 7F+	      .BYTE 0, $3C, $7E, $7E, $7E, $7E,	$3C, 0
7800 7F	3F 00+	      .BYTE $7E, $FF, $FF, $FF,	$FF, $FF, $81, 0
7800 7E	FE FE+	      .BYTE $FF, $81, $81, $99,	$99, $81, $81, $FF
7800 FE	FE FE+	      .BYTE $FF, $99, $99, $FF,	$FF, $99, $99, $FF
7800 FC	00 7E+	      .BYTE 0, 1, 3, 7,	$F, $1F, $3F, $7F
7800 FF	FF FF+	      .BYTE 0, $80, $C0, $E0, $F0, $F8,	$FC, $FE
7800 FF	FF FF+	      .BYTE $FF, $81, $81, $81,	$81, $81, $81, $FF
7800 00	7E FE+	      .BYTE $FF, $81, $81, $81,	$81, $81, $81, $FF
7800 FE	FE FE+	      .BYTE $FF, $81, $99, $BD,	$BD, $99, $81, $FF
7800 FE	FE 7E+	      .BYTE 0, 0, 0, 0,	0, 0, 0, 0
7800 00	FF FF+	      .BYTE 0, 0, 0, 0,	0, 0, 0, 0
7800 FF	FF FF+	      .BYTE $FF, 0, 0, 0, 0, 0,	0, 0
7800 FF	7E 7E+	      .BYTE $80, $80, $80, $80,	$80, $80, $80, $80
7800 7F	7F 7F+	      .BYTE $8C, 0, $40, 1, $37, $3F, $1C, 0
7800 7F	7F 7F+	      .BYTE $40, $1F, 0, $FF, $FF, 0, 0, 0
7800 7E	7E FF+	      .BYTE 3, $FC, 0, $FF, $FF, 0, 0, 0
7800 FF	FF FF+	      .BYTE $31, 3, 6, $8E, $FC, $FC, $38, 0
7800 FF	FF 7E+	      .BYTE 0, 0, 3, $C, $10, $10, $20,	$20
7800 00	7E 7E+	      .BYTE 0, 0, $C0, $20, 0, 8, 0, $C0
7800 7E	7E 7E+	      .BYTE 3, 0, $10, 0, 4, 3,	0, 0
7800 7E	00 7E+	      .BYTE 4, 4, 8, 8,	$30, $C0, 0, 0
7800 FF	E7 42+	      .BYTE $E,	$3E, $76, $66, $CE, $FE, $FE, 0
7800 00	00 00+	      .BYTE $70, $7C, $6E, $66,	$73, $7F, $7F, 0
7800 00	00 00+	      .BYTE 0, $FE, $FE, $CE, $66, $76,	$3E, $E
7800 00	00 42+	      .BYTE 0, $7F, $7F, $73, $66, $6E,	$7C, $70
7800 E7	FF 7E+	      .BYTE $18, $18, $18, $18,	$18, $18, $18, $18
7800 60	F0 E0+	      .BYTE 0, 0, 0, $FF, $FF, 0, 0, 0
7800 C0	C0 E0+	      .BYTE $18, $18, $18, $18,	$18, $18, $18, $18
7800 F0	60 06+	      .BYTE 0, 0, 0, $FF, $FF, 0, 0, 0
7800 0F	07 03+	      .BYTE $18, $18, $38, $F0,	$E0, 0,	0, 0
7800 03	07 0F+	      .BYTE 0, 0, 8, 3,	1, 0, 0, 0
7800 06	00 3C+	      .BYTE 0, 0, 0, 7,	$F, $1C, $18, $18
7800 6E	04 20+	      .BYTE 0, 0, 0, $80, $C0, $10, 0, 0
7800 76	3C 00+	      .BYTE 0, 0, 0, 7,	$F, $1C, $18, $18
7800 FF	81 81+	      .BYTE 0, 0, 0, $80, $C0, $10, 0, 0
7800 81	81 81+	      .BYTE $18, $18, $38, $F0,	$E0, 0,	0, 0
7800 81	FF 00+	      .BYTE 0, 0, 8, 3,	1, 0, 0, 0
7800 3C	7E 7E+	      .BYTE 0, 0, 0, 0,	0, 0, 0, 0
7800 7E	7E 3C+	      .BYTE 0, 0, 0, 0,	0, 0, 0, 0
7800 00	7E FF+	      .BYTE $FF, 1, 1, 1, 1, 1,	1, 1
7800 FF	FF FF+	      .BYTE 1, 1, 1, 1,	1, 1, 1, 1
7800 FF	81 00+	      .BYTE 1, 1, 1, 1,	1, 1, 1, $FF
7800 FF	81 81+	      .BYTE 0, 0, 0, 0,	0, 0, 0, $FF
7800 99	99 81+	      .BYTE $80, $80, $80, $80,	$80, $80, $80, $FF
7800 81	FF FF+	      .BYTE 0, 0, 0, 0,	0, 0, 0, 0
7800 99	99 FF+	      .BYTE 3, $C, $30,	$E0, $C1, $E1, $70, $70
7800 FF	99 99+	      .BYTE $31, $33, $33, $33,	$33, $33, $33, $33
7800 FF	00 01+	      .BYTE $33, $33, $33, $33,	$33, $33, $33, $31
7800 03	07 0F+	      .BYTE $70, $70, $E1, $C1,	$C0, $30, 8, 1
7800 1F	3F 7F+	      .BYTE $FF, $80, $80, $80,	$80, $80, $80, $80
7800 00	80 C0+	      .BYTE $10, $18, $30, $60,	$40, 0,	$60, $70
7800 E0	F0 F8+	      .BYTE $18, $18, $C, $E, $1E, $30,	$66, $CE
7800 FC	FE FF+	      .BYTE 0, $CC, $CE, $83, 1, 0, 0, 0
7800 81	81 81+	      .BYTE $80, $C0, $60, $30,	$9F, $CE, $CC, 0
7A60 00	3C 7E+byte_0_7A60:.BYTE	0, $3C,	$7E, $7E, $7E, $7E, $3C, 0 ; 6C24↑o
7A60 7E	7E 7E+	      .BYTE 0, 0, 0, $18, $18, 0, 0, 0
7A60 3C	00 00+	      .BYTE 0, 0, $18, $3C, $3C, $18, 0, 0
7A60 00	00 18+	      .BYTE 0, 0, $38, $7C, $7C, $7C, $38, 0
7A80 10	00 10+	      .BYTE $10, 0, $10, $18, $18, $18,	$18, $18
7A80 18	18 18+	      .BYTE $18, $18, $18, $18,	$18, 8,	0, 8
7A80 18	18 18+	      .BYTE $10, 0, $10, $18, $18, $18,	$18, $18
7A80 18	18 18+	      .BYTE $18, $18, $18, $18,	$18, 8,	0, 8
7A80 18	08 00+	      .BYTE 0, $1C, $3F, $37, $61, $60,	$C0, $8C
7A80 08	10 00+	      .BYTE 0, 0, 0, $FF, $FF, 0, $3F, $C0
7A80 10	18 18+	      .BYTE 0, 0, 0, $FF, $FF, 0, $FC, 1
7A80 18	18 18+	      .BYTE 0, $38, $FC, $EC, $80, 2, 0, $31
7A80 18	18 18+	      .BYTE 0, 0, $FF, 0, 0, 0,	0, 0
7A80 18	18 08+	      .BYTE $70, $60, 0, $40, $60, $30,	$18, $18
7A80 00	08 00+	      .BYTE $CE, $66, $30, $1E,	$E, $C,	$18, 8
7A80 1C	3F 37+	      .BYTE 0, $33, $73, $C1, 0, 0, 0, 0
7A80 61	60 C0+	      .BYTE 1, 3, 6, $8C, $F9, $73, $33, 0
7A80 8C	00 00+	      .BYTE 0, 0, 0, 0,	0, 0, 0, 0
7A80 00	FF FF+	      .BYTE 0, 0, 0, 0,	0, 0, 0, 0
7A80 00	3F C0+	      .BYTE $C0, $70, $3C, $F, $83, $87, $E, $C
7A80 00	00 00+	      .BYTE $8C, $CC, $CC, $CC,	$CC, $CC, $CC, $CC
7A80 FF	FF 00+	      .BYTE $CC, $CC, $CC, $CC,	$CC, $CC, $CC, $8C
7A80 FC	01 00+	      .BYTE $C,	$E, $87, $83, 7, $C, $30, $C0
7A80 38	FC EC+	      .BYTE $7F, $C6, $92, $92,	$82, $92, $92, $FF
7A80 80	02 00+	      .BYTE $FF, $70, $73, $73,	$70, $73, $10, $FF
7A80 31	00 00+	      .BYTE $FF, $86, $93, $93,	$87, $93, $93, $FF
7A80 FF	00 00+	      .BYTE $FE, 7, $9F, $9F, $9F, $99,	$99, $FF
7A80 00	00 00+	      .BYTE 0, 0, 7, 8,	$10, $20, $20, $26
7A80 70	60 00+	      .BYTE 0, 0, $E0, $10, 8, 4, 0, $60
7A80 40	60 30+	      .BYTE 6, 0, $20, $10, 8, 7, 0, 0
7A80 18	18 CE+	      .BYTE $64, 4, 4, 8, $10, $E0, 0, 0
7A80 66	30 1E+	      .BYTE 1, 7, $F, $1E, $1C,	$18, $18, $18
7A80 0E	0C 18+	      .BYTE $FF, $FF, $FF, 0, 0, 0, 0, 0
7A80 08	00 33+	      .BYTE $40, $30, $18, $18,	$18, $18, $18, $18
7A80 73	C1 00+	      .BYTE $18, $18, $18, $18,	$18, $18, $18, $18
7A80 00	00 00+	      .BYTE 0, 0, 0, 0,	0, 0, 0, 0
7A80 01	03 06+	      .BYTE $18, $18, $18, $18,	$18, 8,	0, 8
7A80 8C	F9 73+	      .BYTE 0, 0, 0, 0,	0, $FF,	0, 0
7A80 33	00 00+	      .BYTE $20, $20, $20, $20,	$20, $20, $20, $20
7A80 00	00 00+	      .BYTE $20, $20, $20, $20,	$20, $20, $20, $23
7A80 00	00 00+	      .BYTE $C4, 4, 4, 4, 4, 4,	4, 4
7A80 00	00 00+	      .BYTE 4, 4, 4, 4,	4, 4, 4, 4
7A80 00	00 00+	      .BYTE 7, $18, $23, $4C, $50, $90,	$A0, $A0
7A80 00	00 00+	      .BYTE $E0, $18, $C4, $32,	8, 1, 4, 0
7A80 C0	70 3C+	      .BYTE 0, $20, $80, $10, $4C, $23,	$18, 7
7A80 0F	83 87+	      .BYTE 5, 5, 9, $A, $32, $C4, $18,	$E0
7BD0 00	08 7D+byte_0_7BD0:.BYTE	0, 8, $7D, $FF,	$FF, $CF, 4, 0 ; 6C26↑o
7BD0 FF	FF CF+	      .BYTE 0, 3, $8F, $FF, $FF, $31, 0, 0
7BD0 04	00 00+	      .BYTE $38, $FE, $FF, $FF,	$FF, $F9, $60, 0
7BD0 03	8F FF+	      .BYTE 0, $26, $7F, $FF, $FF, $9C,	0, 0
7BF0 01	03 07+	      .BYTE 1, 3, 7, $E, $1C, $18, $18,	$18
7BF0 0E	1C 18+	      .BYTE $80, $C0, $E0, $70,	$38, $18, $18, $18
7BF0 18	18 80+	      .BYTE $55, $40, $40, $40,	$40, $40, $40, $AA
7BF0 C0	E0 70+	      .BYTE $55, 0, 0, 0, 0, 0,	0, $AA
7BF0 38	18 18+	      .BYTE $55, 2, 2, 2, 2, 2,	2, $AA
7BF0 18	55 40+	      .BYTE $55, $40, $40, $40,	$40, $40, $40, $40
7BF0 40	40 40+	      .BYTE $55, 0, 0, 0, 0, 0,	0, 0
7BF0 40	40 AA+	      .BYTE $55, 2, 2, 2, 2, 2,	2, 2
7BF0 55	00 00+	      .BYTE $40, $40, $40, $40,	$40, $40, $40, $40
7BF0 00	00 00+	      .BYTE 0, 0, 0, 0,	0, 0, 0, 0
7BF0 00	AA 55+	      .BYTE 2, 2, 2, 2,	2, 2, 2, 2
7BF0 02	02 02+	      .BYTE $40, $40, $40, $40,	$40, $40, $40, $AA
7BF0 02	02 02+	      .BYTE 0, 0, 0, 0,	0, 0, 0, $AA
7BF0 AA	55 40+	      .BYTE 2, 2, 2, 2,	2, 2, 2, $AA
7BF0 40	40 40+	      .BYTE $55, $42, $42, $42,	$42, $42, $42, $AA
7BF0 40	40 40+	      .BYTE 0, $40, $10, $20, 8, 2, 2, $AA
7BF0 55	00 00+	      .BYTE $18, $18, $18, $18,	$18, $18, $18, $18
7BF0 00	00 00+	      .BYTE $18, $18, $18, $18,	$18, 8,	0, 8
7BF0 00	00 55+	      .BYTE $55, $7F, $7F, $7F,	$7F, $7F, $7F, $AA
7BF0 02	02 02+	      .BYTE $55, $FF, $FF, $FF,	$FF, $FF, $FF, $AA
7BF0 02	02 02+	      .BYTE $55, $FE, $FE, $FE,	$FE, $FE, $FE, $AA
7BF0 02	40 40+	      .BYTE $55, $7F, $7F, $7F,	$7F, $7F, $7F, $7F
7BF0 40	40 40+	      .BYTE $55, $FF, $FF, $FF,	$FF, $FF, $FF, $FF
7BF0 40	40 40+	      .BYTE $55, $FE, $FE, $FE,	$FE, $FE, $FE, $FE
7BF0 00	00 00+	      .BYTE $7F, $7F, $7F, $7F,	$7F, $7F, $7F, $7F
7BF0 00	00 00+	      .BYTE $FF, $FF, $FF, $FF,	$FF, $FF, $FF, $FF
7BF0 00	00 02+	      .BYTE $FE, $FE, $FE, $FE,	$FE, $FE, $FE, $FE
7BF0 02	02 02+	      .BYTE $7F, $7F, $7F, $7F,	$7F, $7F, $7F, $AA
7BF0 02	02 02+	      .BYTE $FF, $FF, $FF, $FF,	$FF, $FF, $FF, $AA
7BF0 02	40 40+	      .BYTE $FE, $FE, $FE, $FE,	$FE, $FE, $FE, $AA
7BF0 40	40 40+	      .BYTE $55, $7E, $7E, $7E,	$7E, $7E, $7E, $AA
7BF0 40	40 AA+	      .BYTE 0, $40, $D0, $E0, $F8, $FE,	$FE, $AA
7BF0 00	00 00+	      .BYTE $10, 0, $10, $18, $18, $18,	$18, $18
7BF0 00	00 00+	      .BYTE $18, $18, $18, $18,	$18, $18, $18, $18
7BF0 00	AA 02+	      .BYTE $3C, $FF, 0, $DB, $DB, 0, $FF, $3C
7BF0 02	02 02+	      .BYTE 0, 3, 7, $E, $1C, $38, $60,	$8C
7BF0 02	02 02+	      .BYTE 0, $FF, $FF, 0, 0, $3F, $40, $80
7BF0 AA	55 42+	      .BYTE 0, $FF, $FF, 0, 0, $F8, 2, 0
7BF0 42	42 42+	      .BYTE 0, $C0, $E0, $70, $38, $C, 0, $31
7BF0 42	42 AA+	      .BYTE $56, $42, $42, $7E,	$7E, $42, $42, $7E
7BF0 00	40 10+	      .BYTE $7E, $42, $42, $7E,	$7E, $42, $42, $7E
7BF0 20	08 02+	      .BYTE $7E, $42, $42, $7E,	$7E, $42, $42, $AA
7BF0 02	AA 18+	      .BYTE $AA, $AA, $AA, $AA,	$AA, $AA, $AA, $AA
7BF0 18	18 18+	      .BYTE 0, 0, 0, 0,	0, 0, 0, 0
7BF0 18	18 18+	      .BYTE $80, 0, $20, $30, $98, $9C,	$E, 7
7BF0 18	18 18+	      .BYTE $C3, $E3, $73, $33,	$33, $33, $33, $33
7BF0 18	18 18+	      .BYTE $33, $33, $33, $33,	$33, $73, $E3, $C3
7BF0 08	00 08+	      .BYTE 7, $E, $9C,	$B8, $30, $60, $C0, $80
7BF0 55	7F 7F+	      .BYTE $86, 6, 6, 6, $E, $FC, $F8,	0
7BF0 7F	7F 7F+	      .BYTE $FF, 0, 0, 0, 0, $FF, $FF, 0
7BF0 7F	AA 55+	      .BYTE $63, $63, $63, $63,	$63, $63, $63, $21
7BF0 FF	FF FF+	      .BYTE 0, 0, 0, 0,	0, 0, 0, 0
7BF0 FF	FF FF+	      .BYTE 1, 3, 7, $E, $1C, $38, $70,	$E0
7BF0 AA	55 FE+	      .BYTE $C0, $80, 0, 0, 0, 0, 0, 0
7BF0 FE	FE FE+	      .BYTE 0, 0, 0, $F, $1E, $38, $70,	$E0
7BF0 FE	FE AA+	      .BYTE 0, 0, 0, $40, $18, $C, $E, 7
7BF0 55	7F 7F+	      .BYTE 0, 0, 0, 0,	0, 0, 0, 0
7BF0 7F	7F 7F+	      .BYTE $80, $C0, $E0, $70,	$38, $1C, $E, 7
7BF0 7F	7F 55+	      .BYTE 3, 1, 0, 0,	0, 0, 0, 0
7BF0 FF	FF FF+	      .BYTE 0, 1, $1F, $FF, $F0, 0, 0, 0
7BF0 FF	FF FF+	      .BYTE 0, $FF, $FF, 0, 0, 0, 0, $FF
7BF0 FF	55 FE+	      .BYTE 0, 0, 0, $FF, $FF, 0, 0, $FF
7BF0 FE	FE FE+	      .BYTE $8C, $8C, $8C, $8C,	$8C, $8C, $8C, $8C
7BF0 FE	FE FE+	      .BYTE 0, $80, $F8, $FF, $F, 0, 0,	0
7BF0 7F	7F 7F+	      .BYTE $66, 0, 0, 0, 0, 0,	0, $FF
7BF0 7F	7F 7F+	      .BYTE $8C, 0, $20, $18, $E, 7, 3,	0
7BF0 7F	7F FF+	      .BYTE $80, $40, $3F, 0, 0, $FF, $FF, 0
7BF0 FF	FF FF+	      .BYTE 1, 2, $FC, 0, 0, $FF, $FF, 0
7BF0 FF	FF FF+	      .BYTE $31, 6, $1C, $38, $70, $E0,	$C0, 0
7BF0 FF	FE FE+	      .BYTE 1, 2, 6, $C, $1D, $39, $70,	$E0
7BF0 FE	FE FE+	      .BYTE $C3, $C6, $CC, $CC,	$CC, $CC, $CC, $CC
7BF0 FE	FE FE+	      .BYTE $CC, $CC, $CC, $CC,	$CC, $CC, $C6, $C3
7BF0 7F	7F 7F+	      .BYTE $E0, $70, $31, $19,	$C, 4, 0, 1
7BF0 7F	7F 7F+	      .BYTE 1, $40, 0, 0, $60, $3F, $1F, 0
7BF0 7F	AA FF+	      .BYTE $10, $18, $30, $7F,	$7F, 0,	$60, $73
7BF0 FF	FF FF+	      .BYTE $18, $18, $C, $FE, $FE, 0, 6, $CE
7BF0 FF	FF FF+	      .BYTE 0, $8C, $8E, $8F, $D, $C, $8C, $8C
7BF0 AA	FE FE+	      .BYTE $8C, $8C, $C, $C, $8F, $CE,	$CC, 0
7BF0 FE	FE FE+	      .BYTE 0, $1F, $3F, $70, $60, $60,	$60, $61
7BF0 FE	FE AA+	      .BYTE 0, $FF, $FF, 0, 0, 0, 0, $FF
7BF0 55	7E 7E+	      .BYTE 0, $F8, $FC, 0, 2, 0, 0, 0
7BF0 7E	7E 7E+	      .BYTE $84, $C6, $C6, $C6,	$C6, $C6, $C6, $C6
7BF0 7E	AA 00+	      .BYTE 2, 2, $A, $A, $A, $A, 2, 2
7BF0 40	D0 E0+	      .BYTE $80, $80, $A0, $A0,	$A0, $A0, $80, $80
7BF0 F8	FE FE+	      .BYTE 0, 0, 0, $FF, $FF, 0, 0, $66
7BF0 AA	10 00+	      .BYTE $66, 0, 0, 0, 0, 0,	$18, $24
7BF0 10	18 18+	      .BYTE 0, $3F, $7F, $60, $60, $60,	$60, $40
7BF0 18	18 18+	      .BYTE 0, $F0, $F8, 4, 0, 0, 0, 0
7BF0 18	18 18+	      .BYTE 0, 0, 0, 0,	$20, $1F, $F, 0
7BF0 18	18 18+	      .BYTE 4, 6, 6, 6,	6, $FE,	$FC, 0
7BF0 18	18 3C+	      .BYTE 0, 0, 0, 0,	0, 0, 0, 0
7BF0 FF	00 DB+	      .BYTE $73, $60, 0, $7F, $7F, $30,	$18, $18
7BF0 DB	00 FF+	      .BYTE $CE, 6, 0, $FE, $FE, $C, $18, 8
7BF0 3C	00 03+	      .BYTE 0, $33, $73, $F1, $30, $30,	$31, $31
7BF0 07	0E 1C+	      .BYTE $31, $31, $30, $B0,	$F1, $73, $33, 0
7BF0 38	60 8C+	      .BYTE $FF, 0, 0, $FF, $FF, 0, 0, 0
7BF0 00	FF FF+	      .BYTE $31, $31, $31, $31,	$31, $31, $31, $31
7BF0 00	00 3F+	      .BYTE 0, $7C, $C6, $FE, $C6, $C6,	$E6, 0
7BF0 40	80 00+	      .BYTE 0, $FC, $C6, $FC, $C6, $C6,	$FC, 0
7BF0 FF	FF 00+	      .BYTE 0, $FC, $C6, $C6, $C6, $C6,	$FC, 0
7BF0 00	F8 02+	      .BYTE 0, $FE, $C2, $F0, $C0, $C2,	$FE, 0
7BF0 00	00 C0+	      .BYTE 0, $CC, $D8, $F0, $D8, $CC,	$E6, 0
7BF0 E0	70 38+	      .BYTE 0, $C6, $E6, $F6, $DE, $CE,	$E6, 0
7BF0 0C	00 31+	      .BYTE 0, $7C, $C6, $C6, $C6, $C6,	$7C, 0
7BF0 56	42 42+	      .BYTE 0, $FC, $C6, $FC, $D8, $CC,	$E6, 0
7BF0 7E	7E 42+	      .BYTE 0, $E7, $C3, $DB, $FF, $E7,	$C3, 0
7BF0 42	7E 7E+	      .BYTE $24, $18, 0, 0, 0, 0, 0, $66
7BF0 42	42 7E+	      .BYTE $66, 0, 0, $FF, $FF, 0, 0, 0
7BF0 7E	42 42+	      .BYTE $FF, 0, 0, 0, 0, 0,	0, $66
7BF0 7E	7E 42+	      .BYTE 0, 0, 0, 0,	0, 0, 0, 0
7BF0 42	7E 7E+	      .BYTE $FF, 0, 0, 0, 0, 0,	0, 0
7BF0 42	42 AA+	      .BYTE 0, 0, 0, 0,	0, 0, 0, 0
7BF0 AA	AA AA+	      .BYTE 0, 0, 0, 7,	$F, $1C, $18, $18
7BF0 AA	AA AA+	      .BYTE 0, 0, 0, $FF, $FF, 0, 0, 0
7BF0 AA	AA 00+	      .BYTE 0, 0, 0, $C0, $E0, 8, 0, 0
7BF0 00	00 00+	      .BYTE 0, 0, 0, $BA, $AE, 0, 0, 0
7BF0 00	00 00+	      .BYTE 0, 0, 0, $AE, $BA, 0, 0, 0
7BF0 00	80 00+	      .BYTE 0, $2A, $AE, $BE, $BE, $AE,	$2A, 0
7BF0 20	30 98+	      .BYTE 0, $AA, $BE, $BE, $BE, $BE,	$AA, 0
7BF0 9C	0E 07+	      .BYTE 0, 0, $AA, $BE, $BE, $BE, $BE, $BE
7BF0 C3	E3 73+	      .BYTE $BE, $BE, $BE, $BE,	$BE, $BE, $BE, $BE
7BF0 33	33 33+	      .BYTE $BE, $BE, $BE, $BE,	$BE, $AA, 0, 0
7BF0 33	33 33+	      .BYTE $AA, $FF, $FF, $FF,	$FF, $FF, $FF, $FF
7BF0 33	33 33+	      .BYTE $A,	$2A, $AE, $BE, $BE, $AE, $2A, $A
7BF0 33	73 E3+	      .BYTE $A0, $A8, $BA, $BE,	$BE, $BA, $A8, $A0
7BF0 C3	07 0E+	      .BYTE 0, 0, 0, 0,	0, $28,	$AA, $AA
7BF0 9C	B8 30+	      .BYTE $AA, $AA, $28, 0, 0, 0, 0, 0
7BF0 60	C0 80+	      .BYTE 0, $A8, $BA, $BE, $BE, $BA,	$A8, 0
7BF0 86	06 06+	      .BYTE $FF, $FF, $FF, $FF,	$FF, $FF, $FF, $AA
7BF0 06	0E FC+	      .BYTE 0, $66, $66, $7E, $18, $18,	$18, 0
8000 00	00 00+byte_0_8000:.BYTE	0, 0, 0, 0, 0, 0, 0, 0,	0, 0, 0, 0, 0, 0, 0, 0,	0, 0, 0, 0, 0, 0, 0, 0,	0, 0, 0, 0
8000 00	00 00+					  ; ShowTitle+52↑w
8000 00	00 00+					  ; GetNearChar+12↑r
8000 00	00 00+	      .BYTE 0, 0, 0, 0,	0, 0, 0, 0, 0, 0, 0, 0,	0, 0, 0, 0, 0, 0, 0, 0,	0, 0, 0, 0, 0, 0, 0, 0
8000 00	00 00+	      .BYTE 0, 0, 0, 0,	0, 0, 0, 0, 0, 0, 0, 0,	0, 0, 0, 0, 0, 0, 0, 0,	0, 0, 0, 0, 0, 0, 0, 0
8000 00	00 00+	      .BYTE 0, 0, 0, 0,	0, 0, 0, 0, 0, 0, 0, 0,	0, 0, 0, 0, 0, 0, 0, 0,	0, 0, 0, 0, 0, 0, 0, 0
8000 00	00 00+	      .BYTE 0, 0, 0, 0,	0, 0, 0, 0, 0, 0, 0, 0,	0, 0, 0, 0, 0, 0, 0, 0,	0, 0, 0, 0, 0, 0, 0, 0
8000 00	00 00+	      .BYTE 0, 0, 0, 0,	0, 0, 0, 0, 0, 0, 0, 0,	0, 0, 0, 0, 0, 0, 0, 0,	0, 0, 0, 0, 0, 0, 0, 0
8000 00	00 00+	      .BYTE 0, 0, 0, 0,	0, 0, 0, 0, 0, 0, 0, 0,	0, 0, 0, 0, 0, 0, 0, 0,	0, 0, 0, 0, 0, 0, 0, 0
8000 00	00 00+	      .BYTE 0, 0, 0, 0,	0, 0, 0, 0, 0, 0, 0, 0,	0, 0, 0, 0, 0, 0, 0, 0,	0, 0, 0, 0, 0, 0, 0, 0
8000 00	00 00+	      .BYTE 0, 0, 0, 0,	0, 0, 0, 0, 0, 0, 0, 0,	0, 0, 0, 0, 0, 0, 0, 0,	0, 0, 0, 0, 0, 0, 0, 0
8000 00	00 00+	      .BYTE 0, 0, 0, 0,	0, 0, 0, 0, 0, 0, 0, 0,	0, 0, 0, 0, 0, 0, 0, 0,	0, 0, 0, 0, 0, 0, 0, 0
8000 00	00 00+	      .BYTE 0, 0, 0, 0,	0, 0, 0, 0, 0, 0, 0, 0,	0, 0, 0, 0, 0, 0, 0, 0,	0, 0, 0, 0, 0, 0, 0, 0
8000 00	00 00+	      .BYTE 0, 0, 0, 0,	0, 0, 0, 0, 0, 0, 0, 0,	0, 0, 0, 0, 0, 0, 0, 0,	0, 0, 0, 0, 0, 0, 0, 0
8000 00	00 00+	      .BYTE 0, 0, 0, 0,	0, 0, 0, 0, 0, 0, 0, 0,	0, 0, 0, 0, 0, 0, 0, 0,	0, 0, 0, 0, 0, 0, 0, 0
8000 00	00 00+	      .BYTE 0, 0, 0, 0,	0, 0, 0, 0, 0, 0, 0, 0,	0, 0, 0, 0, 0, 0, 0, 0,	0, 0, 0, 0, 0, 0, 0, 0
8000 00	00 00+	      .BYTE 0, 0, 0, 0,	0, 0, 0, 0, 0, 0, 0, 0,	0, 0, 0, 0, 0, 0, 0, 0,	0, 0, 0, 0, 0, 0, 0, 0
8000 00	00 00+	      .BYTE 0, 0, 0, 0,	0, 0, 0, 0, 0, 0, 0, 0,	0, 0, 0, 0, 0, 0, 0, 0,	0, 0, 0, 0, 0, 0, 0, 0
8000 00	00 00+	      .BYTE 0, 0, 0, 0,	0, 0, 0, 0, 0, 0, 0, 0,	0, 0, 0, 0, 0, 0, 0, 0,	0, 0, 0, 0, 0, 0, 0, 0
8000 00	00 00+	      .BYTE 0, 0, 0, 0,	0, 0, 0, 0, 0, 0, 0, 0,	0, 0, 0, 0, 0, 0, 0, 0,	0, 0, 0, 0, 0, 0, 0, 0
8000 00	00 00+	      .BYTE 0, 0, 0, 0,	0, 0, 0, 0, 0, 0, 0, 0,	0, 0, 0, 0, 0, 0, 0, 0,	0, 0, 0, 0, 0, 0, 0, 0
8000 00	00 00+	      .BYTE 0, 0, 0, 0,	0, 0, 0, 0, 0, 0, 0, 0,	0, 0, 0, 0, 0, 0, 0, 0,	0, 0, 0, 0, 0, 0, 0, 0
8000 00	00 00+	      .BYTE 0, 0, 0, 0,	0, 0, 0, 0, 0, 0, 0, 0,	0, 0, 0, 0, 0, 0, 0, 0,	0, 0, 0, 0, 0, 0, 0, 0
8000 00	00 00+	      .BYTE 0, 0, 0, 0,	0, 0, 0, 0, 0, 0, 0, 0,	0, 0, 0, 0, 0, 0, 0, 0,	0, 0, 0, 0, 0, 0, 0, 0
8000 00	00 00+	      .BYTE 0, 0, 0, 0,	0, 0, 0, 0, 0, 0, 0, 0,	0, 0, 0, 0, 0, 0, 0, 0,	0, 0, 0, 0, 0, 0, 0, 0
8000 00	00 00+	      .BYTE 0, 0, 0, 0,	0, 0, 0, 0, 0, 0, 0, 0,	0, 0, 0, 0, 0, 0, 0, 0,	0, 0, 0, 0, 0, 0, 0, 0
8000 00	00 00+	      .BYTE 0, 0, 0, 0,	0, 0, 0, 0, 0, 0, 0, 0,	0, 0, 0, 0, 0, 0, 0, 0,	0, 0, 0, 0, 0, 0, 0, 0
8000 00	00 00+	      .BYTE 0, 0, 0, 0,	0, 0, 0, 0, 0, 0, 0, 0,	0, 0, 0, 0, 0, 0, 0, 0,	0, 0, 0, 0, 0, 0, 0, 0
8000 00	00 00+	      .BYTE 0, 0, 0, 0,	0, 0, 0, 0, 0, 0, 0, 0,	0, 0, 0, 0, 0, 0, 0, 0,	0, 0, 0, 0, 0, 0, 0, 0
8000 00	00 00+	      .BYTE 0, 0, 0, 0,	0, 0, 0, 0, 0, 0, 0, 0,	0, 0, 0, 0, 0, 0, 0, 0,	0, 0, 0, 0, 0, 0, 0, 0
8000 00	00 00+	      .BYTE 0, 0, 0, 0,	0, 0, 0, 0, 0, 0, 0, 0,	0, 0, 0, 0, 0, 0, 0, 0,	0, 0, 0, 0, 0, 0, 0, 0
8000 00	00 00+	      .BYTE 0, 0, 0, 0,	0, 0, 0, 0, 0, 0, 0, 0,	0, 0, 0, 0, 0, 0, 0, 0,	0, 0, 0, 0, 0, 0, 0, 0
8000 00	00 00+	      .BYTE 0, 0, 0, 0,	0, 0, 0, 0, 0, 0, 0, 0,	0, 0, 0, 0, 0, 0, 0, 0,	0, 0, 0, 0, 0, 0, 0, 0
8000 00	00 00+	      .BYTE 0, 0, 0, 0,	0, 0, 0, 0, 0, 0, 0, 0,	0, 0, 0, 0, 0, 0, 0, 0,	0, 0, 0, 0, 0, 0, 0, 0
8000 00	00 00+	      .BYTE 0, 0, 0, 0,	0, 0, 0, 0, 0, 0, 0, 0,	0, 0, 0, 0, 0, 0, 0, 0,	0, 0, 0, 0, 0, 0, 0, 0
8000 00	00 00+	      .BYTE 0, 0, 0, 0,	0, 0, 0, 0, 0, 0, 0, 0,	0, 0, 0, 0, 0, 0, 0, 0,	0, 0, 0, 0, 0, 0, 0, 0
8000 00	00 00+	      .BYTE 0, 0, 0, 0,	0, 0, 0, 0, 0, 0, 0, 0,	0, 0, 0, 0, 0, 0, 0, 0,	0, 0, 0, 0, 0, 0, 0, 0
8000 00	00 00+	      .BYTE 0, 0, 0, 0,	0, 0, 0, 0, 0, 0, 0, 0,	0, 0, 0, 0, 0, 0, 0, 0,	0, 0, 0, 0, 0, 0, 0, 0
8000 00	00 00+	      .BYTE 0, 0, 0, 0,	0, 0, 0, 0, 0, 0, 0, 0,	0, 0, 0, 0, 0, 0, 0, 0,	0, 0, 0, 0, 0, 0, 0, 0
8000 00	00 00+	      .BYTE 0, 0, 0, 0,	0, 0, 0, 0, 0, 0, 0, 0,	0, 0, 0, 0, 0, 0, 0, 0,	0, 0, 0, 0, 0, 0, 0, 0
8000 00	00 00+	      .BYTE 0, 0, 0, 0,	0, 0, 0, 0, 0, 0, 0, 0,	0, 0, 0, 0, 0, 0, 0, 0,	0, 0, 0, 0, 0, 0, 0, 0
8000 00	00 00+	      .BYTE 0, 0, 0, 0,	0, 0, 0, 0, 0, 0, 0, 0,	0, 0, 0, 0, 0, 0, 0, 0,	0, 0, 0, 0, 0, 0, 0, 0
8000 00	00 00+	      .BYTE 0, 0, 0, 0,	0, 0, 0, 0, 0, 0, 0, 0,	0, 0, 0, 0, 0, 0, 0, 0,	0, 0, 0, 0, 0, 0, 0, 0
8000 00	00 00+	      .BYTE 0, 0, 0, 0,	0, 0, 0, 0, 0, 0, 0, 0,	0, 0, 0, 0, 0, 0, 0, 0,	0, 0, 0, 0, 0, 0, 0, 0
8000 00	00 00+	      .BYTE 0, 0, 0, 0,	0, 0, 0, 0, 0, 0, 0, 0,	0, 0, 0, 0, 0, 0, 0, 0,	0, 0, 0, 0, 0, 0, 0, 0
8000 00	00 00+	      .BYTE 0, 0, 0, 0,	0, 0, 0, 0, 0, 0, 0, 0,	0, 0, 0, 0, 0, 0, 0, 0,	0, 0, 0, 0, 0, 0, 0, 0
8000 00	00 00+	      .BYTE 0, 0, 0, 0,	0, 0, 0, 0, 0, 0, 0, 0,	0, 0, 0, 0, 0, 0, 0, 0,	0, 0, 0, 0, 0, 0, 0, 0
8000 00	00 00+	      .BYTE 0, 0, 0, 0,	0, 0, 0, 0, 0, 0, 0, 0,	0, 0, 0, 0, 0, 0, 0, 0,	0, 0, 0, 0, 0, 0, 0, 0
8000 00	00 00+	      .BYTE 0, 0, 0, 0,	0, 0, 0, 0, 0, 0, 0, 0,	0, 0, 0, 0, 0, 0, 0, 0,	0, 0, 0, 0, 0, 0, 0, 0
8000 00	00 00+	      .BYTE 0, 0, 0, 0,	0, 0, 0, 0, 0, 0, 0, 0,	0, 0, 0, 0, 0, 0, 0, 0,	0, 0, 0, 0, 0, 0, 0, 0
8000 00	00 00+	      .BYTE 0, 0, 0, 0,	0, 0, 0, 0, 0, 0, 0, 0,	0, 0, 0, 0, 0, 0, 0, 0,	0, 0, 0, 0, 0, 0, 0, 0
8000 00	00 00+	      .BYTE 0, 0, 0, 0,	0, 0, 0, 0, 0, 0, 0, 0,	0, 0, 0, 0, 0, 0, 0, 0,	0, 0, 0, 0, 0, 0, 0, 0
8000 00	00 00+	      .BYTE 0, 0, 0, 0,	0, 0, 0, 0, 0, 0, 0, 0,	0, 0, 0, 0, 0, 0, 0, 0,	0, 0, 0, 0, 0, 0, 0, 0
8000 00	00 00+	      .BYTE 0, 0, 0, 0,	0, 0, 0, 0, 0, 0, 0, 0,	0, 0, 0, 0, 0, 0, 0, 0,	0, 0, 0, 0, 0, 0, 0, 0
8000 00	00 00+	      .BYTE 0, 0, 0, 0,	0, 0, 0, 0, 0, 0, 0, 0,	0, 0, 0, 0, 0, 0, 0, 0,	0, 0, 0, 0, 0, 0, 0, 0
8000 00	00 00+	      .BYTE 0, 0, 0, 0,	0, 0, 0, 0, 0, 0, 0, 0,	0, 0, 0, 0, 0, 0, 0, 0,	0, 0, 0, 0, 0, 0, 0, 0
8000 00	00 00+	      .BYTE 0, 0, 0, 0,	0, 0, 0, 0, 0, 0, 0, 0,	0, 0, 0, 0, 0, 0, 0, 0,	0, 0, 0, 0, 0, 0, 0, 0
8000 00	00 00+	      .BYTE 0, 0, 0, 0,	0, 0, 0, 0, 0, 0, 0, 0,	0, 0, 0, 0, 0, 0, 0, 0,	0, 0, 0, 0, 0, 0, 0, 0
8000 00	00 00+	      .BYTE 0, 0, 0, 0,	0, 0, 0, 0, 0, 0, 0, 0,	0, 0, 0, 0, 0, 0, 0, 0,	0, 0, 0, 0, 0, 0, 0, 0
8000 00	00 00+	      .BYTE 0, 0, 0, 0,	0, 0, 0, 0, 0, 0, 0, 0,	0, 0, 0, 0, 0, 0, 0, 0,	0, 0, 0, 0, 0, 0, 0, 0
8000 00	00 00+	      .BYTE 0, 0, 0, 0,	0, 0, 0, 0, 0, 0, 0, 0,	0, 0, 0, 0, 0, 0, 0, 0,	0, 0, 0, 0, 0, 0, 0, 0
8000 00	00 00+	      .BYTE 0, 0, 0, 0,	0, 0, 0, 0, 0, 0, 0, 0,	0, 0, 0, 0, 0, 0, 0, 0,	0, 0, 0, 0, 0, 0, 0, 0
8000 00	00 00+	      .BYTE 0, 0, 0, 0,	0, 0, 0, 0, 0, 0, 0, 0,	0, 0, 0, 0, 0, 0, 0, 0,	0, 0, 0, 0, 0, 0, 0, 0
8000 00	00 00+	      .BYTE 0, 0, 0, 0,	0, 0, 0, 0, 0, 0, 0, 0,	0, 0, 0, 0, 0, 0, 0, 0,	0, 0, 0, 0, 0, 0, 0, 0
8000 00	00 00+	      .BYTE 0, 0, 0, 0,	0, 0, 0, 0, 0, 0, 0, 0,	0, 0, 0, 0, 0, 0, 0, 0,	0, 0, 0, 0, 0, 0, 0, 0
8000 00	00 00+	      .BYTE 0, 0, 0, 0,	0, 0, 0, 0, 0, 0, 0, 0,	0, 0, 0, 0, 0, 0, 0, 0,	0, 0, 0, 0, 0, 0, 0, 0
8000 00	00 00+	      .BYTE 0, 0, 0, 0,	0, 0, 0, 0, 0, 0, 0, 0,	0, 0, 0, 0, 0, 0, 0, 0,	0, 0, 0, 0, 0, 0, 0, 0
8000 00	00 00+	      .BYTE 0, 0, 0, 0,	0, 0, 0, 0, 0, 0, 0, 0,	0, 0, 0, 0, 0, 0, 0, 0,	0, 0, 0, 0, 0, 0, 0, 0
8000 00	00 00+	      .BYTE 0, 0, 0, 0,	0, 0, 0, 0, 0, 0, 0, 0,	0, 0, 0, 0, 0, 0, 0, 0,	0, 0, 0, 0, 0, 0, 0, 0
8000 00	00 00+	      .BYTE 0, 0, 0, 0,	0, 0, 0, 0, 0, 0, 0, 0,	0, 0, 0, 0, 0, 0, 0, 0,	0, 0, 0, 0, 0, 0, 0, 0
8000 00	00 00+	      .BYTE 0, 0, 0, 0,	0, 0, 0, 0, 0, 0, 0, 0,	0, 0, 0, 0, 0, 0, 0, 0,	0, 0, 0, 0, 0, 0, 0, 0
8000 00	00 00+	      .BYTE 0, 0, 0, 0,	0, 0, 0, 0, 0, 0, 0, 0,	0, 0, 0, 0, 0, 0, 0, 0,	0, 0, 0, 0, 0, 0, 0, 0
8000 00	00 00+	      .BYTE 0, 0, 0, 0,	0, 0, 0, 0, 0, 0, 0, 0,	0, 0, 0, 0, 0, 0, 0, 0,	0, 0, 0, 0, 0, 0, 0, 0
8000 00	00 00+	      .BYTE 0, 0, 0, 0,	0, 0, 0, 0, 0, 0, 0, 0,	0, 0, 0, 0, 0, 0, 0, 0,	0, 0, 0, 0, 0, 0, 0, 0
8000 00	00 00+	      .BYTE 0, 0, 0, 0,	0, 0, 0, 0, 0, 0, 0, 0,	0, 0, 0, 0, 0, 0, 0, 0,	0, 0, 0, 0, 0, 0, 0, 0
8000 00	00 00+	      .BYTE 0, 0, 0, 0,	0, 0, 0, 0, 0, 0, 0, 0,	0, 0, 0, 0, 0, 0, 0, 0,	0, 0, 0, 0, 0, 0, 0, 0
8000 00	00 00+	      .BYTE 0, 0, 0, 0,	0, 0, 0, 0, 0, 0, 0, 0,	0, 0, 0, 0, 0, 0, 0, 0,	0, 0, 0, 0, 0, 0, 0, 0
8000 00	00 00+	      .BYTE 0, 0, 0, 0,	0, 0, 0, 0, 0, 0, 0, 0,	0, 0, 0, 0, 0, 0, 0, 0,	0, 0, 0, 0, 0, 0, 0, 0
8000 00	00 00+	      .BYTE 0, 0, 0, 0,	0, 0, 0, 0, 0, 0, 0, 0,	0, 0, 0, 0, 0, 0, 0, 0,	0, 0, 0, 0, 0, 0, 0, 0
8000 00	00 00+	      .BYTE 0, 0, 0, 0,	0, 0, 0, 0, 0, 0, 0, 0,	0, 0, 0, 0, 0, 0, 0, 0,	0, 0, 0, 0, 0, 0, 0, 0
8000 00	00 00+	      .BYTE 0, 0, 0, 0,	0, 0, 0, 0, 0, 0, 0, 0,	0, 0, 0, 0, 0, 0, 0, 0,	0, 0, 0, 0, 0, 0, 0, 0
8000 00	00 00+	      .BYTE 0, 0, 0, 0,	0, 0, 0, 0, 0, 0, 0, 0,	0, 0, 0, 0, 0, 0, 0, 0,	0, 0, 0, 0, 0, 0, 0, 0
8000 00	00 00+	      .BYTE 0, 0, 0, 0,	0, 0, 0, 0, 0, 0, 0, 0,	0, 0, 0, 0, 0, 0, 0, 0,	0, 0, 0, 0, 0, 0, 0, 0
8000 00	00 00+	      .BYTE 0, 0, 0, 0,	0, 0, 0, 0, 0, 0, 0, 0,	0, 0, 0, 0, 0, 0, 0, 0,	0, 0, 0, 0, 0, 0, 0, 0
8000 00	00 00+	      .BYTE 0, 0, 0, 0,	0, 0, 0, 0, 0, 0, 0, 0,	0, 0, 0, 0, 0, 0, 0, 0,	0, 0, 0, 0, 0, 0, 0, 0
8000 00	00 00+	      .BYTE 0, 0, 0, 0,	0, 0, 0, 0, 0, 0, 0, 0,	0, 0, 0, 0, 0, 0, 0, 0,	0, 0, 0, 0, 0, 0, 0, 0
8000 00	00 00+	      .BYTE 0, 0, 0, 0,	0, 0, 0, 0, 0, 0, 0, 0,	0, 0, 0, 0, 0, 0, 0, 0,	0, 0, 0, 0, 0, 0, 0, 0
8000 00	00 00+	      .BYTE 0, 0, 0, 0,	0, 0, 0, 0, 0, 0, 0, 0,	0, 0, 0, 0, 0, 0, 0, 0,	0, 0, 0, 0, 0, 0, 0, 0
8000 00	00 00+	      .BYTE 0, 0, 0, 0,	0, 0, 0, 0, 0, 0, 0, 0,	0, 0, 0, 0, 0, 0, 0, 0,	0, 0, 0, 0, 0, 0, 0, 0
8000 00	00 00+	      .BYTE 0, 0, 0, 0,	0, 0, 0, 0, 0, 0, 0, 0,	0, 0, 0, 0, 0, 0, 0, 0,	0, 0, 0, 0, 0, 0, 0, 0
8000 00	00 00+	      .BYTE 0, 0, 0, 0,	0, 0, 0, 0, 0, 0, 0, 0,	0, 0, 0, 0, 0, 0, 0, 0,	0, 0, 0, 0, 0, 0, 0, 0
8000 00	00 00+	      .BYTE 0, 0, 0, 0,	0, 0, 0, 0, 0, 0, 0, 0,	0, 0, 0, 0, 0, 0, 0, 0,	0, 0, 0, 0, 0, 0, 0, 0
8000 00	00 00+	      .BYTE 0, 0, 0, 0,	0, 0, 0, 0, 0, 0, 0, 0,	0, 0, 0, 0, 0, 0, 0, 0,	0, 0, 0, 0, 0, 0, 0, 0
8000 00	00 00+	      .BYTE 0, 0, 0, 0,	0, 0, 0, 0, 0, 0, 0, 0,	0, 0, 0, 0, 0, 0, 0, 0,	0, 0, 0, 0, 0, 0, 0, 0
8000 00	00 00+	      .BYTE 0, 0, 0, 0,	0, 0, 0, 0, 0, 0, 0, 0,	0, 0, 0, 0, 0, 0, 0, 0,	0, 0, 0, 0, 0, 0, 0, 0
8000 00	00 00+	      .BYTE 0, 0, 0, 0,	0, 0, 0, 0, 0, 0, 0, 0,	0, 0, 0, 0, 0, 0, 0, 0,	0, 0, 0, 0, 0, 0, 0, 0
8000 00	00 00+	      .BYTE 0, 0, 0, 0,	0, 0, 0, 0, 0, 0, 0, 0,	0, 0, 0, 0, 0, 0, 0, 0,	0, 0, 0, 0, 0, 0, 0, 0
8000 00	00 00+	      .BYTE 0, 0, 0, 0,	0, 0, 0, 0, 0, 0, 0, 0,	0, 0, 0, 0, 0, 0, 0, 0,	0, 0, 0, 0, 0, 0, 0, 0
8000 00	00 00+	      .BYTE 0, 0, 0, 0,	0, 0, 0, 0, 0, 0, 0, 0,	0, 0, 0, 0, 0, 0, 0, 0,	0, 0, 0, 0, 0, 0, 0, 0
8000 00	00 00+	      .BYTE 0, 0, 0, 0,	0, 0, 0, 0, 0, 0, 0, 0,	0, 0, 0, 0, 0, 0, 0, 0,	0, 0, 0, 0, 0, 0, 0, 0
8000 00	00 00+	      .BYTE 0, 0, 0, 0,	0, 0, 0, 0, 0, 0, 0, 0,	0, 0, 0, 0, 0, 0, 0, 0,	0, 0, 0, 0, 0, 0, 0, 0
8000 00	00 00+	      .BYTE 0, 0, 0, 0,	0, 0, 0, 0, 0, 0, 0, 0,	0, 0, 0, 0, 0, 0, 0, 0,	0, 0, 0, 0, 0, 0, 0, 0
8000 00	00 00+	      .BYTE 0, 0, 0, 0,	0, 0, 0, 0, 0, 0, 0, 0,	0, 0, 0, 0, 0, 0, 0, 0,	0, 0, 0, 0, 0, 0, 0, 0
8000 00	00 00+	      .BYTE 0, 0, 0, 0,	0, 0, 0, 0, 0, 0, 0, 0,	0, 0, 0, 0, 0, 0, 0, 0,	0, 0, 0, 0, 0, 0, 0, 0
8000 00	00 00+	      .BYTE 0, 0, 0, 0,	0, 0, 0, 0, 0, 0, 0, 0,	0, 0, 0, 0, 0, 0, 0, 0,	0, 0, 0, 0, 0, 0, 0, 0
8000 00	00 00+	      .BYTE 0, 0, 0, 0,	0, 0, 0, 0, 0, 0, 0, 0,	0, 0, 0, 0, 0, 0, 0, 0,	0, 0, 0, 0, 0, 0, 0, 0
8000 00	00 00+	      .BYTE 0, 0, 0, 0,	0, 0, 0, 0, 0, 0, 0, 0,	0, 0, 0, 0, 0, 0, 0, 0,	0, 0, 0, 0, 0, 0, 0, 0
8000 00	00 00+	      .BYTE 0, 0, 0, 0,	0, 0, 0, 0, 0, 0, 0, 0,	0, 0, 0, 0, 0, 0, 0, 0,	0, 0, 0, 0, 0, 0, 0, 0
8000 00	00 00+	      .BYTE 0, 0, 0, 0,	0, 0, 0, 0, 0, 0, 0, 0,	0, 0, 0, 0, 0, 0, 0, 0,	0, 0, 0, 0, 0, 0, 0, 0
8000 00	00 00+	      .BYTE 0, 0, 0, 0,	0, 0, 0, 0, 0, 0, 0, 0,	0, 0, 0, 0, 0, 0, 0, 0,	0, 0, 0, 0, 0, 0, 0, 0
8000 00	00 00+	      .BYTE 0, 0, 0, 0,	0, 0, 0, 0, 0, 0, 0, 0,	0, 0, 0, 0, 0, 0, 0, 0,	0, 0, 0, 0, 0, 0, 0, 0
8000 00	00 00+	      .BYTE 0, 0, 0, 0,	0, 0, 0, 0, 0, 0, 0, 0,	0, 0, 0, 0, 0, 0, 0, 0,	0, 0, 0, 0, 0, 0, 0, 0
8000 00	00 00+	      .BYTE 0, 0, 0, 0,	0, 0, 0, 0, 0, 0, 0, 0,	0, 0, 0, 0, 0, 0, 0, 0,	0, 0, 0, 0, 0, 0, 0, 0
8000 00	00 00+	      .BYTE 0, 0, 0, 0,	0, 0, 0, 0, 0, 0, 0, 0,	0, 0, 0, 0, 0, 0, 0, 0,	0, 0, 0, 0, 0, 0, 0, 0
8000 00	00 00+	      .BYTE 0, 0, 0, 0,	0, 0, 0, 0, 0, 0, 0, 0,	0, 0, 0, 0, 0, 0, 0, 0,	0, 0, 0, 0, 0, 0, 0, 0
8000 00	00 00+	      .BYTE 0, 0, 0, 0,	0, 0, 0, 0, 0, 0, 0, 0,	0, 0, 0, 0, 0, 0, 0, 0,	0, 0, 0, 0, 0, 0, 0, 0
8000 00	00 00+	      .BYTE 0, 0, 0, 0,	0, 0, 0, 0, 0, 0, 0, 0,	0, 0, 0, 0, 0, 0, 0, 0,	0, 0, 0, 0, 0, 0, 0, 0
8000 00	00 00+	      .BYTE 0, 0, 0, 0,	0, 0, 0, 0, 0, 0, 0, 0,	0, 0, 0, 0, 0, 0, 0, 0,	0, 0, 0, 0, 0, 0, 0, 0
8000 00	00 00+	      .BYTE 0, 0, 0, 0,	0, 0, 0, 0, 0, 0, 0, 0,	0, 0, 0, 0, 0, 0, 0, 0,	0, 0, 0, 0, 0, 0, 0, 0
8000 00	00 00+	      .BYTE 0, 0, 0, 0,	0, 0, 0, 0, 0, 0, 0, 0,	0, 0, 0, 0, 0, 0, 0, 0,	0, 0, 0, 0, 0, 0, 0, 0
8000 00	00 00+	      .BYTE 0, 0, 0, 0,	0, 0, 0, 0, 0, 0, 0, 0,	0, 0, 0, 0, 0, 0, 0, 0,	0, 0, 0, 0, 0, 0, 0, 0
8000 00	00 00+	      .BYTE 0, 0, 0, 0,	0, 0, 0, 0, 0, 0, 0, 0,	0, 0, 0, 0, 0, 0, 0, 0,	0, 0, 0, 0, 0, 0, 0, 0
8000 00	00 00+	      .BYTE 0, 0, 0, 0,	0, 0, 0, 0, 0, 0, 0, 0,	0, 0, 0, 0, 0, 0, 0, 0,	0, 0, 0, 0, 0, 0, 0, 0
8000 00	00 00+	      .BYTE 0, 0, 0, 0,	0, 0, 0, 0, 0, 0, 0, 0,	0, 0, 0, 0, 0, 0, 0, 0,	0, 0, 0, 0, 0, 0, 0, 0
8000 00	00 00+	      .BYTE 0, 0, 0, 0,	0, 0, 0, 0, 0, 0, 0, 0,	0, 0, 0, 0, 0, 0, 0, 0,	0, 0, 0, 0, 0, 0, 0, 0
8000 00	00 00+	      .BYTE 0, 0, 0, 0,	0, 0, 0, 0, 0, 0, 0, 0,	0, 0, 0, 0, 0, 0, 0, 0,	0, 0, 0, 0, 0, 0, 0, 0
8000 00	00 00+	      .BYTE 0, 0, 0, 0,	0, 0, 0, 0, 0, 0, 0, 0,	0, 0, 0, 0, 0, 0, 0, 0,	0, 0, 0, 0, 0, 0, 0, 0
8000 00	00 00+	      .BYTE 0, 0, 0, 0,	0, 0, 0, 0, 0, 0, 0, 0,	0, 0, 0, 0, 0, 0, 0, 0,	0, 0, 0, 0, 0, 0, 0, 0
8000 00	00 00+	      .BYTE 0, 0, 0, 0,	0, 0, 0, 0, 0, 0, 0, 0,	0, 0, 0, 0, 0, 0, 0, 0,	0, 0, 0, 0, 0, 0, 0, 0
8000 00	00 00+	      .BYTE 0, 0, 0, 0,	0, 0, 0, 0, 0, 0, 0, 0,	0, 0, 0, 0, 0, 0, 0, 0,	0, 0, 0, 0, 0, 0, 0, 0
8000 00	00 00+	      .BYTE 0, 0, 0, 0,	0, 0, 0, 0, 0, 0, 0, 0,	0, 0, 0, 0, 0, 0, 0, 0,	0, 0, 0, 0, 0, 0, 0, 0
8000 00	00 00+	      .BYTE 0, 0, 0, 0,	0, 0, 0, 0, 0, 0, 0, 0,	0, 0, 0, 0, 0, 0, 0, 0,	0, 0, 0, 0, 0, 0, 0, 0
8000 00	00 00+	      .BYTE 0, 0, 0, 0,	0, 0, 0, 0, 0, 0, 0, 0,	0, 0, 0, 0, 0, 0, 0, 0,	0, 0, 0, 0, 0, 0, 0, 0
8000 00	00 00+	      .BYTE 0, 0, 0, 0,	0, 0, 0, 0, 0, 0, 0, 0,	0, 0, 0, 0, 0, 0, 0, 0,	0, 0, 0, 0, 0, 0, 0, 0
8000 00	00 00+	      .BYTE 0, 0, 0, 0,	0, 0, 0, 0, 0, 0, 0, 0,	0, 0, 0, 0, 0, 0, 0, 0,	0, 0, 0, 0, 0, 0, 0, 0
8000 00	00 00+	      .BYTE 0, 0, 0, 0,	0, 0, 0, 0, 0, 0, 0, 0,	0, 0, 0, 0, 0, 0, 0, 0,	0, 0, 0, 0, 0, 0, 0, 0
8000 00	00 00+	      .BYTE 0, 0, 0, 0,	0, 0, 0, 0, 0, 0, 0, 0,	0, 0, 0, 0, 0, 0, 0, 0,	0, 0, 0, 0, 0, 0, 0, 0
8000 00	00 00+	      .BYTE 0, 0, 0, 0,	0, 0, 0, 0, 0, 0, 0, 0,	0, 0, 0, 0, 0, 0, 0, 0,	0, 0, 0, 0, 0, 0, 0, 0
8000 00	00 00+	      .BYTE 0, 0, 0, 0,	0, 0, 0, 0, 0, 0, 0, 0,	0, 0, 0, 0, 0, 0, 0, 0,	0, 0, 0, 0, 0, 0, 0, 0
8000 00	00 00+	      .BYTE 0, 0, 0, 0,	0, 0, 0, 0, 0, 0, 0, 0,	0, 0, 0, 0, 0, 0, 0, 0,	0, 0, 0, 0, 0, 0, 0, 0
8000 00	00 00+	      .BYTE 0, 0, 0, 0,	0, 0, 0, 0, 0, 0, 0, 0,	0, 0, 0, 0, 0, 0, 0, 0,	0, 0, 0, 0, 0, 0, 0, 0
8000 00	00 00+	      .BYTE 0, 0, 0, 0,	0, 0, 0, 0, 0, 0, 0, 0,	0, 0, 0, 0, 0, 0, 0, 0,	0, 0, 0, 0, 0, 0, 0, 0
8000 00	00 00+	      .BYTE 0, 0, 0, 0,	0, 0, 0, 0, 0, 0, 0, 0,	0, 0, 0, 0, 0, 0, 0, 0,	0, 0, 0, 0, 0, 0, 0, 0
8000 00	00 00+	      .BYTE 0, 0, 0, 0,	0, 0, 0, 0, 0, 0, 0, 0,	0, 0, 0, 0, 0, 0, 0, 0,	0, 0, 0, 0, 0, 0, 0, 0
8000 00	00 00+	      .BYTE 0, 0, 0, 0,	0, 0, 0, 0, 0, 0, 0, 0,	0, 0, 0, 0, 0, 0, 0, 0,	0, 0, 0, 0, 0, 0, 0, 0
8000 00	00 00+	      .BYTE 0, 0, 0, 0,	0, 0, 0, 0, 0, 0, 0, 0,	0, 0, 0, 0, 0, 0, 0, 0,	0, 0, 0, 0, 0, 0, 0, 0
8000 00	00 00+	      .BYTE 0, 0, 0, 0,	0, 0, 0, 0, 0, 0, 0, 0,	0, 0, 0, 0, 0, 0, 0, 0,	0, 0, 0, 0, 0, 0, 0, 0
8000 00	00 00+	      .BYTE 0, 0, 0, 0,	0, 0, 0, 0, 0, 0, 0, 0,	0, 0, 0, 0, 0, 0, 0, 0,	0, 0, 0, 0, 0, 0, 0, 0
8000 00	00 00+	      .BYTE 0, 0, 0, 0,	0, 0, 0, 0, 0, 0, 0, 0,	0, 0, 0, 0, 0, 0, 0, 0,	0, 0, 0, 0, 0, 0, 0, 0
8000 00	00 00+	      .BYTE 0, 0, 0, 0,	0, 0, 0, 0, 0, 0, 0, 0,	0, 0, 0, 0, 0, 0, 0, 0,	0, 0, 0, 0, 0, 0, 0, 0
8000 00	00 00+	      .BYTE 0, 0, 0, 0,	0, 0, 0, 0, 0, 0, 0, 0,	0, 0, 0, 0, 0, 0, 0, 0,	0, 0, 0, 0, 0, 0, 0, 0
8000 00	00 00+	      .BYTE 0, 0, 0, 0,	0, 0, 0, 0, 0, 0, 0, 0,	0, 0, 0, 0, 0, 0, 0, 0,	0, 0, 0, 0, 0, 0, 0, 0
8000 00	00 00+	      .BYTE 0, 0, 0, 0,	0, 0, 0, 0, 0, 0, 0, 0,	0, 0, 0, 0, 0, 0, 0, 0,	0, 0, 0, 0, 0, 0, 0, 0
8000 00	00 00+	      .BYTE 0, 0, 0, 0,	0, 0, 0, 0, 0, 0, 0, 0,	0, 0, 0, 0, 0, 0, 0, 0,	0, 0, 0, 0, 0, 0, 0, 0
8000 00	00 00+	      .BYTE 0, 0, 0, 0,	0, 0, 0, 0, 0, 0, 0, 0,	0, 0, 0, 0, 0, 0, 0, 0,	0, 0, 0, 0, 0, 0, 0, 0
8000 00	00 00+	      .BYTE 0, 0, 0, 0,	0, 0, 0, 0, 0, 0, 0, 0,	0, 0, 0, 0, 0, 0, 0, 0,	0, 0, 0, 0, 0, 0, 0, 0
8000 00	00 00+	      .BYTE 0, 0, 0, 0,	0, 0, 0, 0, 0, 0, 0, 0,	0, 0, 0, 0, 0, 0, 0, 0,	0, 0, 0, 0, 0, 0, 0, 0
8000 00	00 00+	      .BYTE 0, 0, 0, 0,	0, 0, 0, 0, 0, 0, 0, 0,	0, 0, 0, 0, 0, 0, 0, 0,	0, 0, 0, 0, 0, 0, 0, 0
8000 00	00 00+	      .BYTE 0, 0, 0, 0,	0, 0, 0, 0, 0, 0, 0, 0,	0, 0, 0, 0, 0, 0, 0, 0,	0, 0, 0, 0, 0, 0, 0, 0
8000 00	00 00+	      .BYTE 0, 0, 0, 0,	0, 0, 0, 0, 0, 0, 0, 0,	0, 0, 0, 0, 0, 0, 0, 0,	0, 0, 0, 0, 0, 0, 0, 0
8000 00	00 00+	      .BYTE 0, 0, 0, 0,	0, 0, 0, 0, 0, 0, 0, 0,	0, 0, 0, 0, 0, 0, 0, 0,	0, 0, 0, 0, 0, 0, 0, 0
8000 00	00 00+	      .BYTE 0, 0, 0, 0,	0, 0, 0, 0, 0, 0, 0, 0,	0, 0, 0, 0, 0, 0, 0, 0,	0, 0, 0, 0, 0, 0, 0, 0
8000 00	00 00+	      .BYTE 0, 0, 0, 0,	0, 0, 0, 0, 0, 0, 0, 0,	0, 0, 0, 0, 0, 0, 0, 0,	0, 0, 0, 0, 0, 0, 0, 0
8000 00	00 00+	      .BYTE 0, 0, 0, 0,	0, 0, 0, 0, 0, 0, 0, 0,	0, 0, 0, 0, 0, 0, 0, 0,	0, 0, 0, 0, 0, 0, 0, 0
8000 00	00 00+	      .BYTE 0, 0, 0, 0,	0, 0, 0, 0, 0, 0, 0, 0,	0, 0, 0, 0, 0, 0, 0, 0,	0, 0, 0, 0, 0, 0, 0, 0
8000 00	00 00+	      .BYTE 0, 0, 0, 0,	0, 0, 0, 0, 0, 0, 0, 0,	0, 0, 0, 0, 0, 0, 0, 0,	0, 0, 0, 0, 0, 0, 0, 0
8000 00	00 00+	      .BYTE 0, 0, 0, 0,	0, 0, 0, 0, 0, 0, 0, 0,	0, 0, 0, 0, 0, 0, 0, 0,	0, 0, 0, 0, 0, 0, 0, 0
8000 00	00 00+	      .BYTE 0, 0, 0, 0,	0, 0, 0, 0, 0, 0, 0, 0,	0, 0, 0, 0, 0, 0, 0, 0,	0, 0, 0, 0, 0, 0, 0, 0
8000 00	00 00+	      .BYTE 0, 0, 0, 0,	0, 0, 0, 0, 0, 0, 0, 0,	0, 0, 0, 0, 0, 0, 0, 0,	0, 0, 0, 0, 0, 0, 0, 0
8000 00	00 00+	      .BYTE 0, 0, 0, 0,	0, 0, 0, 0, 0, 0, 0, 0,	0, 0, 0, 0, 0, 0, 0, 0,	0, 0, 0, 0, 0, 0, 0, 0
8000 00	00 00+	      .BYTE 0, 0, 0, 0,	0, 0, 0, 0, 0, 0, 0, 0,	0, 0, 0, 0, 0, 0, 0, 0,	0, 0, 0, 0, 0, 0, 0, 0
8000 00	00 00+	      .BYTE 0, 0, 0, 0,	0, 0, 0, 0, 0, 0, 0, 0,	0, 0, 0, 0, 0, 0, 0, 0,	0, 0, 0, 0, 0, 0, 0, 0
8000 00	00 00+	      .BYTE 0, 0, 0, 0,	0, 0, 0, 0, 0, 0, 0, 0,	0, 0, 0, 0, 0, 0, 0, 0,	0, 0, 0, 0, 0, 0, 0, 0
8000 00	00 00+	      .BYTE 0, 0, 0, 0,	0, 0, 0, 0, 0, 0, 0, 0,	0, 0, 0, 0, 0, 0, 0, 0,	0, 0, 0, 0, 0, 0, 0, 0
8000 00	00 00+	      .BYTE 0, 0, 0, 0,	0, 0, 0, 0, 0, 0, 0, 0,	0, 0, 0, 0, 0, 0, 0, 0,	0, 0, 0, 0, 0, 0, 0, 0
8000 00	00 00+	      .BYTE 0, 0, 0, 0,	0, 0, 0, 0, 0, 0, 0, 0,	0, 0, 0, 0, 0, 0, 0, 0,	0, 0, 0, 0, 0, 0, 0, 0
8000 00	00 00+	      .BYTE 0, 0, 0, 0,	0, 0, 0, 0, 0, 0, 0, 0,	0, 0, 0, 0, 0, 0, 0, 0,	0, 0, 0, 0, 0, 0, 0, 0
8000 00	00 00+	      .BYTE 0, 0, 0, 0,	0, 0, 0, 0, 0, 0, 0, 0,	0, 0, 0, 0, 0, 0, 0, 0,	0, 0, 0, 0, 0, 0, 0, 0
8000 00	00 00+	      .BYTE 0, 0, 0, 0,	0, 0, 0, 0, 0, 0, 0, 0,	0, 0, 0, 0, 0, 0, 0, 0,	0, 0, 0, 0, 0, 0, 0, 0
8000 00	00 00+	      .BYTE 0, 0, 0, 0,	0, 0, 0, 0, 0, 0, 0, 0,	0, 0, 0, 0, 0, 0, 0, 0,	0, 0, 0, 0, 0, 0, 0, 0
8000 00	00 00+	      .BYTE 0, 0, 0, 0,	0, 0, 0, 0, 0, 0, 0, 0,	0, 0, 0, 0, 0, 0, 0, 0,	0, 0, 0, 0, 0, 0, 0, 0
8000 00	00 00+	      .BYTE 0, 0, 0, 0,	0, 0, 0, 0, 0, 0, 0, 0,	0, 0, 0, 0, 0, 0, 0, 0,	0, 0, 0, 0, 0, 0, 0, 0
8000 00	00 00+	      .BYTE 0, 0, 0, 0,	0, 0, 0, 0, 0, 0, 0, 0,	0, 0, 0, 0, 0, 0, 0, 0,	0, 0, 0, 0, 0, 0, 0, 0
8000 00	00 00+	      .BYTE 0, 0, 0, 0,	0, 0, 0, 0, 0, 0, 0, 0,	0, 0, 0, 0, 0, 0, 0, 0,	0, 0, 0, 0, 0, 0, 0, 0
8000 00	00 00+	      .BYTE 0, 0, 0, 0,	0, 0, 0, 0, 0, 0, 0, 0,	0, 0, 0, 0, 0, 0, 0, 0,	0, 0, 0, 0, 0, 0, 0, 0
8000 00	00 00+	      .BYTE 0, 0, 0, 0,	0, 0, 0, 0, 0, 0, 0, 0,	0, 0, 0, 0, 0, 0, 0, 0,	0, 0, 0, 0, 0, 0, 0, 0
8000 00	00 00+	      .BYTE 0, 0, 0, 0,	0, 0, 0, 0, 0, 0, 0, 0,	0, 0, 0, 0, 0, 0, 0, 0,	0, 0, 0, 0, 0, 0, 0, 0
8000 00	00 00+	      .BYTE 0, 0, 0, 0,	0, 0, 0, 0, 0, 0, 0, 0,	0, 0, 0, 0, 0, 0, 0, 0,	0, 0, 0, 0, 0, 0, 0, 0
8000 00	00 00+	      .BYTE 0, 0, 0, 0,	0, 0, 0, 0, 0, 0, 0, 0,	0, 0, 0, 0, 0, 0, 0, 0,	0, 0, 0, 0, 0, 0, 0, 0
8000 00	00 00+	      .BYTE 0, 0, 0, 0,	0, 0, 0, 0, 0, 0, 0, 0,	0, 0, 0, 0, 0, 0, 0, 0,	0, 0, 0, 0, 0, 0, 0, 0
8000 00	00 00+	      .BYTE 0, 0, 0, 0,	0, 0, 0, 0, 0, 0, 0, 0,	0, 0, 0, 0, 0, 0, 0, 0,	0, 0, 0, 0, 0, 0, 0, 0
8000 00	00 00+	      .BYTE 0, 0, 0, 0,	0, 0, 0, 0, 0, 0, 0, 0,	0, 0, 0, 0, 0, 0, 0, 0,	0, 0, 0, 0, 0, 0, 0, 0
8000 00	00 00+	      .BYTE 0, 0, 0, 0,	0, 0, 0, 0, 0, 0, 0, 0,	0, 0, 0, 0, 0, 0, 0, 0,	0, 0, 0, 0, 0, 0, 0, 0
8000 00	00 00+	      .BYTE 0, 0, 0, 0,	0, 0, 0, 0, 0, 0, 0, 0,	0, 0, 0, 0, 0, 0, 0, 0,	0, 0, 0, 0, 0, 0, 0, 0
8000 00	00 00+	      .BYTE 0, 0, 0, 0,	0, 0, 0, 0, 0, 0, 0, 0,	0, 0, 0, 0, 0, 0, 0, 0,	0, 0, 0, 0, 0, 0, 0, 0
8000 00	00 00+	      .BYTE 0, 0, 0, 0,	0, 0, 0, 0, 0, 0, 0, 0,	0, 0, 0, 0, 0, 0, 0, 0,	0, 0, 0, 0, 0, 0, 0, 0
8000 00	00 00+	      .BYTE 0, 0, 0, 0,	0, 0, 0, 0, 0, 0, 0, 0,	0, 0, 0, 0, 0, 0, 0, 0,	0, 0, 0, 0, 0, 0, 0, 0
8000 00	00 00+	      .BYTE 0, 0, 0, 0,	0, 0, 0, 0, 0, 0, 0, 0,	0, 0, 0, 0, 0, 0, 0, 0,	0, 0, 0, 0, 0, 0, 0, 0
8000 00	00 00+	      .BYTE 0, 0, 0, 0,	0, 0, 0, 0, 0, 0, 0, 0,	0, 0, 0, 0, 0, 0, 0, 0,	0, 0, 0, 0, 0, 0, 0, 0
8000 00	00 00+	      .BYTE 0, 0, 0, 0,	0, 0, 0, 0, 0, 0, 0, 0,	0, 0, 0, 0, 0, 0, 0, 0,	0, 0, 0, 0, 0, 0, 0, 0
8000 00	00 00+	      .BYTE 0, 0, 0, 0,	0, 0, 0, 0, 0, 0, 0, 0,	0, 0, 0, 0, 0, 0, 0, 0,	0, 0, 0, 0, 0, 0, 0, 0
8000 00	00 00+	      .BYTE 0, 0, 0, 0,	0, 0, 0, 0, 0, 0, 0, 0,	0, 0, 0, 0, 0, 0, 0, 0,	0, 0, 0, 0, 0, 0, 0, 0
8000 00	00 00+	      .BYTE 0, 0, 0, 0,	0, 0, 0, 0, 0, 0, 0, 0,	0, 0, 0, 0, 0, 0, 0, 0,	0, 0, 0, 0, 0, 0, 0, 0
8000 00	00 00+	      .BYTE 0, 0, 0, 0,	0, 0, 0, 0, 0, 0, 0, 0,	0, 0, 0, 0, 0, 0, 0, 0,	0, 0, 0, 0, 0, 0, 0, 0
8000 00	00 00+	      .BYTE 0, 0, 0, 0,	0, 0, 0, 0, 0, 0, 0, 0,	0, 0, 0, 0, 0, 0, 0, 0,	0, 0, 0, 0, 0, 0, 0, 0
8000 00	00 00+	      .BYTE 0, 0, 0, 0,	0, 0, 0, 0, 0, 0, 0, 0,	0, 0, 0, 0, 0, 0, 0, 0,	0, 0, 0, 0, 0, 0, 0, 0
8000 00	00 00+	      .BYTE 0, 0, 0, 0,	0, 0, 0, 0, 0, 0, 0, 0,	0, 0, 0, 0, 0, 0, 0, 0,	0, 0, 0, 0, 0, 0, 0, 0
8000 00	00 00+	      .BYTE 0, 0, 0, 0,	0, 0, 0, 0, 0, 0, 0, 0,	0, 0, 0, 0, 0, 0, 0, 0,	0, 0, 0, 0, 0, 0, 0, 0
8000 00	00 00+	      .BYTE 0, 0, 0, 0,	0, 0, 0, 0, 0, 0, 0, 0,	0, 0, 0, 0, 0, 0, 0, 0,	0, 0, 0, 0, 0, 0, 0, 0
8000 00	00 00+	      .BYTE 0, 0, 0, 0,	0, 0, 0, 0, 0, 0, 0, 0,	0, 0, 0, 0, 0, 0, 0, 0,	0, 0, 0, 0, 0, 0, 0, 0
8000 00	00 00+	      .BYTE 0, 0, 0, 0,	0, 0, 0, 0, 0, 0, 0, 0,	0, 0, 0, 0, 0, 0, 0, 0,	0, 0, 0, 0, 0, 0, 0, 0
8000 00	00 00+	      .BYTE 0, 0, 0, 0,	0, 0, 0, 0, 0, 0, 0, 0,	0, 0, 0, 0, 0, 0, 0, 0,	0, 0, 0, 0, 0, 0, 0, 0
8000 00	00 00+	      .BYTE 0, 0, 0, 0,	0, 0, 0, 0, 0, 0, 0, 0,	0, 0, 0, 0, 0, 0, 0, 0,	0, 0, 0, 0, 0, 0, 0, 0
8000 00	00 00+	      .BYTE 0, 0, 0, 0,	0, 0, 0, 0, 0, 0, 0, 0,	0, 0, 0, 0, 0, 0, 0, 0,	0, 0, 0, 0, 0, 0, 0, 0
8000 00	00 00+	      .BYTE 0, 0, 0, 0,	0, 0, 0, 0, 0, 0, 0, 0,	0, 0, 0, 0, 0, 0, 0, 0,	0, 0, 0, 0, 0, 0, 0, 0
8000 00	00 00+	      .BYTE 0, 0, 0, 0,	0, 0, 0, 0, 0, 0, 0, 0,	0, 0, 0, 0, 0, 0, 0, 0,	0, 0, 0, 0, 0, 0, 0, 0
8000 00	00 00+	      .BYTE 0, 0, 0, 0,	0, 0, 0, 0, 0, 0, 0, 0,	0, 0, 0, 0, 0, 0, 0, 0,	0, 0, 0, 0, 0, 0, 0, 0
8000 00	00 00+	      .BYTE 0, 0, 0, 0,	0, 0, 0, 0, 0, 0, 0, 0,	0, 0, 0, 0, 0, 0, 0, 0,	0, 0, 0, 0, 0, 0, 0, 0
8000 00	00 00+	      .BYTE 0, 0, 0, 0,	0, 0, 0, 0, 0, 0, 0, 0,	0, 0, 0, 0, 0, 0, 0, 0,	0, 0, 0, 0, 0, 0, 0, 0
8000 00	00 00+	      .BYTE 0, 0, 0, 0,	0, 0, 0, 0, 0, 0, 0, 0,	0, 0, 0, 0, 0, 0, 0, 0,	0, 0, 0, 0, 0, 0, 0, 0
8000 00	00 00+	      .BYTE 0, 0, 0, 0,	0, 0, 0, 0, 0, 0, 0, 0,	0, 0, 0, 0, 0, 0, 0, 0,	0, 0, 0, 0, 0, 0, 0, 0
8000 00	00 00+	      .BYTE 0, 0, 0, 0,	0, 0, 0, 0, 0, 0, 0, 0,	0, 0, 0, 0, 0, 0, 0, 0,	0, 0, 0, 0, 0, 0, 0, 0
8000 00	00 00+	      .BYTE 0, 0, 0, 0,	0, 0, 0, 0, 0, 0, 0, 0,	0, 0, 0, 0, 0, 0, 0, 0,	0, 0, 0, 0, 0, 0, 0, 0
8000 00	00 00+	      .BYTE 0, 0, 0, 0,	0, 0, 0, 0, 0, 0, 0, 0,	0, 0, 0, 0, 0, 0, 0, 0,	0, 0, 0, 0, 0, 0, 0, 0
8000 00	00 00+	      .BYTE 0, 0, 0, 0,	0, 0, 0, 0, 0, 0, 0, 0,	0, 0, 0, 0, 0, 0, 0, 0,	0, 0, 0, 0, 0, 0, 0, 0
8000 00	00 00+	      .BYTE 0, 0, 0, 0,	0, 0, 0, 0, 0, 0, 0, 0,	0, 0, 0, 0, 0, 0, 0, 0,	0, 0, 0, 0, 0, 0, 0, 0
8000 00	00 00+	      .BYTE 0, 0, 0, 0,	0, 0, 0, 0, 0, 0, 0, 0,	0, 0, 0, 0, 0, 0, 0, 0,	0, 0, 0, 0, 0, 0, 0, 0
8000 00	00 00+	      .BYTE 0, 0, 0, 0,	0, 0, 0, 0, 0, 0, 0, 0,	0, 0, 0, 0, 0, 0, 0, 0,	0, 0, 0, 0, 0, 0, 0, 0
8000 00	00 00+	      .BYTE 0, 0, 0, 0,	0, 0, 0, 0, 0, 0, 0, 0,	0, 0, 0, 0, 0, 0, 0, 0,	0, 0, 0, 0, 0, 0, 0, 0
8000 00	00 00+	      .BYTE 0, 0, 0, 0,	0, 0, 0, 0, 0, 0, 0, 0,	0, 0, 0, 0, 0, 0, 0, 0,	0, 0, 0, 0, 0, 0, 0, 0
8000 00	00 00+	      .BYTE 0, 0, 0, 0,	0, 0, 0, 0, 0, 0, 0, 0,	0, 0, 0, 0, 0, 0, 0, 0,	0, 0, 0, 0, 0, 0, 0, 0
8000 00	00 00+	      .BYTE 0, 0, 0, 0,	0, 0, 0, 0, 0, 0, 0, 0,	0, 0, 0, 0, 0, 0, 0, 0,	0, 0, 0, 0, 0, 0, 0, 0
8000 00	00 00+	      .BYTE 0, 0, 0, 0,	0, 0, 0, 0, 0, 0, 0, 0,	0, 0, 0, 0, 0, 0, 0, 0,	0, 0, 0, 0, 0, 0, 0, 0
8000 00	00 00+	      .BYTE 0, 0, 0, 0,	0, 0, 0, 0, 0, 0, 0, 0,	0, 0, 0, 0, 0, 0, 0, 0,	0, 0, 0, 0, 0, 0, 0, 0
8000 00	00 00+	      .BYTE 0, 0, 0, 0,	0, 0, 0, 0, 0, 0, 0, 0,	0, 0, 0, 0, 0, 0, 0, 0,	0, 0, 0, 0, 0, 0, 0, 0
8000 00	00 00+	      .BYTE 0, 0, 0, 0,	0, 0, 0, 0, 0, 0, 0, 0,	0, 0, 0, 0, 0, 0, 0, 0,	0, 0, 0, 0, 0, 0, 0, 0
8000 00	00 00+	      .BYTE 0, 0, 0, 0,	0, 0, 0, 0, 0, 0, 0, 0,	0, 0, 0, 0, 0, 0, 0, 0,	0, 0, 0, 0, 0, 0, 0, 0
8000 00	00 00+	      .BYTE 0, 0, 0, 0,	0, 0, 0, 0, 0, 0, 0, 0,	0, 0, 0, 0, 0, 0, 0, 0,	0, 0, 0, 0, 0, 0, 0, 0
8000 00	00 00+	      .BYTE 0, 0, 0, 0,	0, 0, 0, 0, 0, 0, 0, 0,	0, 0, 0, 0, 0, 0, 0, 0,	0, 0, 0, 0, 0, 0, 0, 0
8000 00	00 00+	      .BYTE 0, 0, 0, 0,	0, 0, 0, 0, 0, 0, 0, 0,	0, 0, 0, 0, 0, 0, 0, 0,	0, 0, 0, 0, 0, 0, 0, 0
8000 00	00 00+	      .BYTE 0, 0, 0, 0,	0, 0, 0, 0, 0, 0, 0, 0,	0, 0, 0, 0, 0, 0, 0, 0,	0, 0, 0, 0, 0, 0, 0, 0
8000 00	00 00+	      .BYTE 0, 0, 0, 0,	0, 0, 0, 0, 0, 0, 0, 0,	0, 0, 0, 0, 0, 0, 0, 0,	0, 0, 0, 0, 0, 0, 0, 0
8000 00	00 00+	      .BYTE 0, 0, 0, 0,	0, 0, 0, 0, 0, 0, 0, 0,	0, 0, 0, 0, 0, 0, 0, 0,	0, 0, 0, 0, 0, 0, 0, 0
8000 00	00 00+	      .BYTE 0, 0, 0, 0,	0, 0, 0, 0, 0, 0, 0, 0,	0, 0, 0, 0, 0, 0, 0, 0,	0, 0, 0, 0, 0, 0, 0, 0
8000 00	00 00+	      .BYTE 0, 0, 0, 0,	0, 0, 0, 0, 0, 0, 0, 0,	0, 0, 0, 0, 0, 0, 0, 0,	0, 0, 0, 0, 0, 0, 0, 0
8000 00	00 00+	      .BYTE 0, 0, 0, 0,	0, 0, 0, 0, 0, 0, 0, 0,	0, 0, 0, 0, 0, 0, 0, 0,	0, 0, 0, 0, 0, 0, 0, 0
8000 00	00 00+	      .BYTE 0, 0, 0, 0,	0, 0, 0, 0, 0, 0, 0, 0,	0, 0, 0, 0, 0, 0, 0, 0,	0, 0, 0, 0, 0, 0, 0, 0
8000 00	00 00+	      .BYTE 0, 0, 0, 0,	0, 0, 0, 0, 0, 0, 0, 0,	0, 0, 0, 0, 0, 0, 0, 0,	0, 0, 0, 0, 0, 0, 0, 0
8000 00	00 00+	      .BYTE 0, 0, 0, 0,	0, 0, 0, 0, 0, 0, 0, 0,	0, 0, 0, 0, 0, 0, 0, 0,	0, 0, 0, 0, 0, 0, 0, 0
8000 00	00 00+	      .BYTE 0, 0, 0, 0,	0, 0, 0, 0, 0, 0, 0, 0,	0, 0, 0, 0, 0, 0, 0, 0,	0, 0, 0, 0, 0, 0, 0, 0
8000 00	00 00+	      .BYTE 0, 0, 0, 0,	0, 0, 0, 0, 0, 0, 0, 0,	0, 0, 0, 0, 0, 0, 0, 0,	0, 0, 0, 0, 0, 0, 0, 0
8000 00	00 00+	      .BYTE 0, 0, 0, 0,	0, 0, 0, 0, 0, 0, 0, 0,	0, 0, 0, 0, 0, 0, 0, 0,	0, 0, 0, 0, 0, 0, 0, 0
8000 00	00 00+	      .BYTE 0, 0, 0, 0,	0, 0, 0, 0, 0, 0, 0, 0,	0, 0, 0, 0, 0, 0, 0, 0,	0, 0, 0, 0, 0, 0, 0, 0
8000 00	00 00+	      .BYTE 0, 0, 0, 0,	0, 0, 0, 0, 0, 0, 0, 0,	0, 0, 0, 0, 0, 0, 0, 0,	0, 0, 0, 0, 0, 0, 0, 0
8000 00	00 00+	      .BYTE 0, 0, 0, 0,	0, 0, 0, 0, 0, 0, 0, 0,	0, 0, 0, 0, 0, 0, 0, 0,	0, 0, 0, 0, 0, 0, 0, 0
8000 00	00 00+	      .BYTE 0, 0, 0, 0,	0, 0, 0, 0, 0, 0, 0, 0,	0, 0, 0, 0, 0, 0, 0, 0,	0, 0, 0, 0, 0, 0, 0, 0
8000 00	00 00+	      .BYTE 0, 0, 0, 0,	0, 0, 0, 0, 0, 0, 0, 0,	0, 0, 0, 0, 0, 0, 0, 0,	0, 0, 0, 0, 0, 0, 0, 0
8000 00	00 00+	      .BYTE 0, 0, 0, 0,	0, 0, 0, 0, 0, 0, 0, 0,	0, 0, 0, 0, 0, 0, 0, 0,	0, 0, 0, 0, 0, 0, 0, 0
8000 00	00 00+	      .BYTE 0, 0, 0, 0,	0, 0, 0, 0, 0, 0, 0, 0,	0, 0, 0, 0, 0, 0, 0, 0,	0, 0, 0, 0, 0, 0, 0, 0
8000 00	00 00+	      .BYTE 0, 0, 0, 0,	0, 0, 0, 0, 0, 0, 0, 0,	0, 0, 0, 0, 0, 0, 0, 0,	0, 0, 0, 0, 0, 0, 0, 0
8000 00	00 00+	      .BYTE 0, 0, 0, 0,	0, 0, 0, 0, 0, 0, 0, 0,	0, 0, 0, 0, 0, 0, 0, 0,	0, 0, 0, 0, 0, 0, 0, 0
8000 00	00 00+	      .BYTE 0, 0, 0, 0,	0, 0, 0, 0, 0, 0, 0, 0,	0, 0, 0, 0, 0, 0, 0, 0,	0, 0, 0, 0, 0, 0, 0, 0
8000 00	00 00+	      .BYTE 0, 0, 0, 0,	0, 0, 0, 0, 0, 0, 0, 0,	0, 0, 0, 0, 0, 0, 0, 0,	0, 0, 0, 0, 0, 0, 0, 0
8000 00	00 00+	      .BYTE 0, 0, 0, 0,	0, 0, 0, 0, 0, 0, 0, 0,	0, 0, 0, 0, 0, 0, 0, 0,	0, 0, 0, 0, 0, 0, 0, 0
8000 00	00 00+	      .BYTE 0, 0, 0, 0,	0, 0, 0, 0, 0, 0, 0, 0,	0, 0, 0, 0, 0, 0, 0, 0,	0, 0, 0, 0, 0, 0, 0, 0
8000 00	00 00+	      .BYTE 0, 0, 0, 0,	0, 0, 0, 0, 0, 0, 0, 0,	0, 0, 0, 0, 0, 0, 0, 0,	0, 0, 0, 0, 0, 0, 0, 0
8000 00	00 00+	      .BYTE 0, 0, 0, 0,	0, 0, 0, 0, 0, 0, 0, 0,	0, 0, 0, 0, 0, 0, 0, 0,	0, 0, 0, 0, 0, 0, 0, 0
8000 00	00 00+	      .BYTE 0, 0, 0, 0,	0, 0, 0, 0, 0, 0, 0, 0,	0, 0, 0, 0, 0, 0, 0, 0,	0, 0, 0, 0, 0, 0, 0, 0
8000 00	00 00+	      .BYTE 0, 0, 0, 0,	0, 0, 0, 0, 0, 0, 0, 0,	0, 0, 0, 0, 0, 0, 0, 0,	0, 0, 0, 0, 0, 0, 0, 0
8000 00	00 00+	      .BYTE 0, 0, 0, 0,	0, 0, 0, 0, 0, 0, 0, 0,	0, 0, 0, 0, 0, 0, 0, 0,	0, 0, 0, 0, 0, 0, 0, 0
8000 00	00 00+	      .BYTE 0, 0, 0, 0,	0, 0, 0, 0, 0, 0, 0, 0,	0, 0, 0, 0, 0, 0, 0, 0,	0, 0, 0, 0, 0, 0, 0, 0
8000 00	00 00+	      .BYTE 0, 0, 0, 0,	0, 0, 0, 0, 0, 0, 0, 0,	0, 0, 0, 0, 0, 0, 0, 0,	0, 0, 0, 0, 0, 0, 0, 0
8000 00	00 00+	      .BYTE 0, 0, 0, 0,	0, 0, 0, 0, 0, 0, 0, 0,	0, 0, 0, 0, 0, 0, 0, 0,	0, 0, 0, 0, 0, 0, 0, 0
8000 00	00 00+	      .BYTE 0, 0, 0, 0,	0, 0, 0, 0, 0, 0, 0, 0,	0, 0, 0, 0, 0, 0, 0, 0,	0, 0, 0, 0, 0, 0, 0, 0
8000 00	00 00+	      .BYTE 0, 0, 0, 0,	0, 0, 0, 0, 0, 0, 0, 0,	0, 0, 0, 0, 0, 0, 0, 0,	0, 0, 0, 0, 0, 0, 0, 0
8000 00	00 00+	      .BYTE 0, 0, 0, 0,	0, 0, 0, 0, 0, 0, 0, 0,	0, 0, 0, 0, 0, 0, 0, 0,	0, 0, 0, 0, 0, 0, 0, 0
8000 00	00 00+	      .BYTE 0, 0, 0, 0,	0, 0, 0, 0, 0, 0, 0, 0,	0, 0, 0, 0, 0, 0, 0, 0,	0, 0, 0, 0, 0, 0, 0, 0
8000 00	00 00+	      .BYTE 0, 0, 0, 0,	0, 0, 0, 0, 0, 0, 0, 0,	0, 0, 0, 0, 0, 0, 0, 0,	0, 0, 0, 0, 0, 0, 0, 0
8000 00	00 00+	      .BYTE 0, 0, 0, 0,	0, 0, 0, 0, 0, 0, 0, 0,	0, 0, 0, 0, 0, 0, 0, 0,	0, 0, 0, 0, 0, 0, 0, 0
8000 00	00 00+	      .BYTE 0, 0, 0, 0,	0, 0, 0, 0, 0, 0, 0, 0,	0, 0, 0, 0, 0, 0, 0, 0,	0, 0, 0, 0, 0, 0, 0, 0
8000 00	00 00+	      .BYTE 0, 0, 0, 0,	0, 0, 0, 0, 0, 0, 0, 0,	0, 0, 0, 0, 0, 0, 0, 0,	0, 0, 0, 0, 0, 0, 0, 0
8000 00	00 00+	      .BYTE 0, 0, 0, 0,	0, 0, 0, 0, 0, 0, 0, 0,	0, 0, 0, 0, 0, 0, 0, 0,	0, 0, 0, 0, 0, 0, 0, 0
8000 00	00 00+	      .BYTE 0, 0, 0, 0,	0, 0, 0, 0, 0, 0, 0, 0,	0, 0, 0, 0, 0, 0, 0, 0,	0, 0, 0, 0, 0, 0, 0, 0
8000 00	00 00+	      .BYTE 0, 0, 0, 0,	0, 0, 0, 0, 0, 0, 0, 0,	0, 0, 0, 0, 0, 0, 0, 0,	0, 0, 0, 0, 0, 0, 0, 0
8000 00	00 00+	      .BYTE 0, 0, 0, 0,	0, 0, 0, 0, 0, 0, 0, 0,	0, 0, 0, 0, 0, 0, 0, 0,	0, 0, 0, 0, 0, 0, 0, 0
8000 00	00 00+	      .BYTE 0, 0, 0, 0,	0, 0, 0, 0, 0, 0, 0, 0,	0, 0, 0, 0, 0, 0, 0, 0,	0, 0, 0, 0, 0, 0, 0, 0
8000 00	00 00+	      .BYTE 0, 0, 0, 0,	0, 0, 0, 0, 0, 0, 0, 0,	0, 0, 0, 0, 0, 0, 0, 0,	0, 0, 0, 0, 0, 0, 0, 0
8000 00	00 00+	      .BYTE 0, 0, 0, 0,	0, 0, 0, 0, 0, 0, 0, 0,	0, 0, 0, 0, 0, 0, 0, 0,	0, 0, 0, 0, 0, 0, 0, 0
8000 00	00 00+	      .BYTE 0, 0, 0, 0,	0, 0, 0, 0, 0, 0, 0, 0,	0, 0, 0, 0, 0, 0, 0, 0,	0, 0, 0, 0, 0, 0, 0, 0
8000 00	00 00+	      .BYTE 0, 0, 0, 0,	0, 0, 0, 0, 0, 0, 0, 0,	0, 0, 0, 0, 0, 0, 0, 0,	0, 0, 0, 0, 0, 0, 0, 0
8000 00	00 00+	      .BYTE 0, 0, 0, 0,	0, 0, 0, 0, 0, 0, 0, 0,	0, 0, 0, 0, 0, 0, 0, 0,	0, 0, 0, 0, 0, 0, 0, 0
8000 00	00 00+	      .BYTE 0, 0, 0, 0,	0, 0, 0, 0, 0, 0, 0, 0,	0, 0, 0, 0, 0, 0, 0, 0,	0, 0, 0, 0, 0, 0, 0, 0
8000 00	00 00+	      .BYTE 0, 0, 0, 0,	0, 0, 0, 0, 0, 0, 0, 0,	0, 0, 0, 0, 0, 0, 0, 0,	0, 0, 0, 0, 0, 0, 0, 0
8000 00	00 00+	      .BYTE 0, 0, 0, 0,	0, 0, 0, 0, 0, 0, 0, 0,	0, 0, 0, 0, 0, 0, 0, 0,	0, 0, 0, 0, 0, 0, 0, 0
8000 00	00 00+	      .BYTE 0, 0, 0, 0,	0, 0, 0, 0, 0, 0, 0, 0,	0, 0, 0, 0, 0, 0, 0, 0,	0, 0, 0, 0, 0, 0, 0, 0
8000 00	00 00+	      .BYTE 0, 0, 0, 0,	0, 0, 0, 0, 0, 0, 0, 0,	0, 0, 0, 0, 0, 0, 0, 0,	0, 0, 0, 0, 0, 0, 0, 0
8000 00	00 00+	      .BYTE 0, 0, 0, 0,	0, 0, 0, 0, 0, 0, 0, 0,	0, 0, 0, 0, 0, 0, 0, 0,	0, 0, 0, 0, 0, 0, 0, 0
8000 00	00 00+	      .BYTE 0, 0, 0, 0,	0, 0, 0, 0, 0, 0, 0, 0,	0, 0, 0, 0, 0, 0, 0, 0,	0, 0, 0, 0, 0, 0, 0, 0
8000 00	00 00+	      .BYTE 0, 0, 0, 0,	0, 0, 0, 0, 0, 0, 0, 0,	0, 0, 0, 0, 0, 0, 0, 0,	0, 0, 0, 0, 0, 0, 0, 0
8000 00	00 00+	      .BYTE 0, 0, 0, 0,	0, 0, 0, 0, 0, 0, 0, 0,	0, 0, 0, 0, 0, 0, 0, 0,	0, 0, 0, 0, 0, 0, 0, 0
8000 00	00 00+	      .BYTE 0, 0, 0, 0,	0, 0, 0, 0, 0, 0, 0, 0,	0, 0, 0, 0, 0, 0, 0, 0,	0, 0, 0, 0, 0, 0, 0, 0
8000 00	00 00+	      .BYTE 0, 0, 0, 0,	0, 0, 0, 0, 0, 0, 0, 0,	0, 0, 0, 0, 0, 0, 0, 0,	0, 0, 0, 0, 0, 0, 0, 0
8000 00	00 00+	      .BYTE 0, 0, 0, 0,	0, 0, 0, 0, 0, 0, 0, 0,	0, 0, 0, 0, 0, 0, 0, 0,	0, 0, 0, 0, 0, 0, 0, 0
8000 00	00 00+	      .BYTE 0, 0, 0, 0,	0, 0, 0, 0, 0, 0, 0, 0,	0, 0, 0, 0, 0, 0, 0, 0,	0, 0, 0, 0, 0, 0, 0, 0
8000 00	00 00+	      .BYTE 0, 0, 0, 0,	0, 0, 0, 0, 0, 0, 0, 0,	0, 0, 0, 0, 0, 0, 0, 0,	0, 0, 0, 0, 0, 0, 0, 0
8000 00	00 00+	      .BYTE 0, 0, 0, 0,	0, 0, 0, 0, 0, 0, 0, 0,	0, 0, 0, 0, 0, 0, 0, 0,	0, 0, 0, 0, 0, 0, 0, 0
8000 00	00 00+	      .BYTE 0, 0, 0, 0,	0, 0, 0, 0, 0, 0, 0, 0,	0, 0, 0, 0, 0, 0, 0, 0,	0, 0, 0, 0, 0, 0, 0, 0
8000 00	00 00+	      .BYTE 0, 0, 0, 0,	0, 0, 0, 0, 0, 0, 0, 0,	0, 0, 0, 0, 0, 0, 0, 0,	0, 0, 0, 0, 0, 0, 0, 0
8000 00	00 00+	      .BYTE 0, 0, 0, 0,	0, 0, 0, 0, 0, 0, 0, 0,	0, 0, 0, 0, 0, 0, 0, 0,	0, 0, 0, 0, 0, 0, 0, 0
8000 00	00 00+	      .BYTE 0, 0, 0, 0,	0, 0, 0, 0, 0, 0, 0, 0,	0, 0, 0, 0, 0, 0, 0, 0,	0, 0, 0, 0, 0, 0, 0, 0
8000 00	00 00+	      .BYTE 0, 0, 0, 0,	0, 0, 0, 0, 0, 0, 0, 0,	0, 0, 0, 0, 0, 0, 0, 0,	0, 0, 0, 0, 0, 0, 0, 0
8000 00	00 00+	      .BYTE 0, 0, 0, 0,	0, 0, 0, 0, 0, 0, 0, 0,	0, 0, 0, 0, 0, 0, 0, 0,	0, 0, 0, 0, 0, 0, 0, 0
8000 00	00 00+	      .BYTE 0, 0, 0, 0,	0, 0, 0, 0, 0, 0, 0, 0,	0, 0, 0, 0, 0, 0, 0, 0,	0, 0, 0, 0, 0, 0, 0, 0
8000 00	00 00+	      .BYTE 0, 0, 0, 0,	0, 0, 0, 0, 0, 0, 0, 0,	0, 0, 0, 0, 0, 0, 0, 0,	0, 0, 0, 0, 0, 0, 0, 0
8000 00	00 00+	      .BYTE 0, 0, 0, 0,	0, 0, 0, 0, 0, 0, 0, 0,	0, 0, 0, 0, 0, 0, 0, 0,	0, 0, 0, 0, 0, 0, 0, 0
8000 00	00 00+	      .BYTE 0, 0, 0, 0,	0, 0, 0, 0, 0, 0, 0, 0,	0, 0, 0, 0, 0, 0, 0, 0,	0, 0, 0, 0, 0, 0, 0, 0
8000 00	00 00+	      .BYTE 0, 0, 0, 0,	0, 0, 0, 0, 0, 0, 0, 0,	0, 0, 0, 0, 0, 0, 0, 0,	0, 0, 0, 0, 0, 0, 0, 0
8000 00	00 00+	      .BYTE 0, 0, 0, 0,	0, 0, 0, 0, 0, 0, 0, 0,	0, 0, 0, 0, 0, 0, 0, 0,	0, 0, 0, 0, 0, 0, 0, 0
8000 00	00 00+	      .BYTE 0, 0, 0, 0,	0, 0, 0, 0, 0, 0, 0, 0,	0, 0, 0, 0, 0, 0, 0, 0,	0, 0, 0, 0, 0, 0, 0, 0
8000 00	00 00+	      .BYTE 0, 0, 0, 0,	0, 0, 0, 0, 0, 0, 0, 0,	0, 0, 0, 0, 0, 0, 0, 0,	0, 0, 0, 0, 0, 0, 0, 0
8000 00	00 00+	      .BYTE 0, 0, 0, 0,	0, 0, 0, 0, 0, 0, 0, 0,	0, 0, 0, 0, 0, 0, 0, 0,	0, 0, 0, 0, 0, 0, 0, 0
8000 00	00 00+	      .BYTE 0, 0, 0, 0,	0, 0, 0, 0, 0, 0, 0, 0,	0, 0, 0, 0, 0, 0, 0, 0,	0, 0, 0, 0, 0, 0, 0, 0
8000 00	00 00+	      .BYTE 0, 0, 0, 0,	0, 0, 0, 0, 0, 0, 0, 0,	0, 0, 0, 0, 0, 0, 0, 0,	0, 0, 0, 0, 0, 0, 0, 0
8000 00	00 00+	      .BYTE 0, 0, 0, 0,	0, 0, 0, 0, 0, 0, 0, 0,	0, 0, 0, 0, 0, 0, 0, 0,	0, 0, 0, 0, 0, 0, 0, 0
8000 00	00 00+	      .BYTE 0, 0, 0, 0,	0, 0, 0, 0, 0, 0, 0, 0,	0, 0, 0, 0, 0, 0, 0, 0,	0, 0, 0, 0, 0, 0, 0, 0
8000 00	00 00+	      .BYTE 0, 0, 0, 0,	0, 0, 0, 0, 0, 0, 0, 0,	0, 0, 0, 0, 0, 0, 0, 0,	0, 0, 0, 0, 0, 0, 0, 0
8000 00	00 00+	      .BYTE 0, 0, 0, 0,	0, 0, 0, 0, 0, 0, 0, 0,	0, 0, 0, 0, 0, 0, 0, 0,	0, 0, 0, 0, 0, 0, 0, 0
8000 00	00 00+	      .BYTE 0, 0, 0, 0,	0, 0, 0, 0, 0, 0, 0, 0,	0, 0, 0, 0, 0, 0, 0, 0,	0, 0, 0, 0, 0, 0, 0, 0
8000 00	00 00+	      .BYTE 0, 0, 0, 0,	0, 0, 0, 0, 0, 0, 0, 0,	0, 0, 0, 0, 0, 0, 0, 0,	0, 0, 0, 0, 0, 0, 0, 0
8000 00	00 00+	      .BYTE 0, 0, 0, 0,	0, 0, 0, 0, 0, 0, 0, 0,	0, 0, 0, 0, 0, 0, 0, 0,	0, 0, 0, 0, 0, 0, 0, 0
8000 00	00 00+	      .BYTE 0, 0, 0, 0,	0, 0, 0, 0, 0, 0, 0, 0,	0, 0, 0, 0, 0, 0, 0, 0,	0, 0, 0, 0, 0, 0, 0, 0
8000 00	00 00+	      .BYTE 0, 0, 0, 0,	0, 0, 0, 0, 0, 0, 0, 0,	0, 0, 0, 0, 0, 0, 0, 0,	0, 0, 0, 0, 0, 0, 0, 0
8000 00	00 00+	      .BYTE 0, 0, 0, 0,	0, 0, 0, 0, 0, 0, 0, 0,	0, 0, 0, 0, 0, 0, 0, 0,	0, 0, 0, 0, 0, 0, 0, 0
8000 00	00 00+	      .BYTE 0, 0, 0, 0,	0, 0, 0, 0, 0, 0, 0, 0,	0, 0, 0, 0, 0, 0, 0, 0,	0, 0, 0, 0, 0, 0, 0, 0
8000 00	00 00+	      .BYTE 0, 0, 0, 0,	0, 0, 0, 0, 0, 0, 0, 0,	0, 0, 0, 0, 0, 0, 0, 0,	0, 0, 0, 0, 0, 0, 0, 0
8000 00	00 00+	      .BYTE 0, 0, 0, 0,	0, 0, 0, 0, 0, 0, 0, 0,	0, 0, 0, 0, 0, 0, 0, 0,	0, 0, 0, 0, 0, 0, 0, 0
8000 00	00 00+	      .BYTE 0, 0, 0, 0,	0, 0, 0, 0, 0, 0, 0, 0,	0, 0, 0, 0, 0, 0, 0, 0,	0, 0, 0, 0, 0, 0, 0, 0
8000 00	00 00+	      .BYTE 0, 0, 0, 0,	0, 0, 0, 0, 0, 0, 0, 0,	0, 0, 0, 0, 0, 0, 0, 0,	0, 0, 0, 0, 0, 0, 0, 0
8000 00	00 00+	      .BYTE 0, 0, 0, 0,	0, 0, 0, 0, 0, 0, 0, 0,	0, 0, 0, 0, 0, 0, 0, 0,	0, 0, 0, 0, 0, 0, 0, 0
8000 00	00 00+	      .BYTE 0, 0, 0, 0,	0, 0, 0, 0, 0, 0, 0, 0,	0, 0, 0, 0, 0, 0, 0, 0,	0, 0, 0, 0, 0, 0, 0, 0
8000 00	00 00+	      .BYTE 0, 0, 0, 0,	0, 0, 0, 0, 0, 0, 0, 0,	0, 0, 0, 0, 0, 0, 0, 0,	0, 0, 0, 0, 0, 0, 0, 0
8000 00	00 00+	      .BYTE 0, 0, 0, 0,	0, 0, 0, 0, 0, 0, 0, 0,	0, 0, 0, 0, 0, 0, 0, 0,	0, 0, 0, 0, 0, 0, 0, 0
8000 00	00 00+	      .BYTE 0, 0, 0, 0,	0, 0, 0, 0, 0, 0, 0, 0,	0, 0, 0, 0, 0, 0, 0, 0,	0, 0, 0, 0, 0, 0, 0, 0
8000 00	00 00+	      .BYTE 0, 0, 0, 0,	0, 0, 0, 0, 0, 0, 0, 0,	0, 0, 0, 0, 0, 0, 0, 0,	0, 0, 0, 0, 0, 0, 0, 0
8000 00	00 00+	      .BYTE 0, 0, 0, 0,	0, 0, 0, 0, 0, 0, 0, 0,	0, 0, 0, 0, 0, 0, 0, 0,	0, 0, 0, 0, 0, 0, 0, 0
8000 00	00 00+	      .BYTE 0, 0, 0, 0,	0, 0, 0, 0, 0, 0, 0, 0,	0, 0, 0, 0, 0, 0, 0, 0,	0, 0, 0, 0, 0, 0, 0, 0
8000 00	00 00+	      .BYTE 0, 0, 0, 0,	0, 0, 0, 0, 0, 0, 0, 0,	0, 0, 0, 0, 0, 0, 0, 0,	0, 0, 0, 0, 0, 0, 0, 0
8000 00	00 00+	      .BYTE 0, 0, 0, 0,	0, 0, 0, 0, 0, 0, 0, 0,	0, 0, 0, 0, 0, 0, 0, 0,	0, 0, 0, 0, 0, 0, 0, 0
8000 00	00 00+	      .BYTE 0, 0, 0, 0,	0, 0, 0, 0, 0, 0, 0, 0,	0, 0, 0, 0, 0, 0, 0, 0,	0, 0, 0, 0, 0, 0, 0, 0
8000 00	00 00+	      .BYTE 0, 0, 0, 0,	0, 0, 0, 0, 0, 0, 0, 0,	0, 0, 0, 0, 0, 0, 0, 0,	0, 0, 0, 0, 0, 0, 0, 0
8000 00	00 00+	      .BYTE 0, 0, 0, 0,	0, 0, 0, 0, 0, 0, 0, 0,	0, 0, 0, 0, 0, 0, 0, 0,	0, 0, 0, 0, 0, 0, 0, 0
8000 00	00 00+	      .BYTE 0, 0, 0, 0,	0, 0, 0, 0, 0, 0, 0, 0,	0, 0, 0, 0, 0, 0, 0, 0,	0, 0, 0, 0, 0, 0, 0, 0
8000 00	00 00+	      .BYTE 0, 0, 0, 0,	0, 0, 0, 0, 0, 0, 0, 0,	0, 0, 0, 0, 0, 0, 0, 0,	0, 0, 0, 0, 0, 0, 0, 0
8000 00	00 00+	      .BYTE 0, 0, 0, 0,	0, 0, 0, 0, 0, 0, 0, 0,	0, 0, 0, 0, 0, 0, 0, 0,	0, 0, 0, 0, 0, 0, 0, 0
8000 00	00 00+	      .BYTE 0, 0, 0, 0,	0, 0, 0, 0, 0, 0, 0, 0,	0, 0, 0, 0, 0, 0, 0, 0,	0, 0, 0, 0, 0, 0, 0, 0
8000 00	00 00+	      .BYTE 0, 0, 0, 0,	0, 0, 0, 0, 0, 0, 0, 0,	0, 0, 0, 0, 0, 0, 0, 0,	0, 0, 0, 0, 0, 0, 0, 0
8000 00	00 00+	      .BYTE 0, 0, 0, 0,	0, 0, 0, 0, 0, 0, 0, 0,	0, 0, 0, 0, 0, 0, 0, 0,	0, 0, 0, 0, 0, 0, 0, 0
8000 00	00 00+	      .BYTE 0, 0, 0, 0,	0, 0, 0, 0, 0, 0, 0, 0,	0, 0, 0, 0, 0, 0, 0, 0,	0, 0, 0, 0, 0, 0, 0, 0
8000 00	00 00+	      .BYTE 0, 0, 0, 0,	0, 0, 0, 0, 0, 0, 0, 0,	0, 0, 0, 0, 0, 0, 0, 0,	0, 0, 0, 0, 0, 0, 0, 0
8000 00	00 00+	      .BYTE 0, 0, 0, 0,	0, 0, 0, 0, 0, 0, 0, 0,	0, 0, 0, 0, 0, 0, 0, 0,	0, 0, 0, 0, 0, 0, 0, 0
8000 00	00 00+	      .BYTE 0, 0, 0, 0,	0, 0, 0, 0, 0, 0, 0, 0,	0, 0, 0, 0, 0, 0, 0, 0,	0, 0, 0, 0, 0, 0, 0, 0
8000 00	00 00+	      .BYTE 0, 0, 0, 0,	0, 0, 0, 0, 0, 0, 0, 0,	0, 0, 0, 0, 0, 0, 0, 0,	0, 0, 0, 0, 0, 0, 0, 0
8000 00	00 00+	      .BYTE 0, 0, 0, 0,	0, 0, 0, 0, 0, 0, 0, 0,	0, 0, 0, 0, 0, 0, 0, 0,	0, 0, 0, 0, 0, 0, 0, 0
8000 00	00 00+	      .BYTE 0, 0, 0, 0,	0, 0, 0, 0, 0, 0, 0, 0,	0, 0, 0, 0, 0, 0, 0, 0,	0, 0, 0, 0, 0, 0, 0, 0
8000 00	00 00+	      .BYTE 0, 0, 0, 0,	0, 0, 0, 0, 0, 0, 0, 0,	0, 0, 0, 0, 0, 0, 0, 0,	0, 0, 0, 0, 0, 0, 0, 0
8000 00	00 00+	      .BYTE 0, 0, 0, 0,	0, 0, 0, 0, 0, 0, 0, 0,	0, 0, 0, 0, 0, 0, 0, 0,	0, 0, 0, 0, 0, 0, 0, 0
8000 00	00 00+	      .BYTE 0, 0, 0, 0,	0, 0, 0, 0, 0, 0, 0, 0,	0, 0, 0, 0, 0, 0, 0, 0,	0, 0, 0, 0, 0, 0, 0, 0
8000 00	00 00+	      .BYTE 0, 0, 0, 0,	0, 0, 0, 0, 0, 0, 0, 0,	0, 0, 0, 0, 0, 0, 0, 0,	0, 0, 0, 0, 0, 0, 0, 0
8000 00	00 00+	      .BYTE 0, 0, 0, 0,	0, 0, 0, 0, 0, 0, 0, 0,	0, 0, 0, 0, 0, 0, 0, 0,	0, 0, 0, 0, 0, 0, 0, 0
8000 00	00 00+	      .BYTE 0, 0, 0, 0,	0, 0, 0, 0, 0, 0, 0, 0,	0, 0, 0, 0, 0, 0, 0, 0,	0, 0, 0, 0, 0, 0, 0, 0
8000 00	00 00+	      .BYTE 0, 0, 0, 0,	0, 0, 0, 0, 0, 0, 0, 0,	0, 0, 0, 0, 0, 0, 0, 0,	0, 0, 0, 0, 0, 0, 0, 0
8000 00	00 00+	      .BYTE 0, 0, 0, 0,	0, 0, 0, 0, 0, 0, 0, 0,	0, 0, 0, 0, 0, 0, 0, 0,	0, 0, 0, 0, 0, 0, 0, 0
8000 00	00 00+	      .BYTE 0, 0, 0, 0,	0, 0, 0, 0, 0, 0, 0, 0,	0, 0, 0, 0, 0, 0, 0, 0,	0, 0, 0, 0, 0, 0, 0, 0
8000 00	00 00+	      .BYTE 0, 0, 0, 0,	0, 0, 0, 0, 0, 0, 0, 0,	0, 0, 0, 0, 0, 0, 0, 0,	0, 0, 0, 0, 0, 0, 0, 0
8000 00	00 00+	      .BYTE 0, 0, 0, 0,	0, 0, 0, 0, 0, 0, 0, 0,	0, 0, 0, 0, 0, 0, 0, 0,	0, 0, 0, 0, 0, 0, 0, 0
8000 00	00 00+	      .BYTE 0, 0, 0, 0,	0, 0, 0, 0, 0, 0, 0, 0,	0, 0, 0, 0, 0, 0, 0, 0,	0, 0, 0, 0, 0, 0, 0, 0
8000 00	00 00+	      .BYTE 0, 0, 0, 0,	0, 0, 0, 0, 0, 0, 0, 0,	0, 0, 0, 0, 0, 0, 0, 0,	0, 0, 0, 0, 0, 0, 0, 0
8000 00	00 00+	      .BYTE 0, 0, 0, 0,	0, 0, 0, 0, 0, 0, 0, 0,	0, 0, 0, 0, 0, 0, 0, 0,	0, 0, 0, 0, 0, 0, 0, 0
8000 00	00 00+	      .BYTE 0, 0, 0, 0,	0, 0, 0, 0, 0, 0, 0, 0,	0, 0, 0, 0, 0, 0, 0, 0,	0, 0, 0, 0, 0, 0, 0, 0
8000 00	00 00+	      .BYTE 0, 0, 0, 0,	0, 0, 0, 0, 0, 0, 0, 0,	0, 0, 0, 0, 0, 0, 0, 0,	0, 0, 0, 0, 0, 0, 0, 0
8000 00	00 00+	      .BYTE 0, 0, 0, 0,	0, 0, 0, 0, 0, 0, 0, 0,	0, 0, 0, 0, 0, 0, 0, 0,	0, 0, 0, 0, 0, 0, 0, 0
8000 00	00 00+	      .BYTE 0, 0, 0, 0,	0, 0, 0, 0, 0, 0, 0, 0,	0, 0, 0, 0, 0, 0, 0, 0,	0, 0, 0, 0, 0, 0, 0, 0
8000 00	00 00+	      .BYTE 0, 0, 0, 0,	0, 0, 0, 0, 0, 0, 0, 0,	0, 0, 0, 0, 0, 0, 0, 0,	0, 0, 0, 0, 0, 0, 0, 0
8000 00	00 00+	      .BYTE 0, 0, 0, 0,	0, 0, 0, 0, 0, 0, 0, 0,	0, 0, 0, 0, 0, 0, 0, 0,	0, 0, 0, 0, 0, 0, 0, 0
8000 00	00 00+	      .BYTE 0, 0, 0, 0,	0, 0, 0, 0, 0, 0, 0, 0,	0, 0, 0, 0, 0, 0, 0, 0,	0, 0, 0, 0, 0, 0, 0, 0
8000 00	00 00+	      .BYTE 0, 0, 0, 0,	0, 0, 0, 0, 0, 0, 0, 0,	0, 0, 0, 0, 0, 0, 0, 0,	0, 0, 0, 0, 0, 0, 0, 0
8000 00	00 00+	      .BYTE 0, 0, 0, 0,	0, 0, 0, 0, 0, 0, 0, 0,	0, 0, 0, 0, 0, 0, 0, 0,	0, 0, 0, 0, 0, 0, 0, 0
8000 00	00 00+	      .BYTE 0, 0, 0, 0,	0, 0, 0, 0, 0, 0, 0, 0,	0, 0, 0, 0, 0, 0, 0, 0,	0, 0, 0, 0, 0, 0, 0, 0
8000 00	00 00+	      .BYTE 0, 0, 0, 0,	0, 0, 0, 0, 0, 0, 0, 0,	0, 0, 0, 0, 0, 0, 0, 0,	0, 0, 0, 0, 0, 0, 0, 0
8000 00	00 00+	      .BYTE 0, 0, 0, 0,	0, 0, 0, 0, 0, 0, 0, 0,	0, 0, 0, 0, 0, 0, 0, 0,	0, 0, 0, 0, 0, 0, 0, 0
8000 00	00 00+	      .BYTE 0, 0, 0, 0,	0, 0, 0, 0, 0, 0, 0, 0,	0, 0, 0, 0, 0, 0, 0, 0,	0, 0, 0, 0, 0, 0, 0, 0
8000 00	00 00+	      .BYTE 0, 0, 0, 0,	0, 0, 0, 0, 0, 0, 0, 0,	0, 0, 0, 0, 0, 0, 0, 0,	0, 0, 0, 0, 0, 0, 0, 0
8000 00	00 00+	      .BYTE 0, 0, 0, 0,	0, 0, 0, 0, 0, 0, 0, 0,	0, 0, 0, 0, 0, 0, 0, 0,	0, 0, 0, 0, 0, 0, 0, 0
8000 00	00 00+	      .BYTE 0, 0, 0, 0,	0, 0, 0, 0, 0, 0, 0, 0,	0, 0, 0, 0, 0, 0, 0, 0,	0, 0, 0, 0, 0, 0, 0, 0
8000 00	00 00+	      .BYTE 0, 0, 0, 0,	0, 0, 0, 0, 0, 0, 0, 0,	0, 0, 0, 0, 0, 0, 0, 0,	0, 0, 0, 0, 0, 0, 0, 0
8000 00	00 00+	      .BYTE 0, 0, 0, 0,	0, 0, 0, 0, 0, 0, 0, 0,	0, 0, 0, 0, 0, 0, 0, 0,	0, 0, 0, 0, 0, 0, 0, 0
8000 00	00 00+	      .BYTE 0, 0, 0, 0,	0, 0, 0, 0, 0, 0, 0, 0,	0, 0, 0, 0, 0, 0, 0, 0,	0, 0, 0, 0, 0, 0, 0, 0
8000 00	00 00+	      .BYTE 0, 0, 0, 0,	0, 0, 0, 0, 0, 0, 0, 0,	0, 0, 0, 0, 0, 0, 0, 0,	0, 0, 0, 0, 0, 0, 0, 0
8000 00	00 00+	      .BYTE 0, 0, 0, 0,	0, 0, 0, 0, 0, 0, 0, 0,	0, 0, 0, 0, 0, 0, 0, 0,	0, 0, 0, 0, 0, 0, 0, 0
8000 00	00 00+	      .BYTE 0, 0, 0, 0,	0, 0, 0, 0, 0, 0, 0, 0,	0, 0, 0, 0, 0, 0, 0, 0,	0, 0, 0, 0, 0, 0, 0, 0
8000 00	00 00+	      .BYTE 0, 0, 0, 0,	0, 0, 0, 0, 0, 0, 0, 0,	0, 0, 0, 0, 0, 0, 0, 0,	0, 0, 0, 0, 0, 0, 0, 0
8000 00	00 00+	      .BYTE 0, 0, 0, 0,	0, 0, 0, 0, 0, 0, 0, 0,	0, 0, 0, 0, 0, 0, 0, 0,	0, 0, 0, 0, 0, 0, 0, 0
8000 00	00 00+	      .BYTE 0, 0, 0, 0,	0, 0, 0, 0, 0, 0, 0, 0,	0, 0, 0, 0, 0, 0, 0, 0,	0, 0, 0, 0, 0, 0, 0, 0
8000 00	00 00+	      .BYTE 0, 0, 0, 0,	0, 0, 0, 0, 0, 0, 0, 0,	0, 0, 0, 0, 0, 0, 0, 0,	0, 0, 0, 0, 0, 0, 0, 0
8000 00	00 00+	      .BYTE 0, 0, 0, 0,	0, 0, 0, 0, 0, 0, 0, 0,	0, 0, 0, 0, 0, 0, 0, 0,	0, 0, 0, 0, 0, 0, 0, 0
8000 00	00 00+	      .BYTE 0, 0, 0, 0,	0, 0, 0, 0, 0, 0, 0, 0,	0, 0, 0, 0, 0, 0, 0, 0,	0, 0, 0, 0, 0, 0, 0, 0
8000 00	00 00+	      .BYTE 0, 0, 0, 0,	0, 0, 0, 0, 0, 0, 0, 0,	0, 0, 0, 0, 0, 0, 0, 0,	0, 0, 0, 0, 0, 0, 0, 0
8000 00	00 00+	      .BYTE 0, 0, 0, 0,	0, 0, 0, 0, 0, 0, 0, 0,	0, 0, 0, 0, 0, 0, 0, 0,	0, 0, 0, 0, 0, 0, 0, 0
8000 00	00 00+	      .BYTE 0, 0, 0, 0,	0, 0, 0, 0, 0, 0, 0, 0,	0, 0, 0, 0, 0, 0, 0, 0,	0, 0, 0, 0, 0, 0, 0, 0
8000 00	00 00+	      .BYTE 0, 0, 0, 0,	0, 0, 0, 0, 0, 0, 0, 0,	0, 0, 0, 0, 0, 0, 0, 0,	0, 0, 0, 0, 0, 0, 0, 0
8000 00	00 00+	      .BYTE 0, 0, 0, 0,	0, 0, 0, 0, 0, 0, 0, 0,	0, 0, 0, 0, 0, 0, 0, 0,	0, 0, 0, 0, 0, 0, 0, 0
8000 00	00 00+	      .BYTE 0, 0, 0, 0,	0, 0, 0, 0, 0, 0, 0, 0,	0, 0, 0, 0, 0, 0, 0, 0,	0, 0, 0, 0, 0, 0, 0, 0
8000 00	00 00+	      .BYTE 0, 0, 0, 0,	0, 0, 0, 0, 0, 0, 0, 0,	0, 0, 0, 0, 0, 0, 0, 0,	0, 0, 0, 0, 0, 0, 0, 0
8000 00	00 00+	      .BYTE 0, 0, 0, 0,	0, 0, 0, 0, 0, 0, 0, 0,	0, 0, 0, 0, 0, 0, 0, 0,	0, 0, 0, 0, 0, 0, 0, 0
8000 00	00 00+	      .BYTE 0, 0, 0, 0,	0, 0, 0, 0, 0, 0, 0, 0,	0, 0, 0, 0, 0, 0, 0, 0,	0, 0, 0, 0, 0, 0, 0, 0
8000 00	00 00+	      .BYTE 0, 0, 0, 0,	0, 0, 0, 0, 0, 0, 0, 0,	0, 0, 0, 0, 0, 0, 0, 0,	0, 0, 0, 0, 0, 0, 0, 0
8000 00	00 00+	      .BYTE 0, 0, 0, 0,	0, 0, 0, 0, 0, 0, 0, 0,	0, 0, 0, 0, 0, 0, 0, 0,	0, 0, 0, 0, 0, 0, 0, 0
8000 00	00 00+	      .BYTE 0, 0, 0, 0,	0, 0, 0, 0, 0, 0, 0, 0,	0, 0, 0, 0, 0, 0, 0, 0,	0, 0, 0, 0, 0, 0, 0, 0
8000 00	00 00+	      .BYTE 0, 0, 0, 0,	0, 0, 0, 0, 0, 0, 0, 0,	0, 0, 0, 0, 0, 0, 0, 0,	0, 0, 0, 0, 0, 0, 0, 0
8000 00	00 00+	      .BYTE 0, 0, 0, 0,	0, 0, 0, 0, 0, 0, 0, 0,	0, 0, 0, 0, 0, 0, 0, 0,	0, 0, 0, 0, 0, 0, 0, 0
8000 00	00 00+	      .BYTE 0, 0, 0, 0,	0, 0, 0, 0, 0, 0, 0, 0,	0, 0, 0, 0, 0, 0, 0, 0,	0, 0, 0, 0, 0, 0, 0, 0
8000 00	00 00+	      .BYTE 0, 0, 0, 0,	0, 0, 0, 0, 0, 0, 0, 0,	0, 0, 0, 0, 0, 0, 0, 0,	0, 0, 0, 0, 0, 0, 0, 0
8000 00	00 00+	      .BYTE 0, 0, 0, 0,	0, 0, 0, 0, 0, 0, 0, 0,	0, 0, 0, 0, 0, 0, 0, 0,	0, 0, 0, 0, 0, 0, 0, 0
8000 00	00 00+	      .BYTE 0, 0, 0, 0,	0, 0, 0, 0, 0, 0, 0, 0,	0, 0, 0, 0, 0, 0, 0, 0,	0, 0, 0, 0, 0, 0, 0, 0
8000 00	00 00+	      .BYTE 0, 0, 0, 0,	0, 0, 0, 0, 0, 0, 0, 0,	0, 0, 0, 0, 0, 0, 0, 0,	0, 0, 0, 0, 0, 0, 0, 0
8000 00	00 00+	      .BYTE 0, 0, 0, 0,	0, 0, 0, 0, 0, 0, 0, 0,	0, 0, 0, 0, 0, 0, 0, 0,	0, 0, 0, 0, 0, 0, 0, 0
8000 00	00 00+	      .BYTE 0, 0, 0, 0,	0, 0, 0, 0, 0, 0, 0, 0,	0, 0, 0, 0, 0, 0, 0, 0,	0, 0, 0, 0, 0, 0, 0, 0
8000 00	00 00+	      .BYTE 0, 0, 0, 0,	0, 0, 0, 0, 0, 0, 0, 0,	0, 0, 0, 0, 0, 0, 0, 0,	0, 0, 0, 0, 0, 0, 0, 0
8000 00	00 00+	      .BYTE 0, 0, 0, 0,	0, 0, 0, 0, 0, 0, 0, 0,	0, 0, 0, 0, 0, 0, 0, 0,	0, 0, 0, 0, 0, 0, 0, 0
8000 00	00 00+	      .BYTE 0, 0, 0, 0,	0, 0, 0, 0, 0, 0, 0, 0,	0, 0, 0, 0, 0, 0, 0, 0,	0, 0, 0, 0, 0, 0, 0, 0
8000 00	00 00+	      .BYTE 0, 0, 0, 0,	0, 0, 0, 0, 0, 0, 0, 0,	0, 0, 0, 0, 0, 0, 0, 0,	0, 0, 0, 0, 0, 0, 0, 0
8000 00	00 00+	      .BYTE 0, 0, 0, 0,	0, 0, 0, 0, 0, 0, 0, 0,	0, 0, 0, 0, 0, 0, 0, 0,	0, 0, 0, 0, 0, 0, 0, 0
8000 00	00 00+	      .BYTE 0, 0, 0, 0,	0, 0, 0, 0, 0, 0, 0, 0,	0, 0, 0, 0, 0, 0, 0, 0,	0, 0, 0, 0, 0, 0, 0, 0
8000 00	00 00+	      .BYTE 0, 0, 0, 0,	0, 0, 0, 0, 0, 0, 0, 0,	0, 0, 0, 0, 0, 0, 0, 0,	0, 0, 0, 0, 0, 0, 0, 0
8000 00	00 00+	      .BYTE 0, 0, 0, 0,	0, 0, 0, 0, 0, 0, 0, 0,	0, 0, 0, 0, 0, 0, 0, 0,	0, 0, 0, 0, 0, 0, 0, 0
8000 00	00 00+	      .BYTE 0, 0, 0, 0,	0, 0, 0, 0, 0, 0, 0, 0,	0, 0, 0, 0, 0, 0, 0, 0,	0, 0, 0, 0, 0, 0, 0, 0
8000 00	00 00+	      .BYTE 0, 0, 0, 0,	0, 0, 0, 0, 0, 0, 0, 0,	0, 0, 0, 0, 0, 0, 0, 0,	0, 0, 0, 0, 0, 0, 0, 0
8000 00	00 00+	      .BYTE 0, 0, 0, 0,	0, 0, 0, 0, 0, 0, 0, 0,	0, 0, 0, 0, 0, 0, 0, 0,	0, 0, 0, 0, 0, 0, 0, 0
8000 00	00 00+	      .BYTE 0, 0, 0, 0,	0, 0, 0, 0, 0, 0, 0, 0,	0, 0, 0, 0, 0, 0, 0, 0,	0, 0, 0, 0, 0, 0, 0, 0
8000 00	00 00+	      .BYTE 0, 0, 0, 0,	0, 0, 0, 0, 0, 0, 0, 0,	0, 0, 0, 0, 0, 0, 0, 0,	0, 0, 0, 0, 0, 0, 0, 0
8000 00	00 00+	      .BYTE 0, 0, 0, 0,	0, 0, 0, 0, 0, 0, 0, 0,	0, 0, 0, 0, 0, 0, 0, 0,	0, 0, 0, 0, 0, 0, 0, 0
8000 00	00 00+	      .BYTE 0, 0, 0, 0,	0, 0, 0, 0, 0, 0, 0, 0,	0, 0, 0, 0, 0, 0, 0, 0,	0, 0, 0, 0, 0, 0, 0, 0
8000 00	00 00+	      .BYTE 0, 0, 0, 0,	0, 0, 0, 0, 0, 0, 0, 0,	0, 0, 0, 0, 0, 0, 0, 0,	0, 0, 0, 0, 0, 0, 0, 0
8000 00	00 00+	      .BYTE 0, 0, 0, 0,	0, 0, 0, 0, 0, 0, 0, 0,	0, 0, 0, 0, 0, 0, 0, 0,	0, 0, 0, 0, 0, 0, 0, 0
8000 00	00 00+	      .BYTE 0, 0, 0, 0,	0, 0, 0, 0, 0, 0, 0, 0,	0, 0, 0, 0, 0, 0, 0, 0,	0, 0, 0, 0, 0, 0, 0, 0
8000 00	00 00+	      .BYTE 0, 0, 0, 0,	0, 0, 0, 0, 0, 0, 0, 0,	0, 0, 0, 0, 0, 0, 0, 0,	0, 0, 0, 0, 0, 0, 0, 0
8000 00	00 00+	      .BYTE 0, 0, 0, 0,	0, 0, 0, 0, 0, 0, 0, 0,	0, 0, 0, 0, 0, 0, 0, 0,	0, 0, 0, 0, 0, 0, 0, 0
8000 00	00 00+	      .BYTE 0, 0, 0, 0,	0, 0, 0, 0, 0, 0, 0, 0,	0, 0, 0, 0, 0, 0, 0, 0,	0, 0, 0, 0, 0, 0, 0, 0
8000 00	00 00+	      .BYTE 0, 0, 0, 0,	0, 0, 0, 0, 0, 0, 0, 0,	0, 0, 0, 0, 0, 0, 0, 0,	0, 0, 0, 0, 0, 0, 0, 0
8000 00	00 00+	      .BYTE 0, 0, 0, 0,	0, 0, 0, 0, 0, 0, 0, 0,	0, 0, 0, 0, 0, 0, 0, 0,	0, 0, 0, 0, 0, 0, 0, 0
8000 00	00 00+	      .BYTE 0, 0, 0, 0,	0, 0, 0, 0, 0, 0, 0, 0,	0, 0, 0, 0, 0, 0, 0, 0,	0, 0, 0, 0, 0, 0, 0, 0
8000 00	00 00+	      .BYTE 0, 0, 0, 0,	0, 0, 0, 0, 0, 0, 0, 0,	0, 0, 0, 0, 0, 0, 0, 0,	0, 0, 0, 0, 0, 0, 0, 0
8000 00	00 00+	      .BYTE 0, 0, 0, 0,	0, 0, 0, 0, 0, 0, 0, 0,	0, 0, 0, 0, 0, 0, 0, 0,	0, 0, 0, 0, 0, 0, 0, 0
8000 00	00 00+	      .BYTE 0, 0, 0, 0,	0, 0, 0, 0, 0, 0, 0, 0,	0, 0, 0, 0, 0, 0, 0, 0,	0, 0, 0, 0, 0, 0, 0, 0
8000 00	00 00+	      .BYTE 0, 0, 0, 0,	0, 0, 0, 0, 0, 0, 0, 0,	0, 0, 0, 0, 0, 0, 0, 0,	0, 0, 0, 0, 0, 0, 0, 0
8000 00	00 00+	      .BYTE 0, 0, 0, 0,	0, 0, 0, 0, 0, 0, 0, 0,	0, 0, 0, 0, 0, 0, 0, 0,	0, 0, 0, 0, 0, 0, 0, 0
8000 00	00 00+	      .BYTE 0, 0, 0, 0,	0, 0, 0, 0, 0, 0, 0, 0,	0, 0, 0, 0, 0, 0, 0, 0,	0, 0, 0, 0, 0, 0, 0, 0
8000 00	00 00+	      .BYTE 0, 0, 0, 0,	0, 0, 0, 0, 0, 0, 0, 0,	0, 0, 0, 0, 0, 0, 0, 0,	0, 0, 0, 0, 0, 0, 0, 0
8000 00	00 00+	      .BYTE 0, 0, 0, 0,	0, 0, 0, 0, 0, 0, 0, 0,	0, 0, 0, 0, 0, 0, 0, 0,	0, 0, 0, 0, 0, 0, 0, 0
8000 00	00 00+	      .BYTE 0, 0, 0, 0,	0, 0, 0, 0, 0, 0, 0, 0,	0, 0, 0, 0, 0, 0, 0, 0,	0, 0, 0, 0, 0, 0, 0, 0
8000 00	00 00+	      .BYTE 0, 0, 0, 0,	0, 0, 0, 0, 0, 0, 0, 0,	0, 0, 0, 0, 0, 0, 0, 0,	0, 0, 0, 0, 0, 0, 0, 0
8000 00	00 00+	      .BYTE 0, 0, 0, 0,	0, 0, 0, 0, 0, 0, 0, 0,	0, 0, 0, 0, 0, 0, 0, 0,	0, 0, 0, 0, 0, 0, 0, 0
8000 00	00 00+	      .BYTE 0, 0, 0, 0,	0, 0, 0, 0, 0, 0, 0, 0,	0, 0, 0, 0, 0, 0, 0, 0,	0, 0, 0, 0, 0, 0, 0, 0
8000 00	00 00+	      .BYTE 0, 0, 0, 0,	0, 0, 0, 0, 0, 0, 0, 0,	0, 0, 0, 0, 0, 0, 0, 0,	0, 0, 0, 0, 0, 0, 0, 0
8000 00	00 00+	      .BYTE 0, 0, 0, 0,	0, 0, 0, 0, 0, 0, 0, 0,	0, 0, 0, 0, 0, 0, 0, 0,	0, 0, 0, 0, 0, 0, 0, 0
8000 00	00 00+	      .BYTE 0, 0, 0, 0,	0, 0, 0, 0, 0, 0, 0, 0,	0, 0, 0, 0, 0, 0, 0, 0,	0, 0, 0, 0, 0, 0, 0, 0
8000 00	00 00+	      .BYTE 0, 0, 0, 0,	0, 0, 0, 0, 0, 0, 0, 0,	0, 0, 0, 0, 0, 0, 0, 0,	0, 0, 0, 0, 0, 0, 0, 0
8000 00	00 00+	      .BYTE 0, 0, 0, 0,	0, 0, 0, 0, 0, 0, 0, 0,	0, 0, 0, 0, 0, 0, 0, 0,	0, 0, 0, 0, 0, 0, 0, 0
8000 00	00 00+	      .BYTE 0, 0, 0, 0,	0, 0, 0, 0, 0, 0, 0, 0,	0, 0, 0, 0, 0, 0, 0, 0,	0, 0, 0, 0, 0, 0, 0, 0
8000 00	00 00+	      .BYTE 0, 0, 0, 0,	0, 0, 0, 0, 0, 0, 0, 0,	0, 0, 0, 0, 0, 0, 0, 0,	0, 0, 0, 0, 0, 0, 0, 0
8000 00	00 00+	      .BYTE 0, 0, 0, 0,	0, 0, 0, 0, 0, 0, 0, 0,	0, 0, 0, 0, 0, 0, 0, 0,	0, 0, 0, 0, 0, 0, 0, 0
8000 00	00 00+	      .BYTE 0, 0, 0, 0,	0, 0, 0, 0, 0, 0, 0, 0,	0, 0, 0, 0, 0, 0, 0, 0,	0, 0, 0, 0, 0, 0, 0, 0
8000 00	00 00+	      .BYTE 0, 0, 0, 0,	0, 0, 0, 0, 0, 0, 0, 0,	0, 0, 0, 0, 0, 0, 0, 0,	0, 0, 0, 0, 0, 0, 0, 0
8000 00	00 00+	      .BYTE 0, 0, 0, 0,	0, 0, 0, 0, 0, 0, 0, 0,	0, 0, 0, 0, 0, 0, 0, 0,	0, 0, 0, 0, 0, 0, 0, 0
8000 00	00 00+	      .BYTE 0, 0, 0, 0,	0, 0, 0, 0, 0, 0, 0, 0,	0, 0, 0, 0, 0, 0, 0, 0,	0, 0, 0, 0, 0, 0, 0, 0
8000 00	00 00+	      .BYTE 0, 0, 0, 0,	0, 0, 0, 0, 0, 0, 0, 0,	0, 0, 0, 0, 0, 0, 0, 0,	0, 0, 0, 0, 0, 0, 0, 0
8000 00	00 00+	      .BYTE 0, 0, 0, 0,	0, 0, 0, 0, 0, 0, 0, 0,	0, 0, 0, 0, 0, 0, 0, 0,	0, 0, 0, 0, 0, 0, 0, 0
8000 00	00 00+	      .BYTE 0, 0, 0, 0,	0, 0, 0, 0, 0, 0, 0, 0,	0, 0, 0, 0, 0, 0, 0, 0,	0, 0, 0, 0, 0, 0, 0, 0
8000 00	00 00+	      .BYTE 0, 0, 0, 0,	0, 0, 0, 0, 0, 0, 0, 0,	0, 0, 0, 0, 0, 0, 0, 0,	0, 0, 0, 0, 0, 0, 0, 0
8000 00	00 00+	      .BYTE 0, 0, 0, 0,	0, 0, 0, 0, 0, 0, 0, 0,	0, 0, 0, 0, 0, 0, 0, 0,	0, 0, 0, 0, 0, 0, 0, 0
8000 00	00 00+	      .BYTE 0, 0, 0, 0,	0, 0, 0, 0, 0, 0, 0, 0,	0, 0, 0, 0, 0, 0, 0, 0,	0, 0, 0, 0, 0, 0, 0, 0
8000 00	00 00+	      .BYTE 0, 0, 0, 0,	0, 0, 0, 0, 0, 0, 0, 0,	0, 0, 0, 0, 0, 0, 0, 0,	0, 0, 0, 0, 0, 0, 0, 0
8000 00	00 00+	      .BYTE 0, 0, 0, 0,	0, 0, 0, 0, 0, 0, 0, 0,	0, 0, 0, 0, 0, 0, 0, 0,	0, 0, 0, 0, 0, 0, 0, 0
8000 00	00 00+	      .BYTE 0, 0, 0, 0,	0, 0, 0, 0, 0, 0, 0, 0,	0, 0, 0, 0, 0, 0, 0, 0,	0, 0, 0, 0, 0, 0, 0, 0
8000 00	00 00+	      .BYTE 0, 0, 0, 0,	0, 0, 0, 0, 0, 0, 0, 0,	0, 0, 0, 0, 0, 0, 0, 0,	0, 0, 0, 0, 0, 0, 0, 0
8000 00	00 00+	      .BYTE 0, 0, 0, 0,	0, 0, 0, 0, 0, 0, 0, 0,	0, 0, 0, 0, 0, 0, 0, 0,	0, 0, 0, 0, 0, 0, 0, 0
8000 00	00 00+	      .BYTE 0, 0, 0, 0,	0, 0, 0, 0, 0, 0, 0, 0,	0, 0, 0, 0, 0, 0, 0, 0,	0, 0, 0, 0, 0, 0, 0, 0
8000 00	00 00+	      .BYTE 0, 0, 0, 0,	0, 0, 0, 0, 0, 0, 0, 0,	0, 0, 0, 0, 0, 0, 0, 0,	0, 0, 0, 0, 0, 0, 0, 0
8000 00	00 00+	      .BYTE 0, 0, 0, 0,	0, 0, 0, 0, 0, 0, 0, 0,	0, 0, 0, 0, 0, 0, 0, 0,	0, 0, 0, 0, 0, 0, 0, 0
8000 00	00 00+	      .BYTE 0, 0, 0, 0,	0, 0, 0, 0, 0, 0, 0, 0,	0, 0, 0, 0, 0, 0, 0, 0,	0, 0, 0, 0, 0, 0, 0, 0
8000 00	00 00+	      .BYTE 0, 0, 0, 0,	0, 0, 0, 0, 0, 0, 0, 0,	0, 0, 0, 0, 0, 0, 0, 0,	0, 0, 0, 0, 0, 0, 0, 0
8000 00	00 00+	      .BYTE 0, 0, 0, 0,	0, 0, 0, 0, 0, 0, 0, 0,	0, 0, 0, 0, 0, 0, 0, 0,	0, 0, 0, 0, 0, 0, 0, 0
8000 00	00 00+	      .BYTE 0, 0, 0, 0,	0, 0, 0, 0, 0, 0, 0, 0,	0, 0, 0, 0, 0, 0, 0, 0,	0, 0, 0, 0, 0, 0, 0, 0
8000 00	00 00+	      .BYTE 0, 0, 0, 0,	0, 0, 0, 0, 0, 0, 0, 0,	0, 0, 0, 0, 0, 0, 0, 0,	0, 0, 0, 0, 0, 0, 0, 0
8000 00	00 00+	      .BYTE 0, 0, 0, 0,	0, 0, 0, 0, 0, 0, 0, 0,	0, 0, 0, 0, 0, 0, 0, 0,	0, 0, 0, 0, 0, 0, 0, 0
8000 00	00 00+	      .BYTE 0, 0, 0, 0,	0, 0, 0, 0, 0, 0, 0, 0,	0, 0, 0, 0, 0, 0, 0, 0,	0, 0, 0, 0, 0, 0, 0, 0
8000 00	00 00+	      .BYTE 0, 0, 0, 0,	0, 0, 0, 0, 0, 0, 0, 0,	0, 0, 0, 0, 0, 0, 0, 0,	0, 0, 0, 0, 0, 0, 0, 0
8000 00	00 00+	      .BYTE 0, 0, 0, 0,	0, 0, 0, 0, 0, 0, 0, 0,	0, 0, 0, 0, 0, 0, 0, 0,	0, 0, 0, 0, 0, 0, 0, 0
8000 00	00 00+	      .BYTE 0, 0, 0, 0,	0, 0, 0, 0, 0, 0, 0, 0,	0, 0, 0, 0, 0, 0, 0, 0,	0, 0, 0, 0, 0, 0, 0, 0
8000 00	00 00+	      .BYTE 0, 0, 0, 0,	0, 0, 0, 0, 0, 0, 0, 0,	0, 0, 0, 0, 0, 0, 0, 0,	0, 0, 0, 0, 0, 0, 0, 0
8000 00	00 00+	      .BYTE 0, 0, 0, 0,	0, 0, 0, 0, 0, 0, 0, 0,	0, 0, 0, 0, 0, 0, 0, 0,	0, 0, 0, 0, 0, 0, 0, 0
8000 00	00 00+	      .BYTE 0, 0, 0, 0,	0, 0, 0, 0, 0, 0, 0, 0,	0, 0, 0, 0, 0, 0, 0, 0,	0, 0, 0, 0, 0, 0, 0, 0
8000 00	00 00+	      .BYTE 0, 0, 0, 0,	0, 0, 0, 0, 0, 0, 0, 0,	0, 0, 0, 0, 0, 0, 0, 0,	0, 0, 0, 0, 0, 0, 0, 0
8000 00	00 00+	      .BYTE 0, 0, 0, 0,	0, 0, 0, 0, 0, 0, 0, 0,	0, 0, 0, 0, 0, 0, 0, 0,	0, 0, 0, 0, 0, 0, 0, 0
8000 00	00 00+	      .BYTE 0, 0, 0, 0,	0, 0, 0, 0, 0, 0, 0, 0,	0, 0, 0, 0, 0, 0, 0, 0,	0, 0, 0, 0, 0, 0, 0, 0
8000 00	00 00+	      .BYTE 0, 0, 0, 0,	0, 0, 0, 0, 0, 0, 0, 0,	0, 0, 0, 0, 0, 0, 0, 0,	0, 0, 0, 0, 0, 0, 0, 0
8000 00	00 00+	      .BYTE 0, 0, 0, 0,	0, 0, 0, 0, 0, 0, 0, 0,	0, 0, 0, 0, 0, 0, 0, 0,	0, 0, 0, 0, 0, 0, 0, 0
8000 00	00 00+	      .BYTE 0, 0, 0, 0,	0, 0, 0, 0, 0, 0, 0, 0,	0, 0, 0, 0, 0, 0, 0, 0,	0, 0, 0, 0, 0, 0, 0, 0
8000 00	00 00+	      .BYTE 0, 0, 0, 0,	0, 0, 0, 0, 0, 0, 0, 0,	0, 0, 0, 0, 0, 0, 0, 0,	0, 0, 0, 0, 0, 0, 0, 0
8000 00	00 00+	      .BYTE 0, 0, 0, 0,	0, 0, 0, 0, 0, 0, 0, 0,	0, 0, 0, 0, 0, 0, 0, 0,	0, 0, 0, 0, 0, 0, 0, 0
8000 00	00 00+	      .BYTE 0, 0, 0, 0,	0, 0, 0, 0, 0, 0, 0, 0,	0, 0, 0, 0, 0, 0, 0, 0,	0, 0, 0, 0, 0, 0, 0, 0
8000 00	00 00+	      .BYTE 0, 0, 0, 0,	0, 0, 0, 0, 0, 0, 0, 0,	0, 0, 0, 0, 0, 0, 0, 0,	0, 0, 0, 0, 0, 0, 0, 0
8000 00	00 00+	      .BYTE 0, 0, 0, 0,	0, 0, 0, 0, 0, 0, 0, 0,	0, 0, 0, 0, 0, 0, 0, 0,	0, 0, 0, 0, 0, 0, 0, 0
8000 00	00 00+	      .BYTE 0, 0, 0, 0,	0, 0, 0, 0, 0, 0, 0, 0,	0, 0, 0, 0, 0, 0, 0, 0,	0, 0, 0, 0, 0, 0, 0, 0
8000 00	00 00+	      .BYTE 0, 0, 0, 0,	0, 0, 0, 0, 0, 0, 0, 0,	0, 0, 0, 0, 0, 0, 0, 0,	0, 0, 0, 0, 0, 0, 0, 0
8000 00	00 00+	      .BYTE 0, 0, 0, 0,	0, 0, 0, 0, 0, 0, 0, 0,	0, 0, 0, 0, 0, 0, 0, 0,	0, 0, 0, 0, 0, 0, 0, 0
8000 00	00 00+	      .BYTE 0, 0, 0, 0,	0, 0, 0, 0, 0, 0, 0, 0,	0, 0, 0, 0, 0, 0, 0, 0,	0, 0, 0, 0, 0, 0, 0, 0
8000 00	00 00+	      .BYTE 0, 0, 0, 0,	0, 0, 0, 0, 0, 0, 0, 0,	0, 0, 0, 0, 0, 0, 0, 0,	0, 0, 0, 0, 0, 0, 0, 0
8000 00	00 00+	      .BYTE 0, 0, 0, 0,	0, 0, 0, 0, 0, 0, 0, 0,	0, 0, 0, 0, 0, 0, 0, 0,	0, 0, 0, 0, 0, 0, 0, 0
8000 00	00 00+	      .BYTE 0, 0, 0, 0,	0, 0, 0, 0, 0, 0, 0, 0,	0, 0, 0, 0, 0, 0, 0, 0,	0, 0, 0, 0, 0, 0, 0, 0
8000 00	00 00+	      .BYTE 0, 0, 0, 0,	0, 0, 0, 0, 0, 0, 0, 0,	0, 0, 0, 0, 0, 0, 0, 0,	0, 0, 0, 0, 0, 0, 0, 0
8000 00	00 00+	      .BYTE 0, 0, 0, 0,	0, 0, 0, 0, 0, 0, 0, 0,	0, 0, 0, 0, 0, 0, 0, 0,	0, 0, 0, 0, 0, 0, 0, 0
8000 00	00 00+	      .BYTE 0, 0, 0, 0,	0, 0, 0, 0, 0, 0, 0, 0,	0, 0, 0, 0, 0, 0, 0, 0,	0, 0, 0, 0, 0, 0, 0, 0
8000 00	00 00+	      .BYTE 0, 0, 0, 0,	0, 0, 0, 0, 0, 0, 0, 0,	0, 0, 0, 0, 0, 0, 0, 0,	0, 0, 0, 0, 0, 0, 0, 0
8000 00	00 00+	      .BYTE 0, 0, 0, 0,	0, 0, 0, 0, 0, 0, 0, 0,	0, 0, 0, 0, 0, 0, 0, 0,	0, 0, 0, 0, 0, 0, 0, 0
8000 00	00 00+	      .BYTE 0, 0, 0, 0,	0, 0, 0, 0, 0, 0, 0, 0,	0, 0, 0, 0, 0, 0, 0, 0,	0, 0, 0, 0, 0, 0, 0, 0
8000 00	00 00+	      .BYTE 0, 0, 0, 0,	0, 0, 0, 0, 0, 0, 0, 0,	0, 0, 0, 0, 0, 0, 0, 0,	0, 0, 0, 0, 0, 0, 0, 0
8000 00	00 00+	      .BYTE 0, 0, 0, 0,	0, 0, 0, 0, 0, 0, 0, 0,	0, 0, 0, 0, 0, 0, 0, 0,	0, 0, 0, 0, 0, 0, 0, 0
8000 00	00 00+	      .BYTE 0, 0, 0, 0,	0, 0, 0, 0, 0, 0, 0, 0,	0, 0, 0, 0, 0, 0, 0, 0,	0, 0, 0, 0, 0, 0, 0, 0
8000 00	00 00+	      .BYTE 0, 0, 0, 0,	0, 0, 0, 0, 0, 0, 0, 0,	0, 0, 0, 0, 0, 0, 0, 0,	0, 0, 0, 0, 0, 0, 0, 0
8000 00	00 00+	      .BYTE 0, 0, 0, 0,	0, 0, 0, 0, 0, 0, 0, 0,	0, 0, 0, 0, 0, 0, 0, 0,	0, 0, 0, 0, 0, 0, 0, 0
8000 00	00 00+	      .BYTE 0, 0, 0, 0,	0, 0, 0, 0, 0, 0, 0, 0,	0, 0, 0, 0, 0, 0, 0, 0,	0, 0, 0, 0, 0, 0, 0, 0
8000 00	00 00+	      .BYTE 0, 0, 0, 0,	0, 0, 0, 0, 0, 0, 0, 0,	0, 0, 0, 0, 0, 0, 0, 0,	0, 0, 0, 0, 0, 0, 0, 0
8000 00	00 00+	      .BYTE 0, 0, 0, 0,	0, 0, 0, 0, 0, 0, 0, 0,	0, 0, 0, 0, 0, 0, 0, 0,	0, 0, 0, 0, 0, 0, 0, 0
8000 00	00 00+	      .BYTE 0, 0, 0, 0,	0, 0, 0, 0, 0, 0, 0, 0,	0, 0, 0, 0, 0, 0, 0, 0,	0, 0, 0, 0, 0, 0, 0, 0
8000 00	00 00+	      .BYTE 0, 0, 0, 0,	0, 0, 0, 0, 0, 0, 0, 0,	0, 0, 0, 0, 0, 0, 0, 0,	0, 0, 0, 0, 0, 0, 0, 0
8000 00	00 00+	      .BYTE 0, 0, 0, 0,	0, 0, 0, 0, 0, 0, 0, 0,	0, 0, 0, 0, 0, 0, 0, 0,	0, 0, 0, 0, 0, 0, 0, 0
8000 00	00 00+	      .BYTE 0, 0, 0, 0,	0, 0, 0, 0, 0, 0, 0, 0,	0, 0, 0, 0, 0, 0, 0, 0,	0, 0, 0, 0, 0, 0, 0, 0
8000 00	00 00+	      .BYTE 0, 0, 0, 0,	0, 0, 0, 0, 0, 0, 0, 0,	0, 0, 0, 0, 0, 0, 0, 0,	0, 0, 0, 0, 0, 0, 0, 0
8000 00	00 00+	      .BYTE 0, 0, 0, 0,	0, 0, 0, 0, 0, 0, 0, 0,	0, 0, 0, 0, 0, 0, 0, 0,	0, 0, 0, 0, 0, 0, 0, 0
8000 00	00 00+	      .BYTE 0, 0, 0, 0,	0, 0, 0, 0, 0, 0, 0, 0,	0, 0, 0, 0, 0, 0, 0, 0,	0, 0, 0, 0, 0, 0, 0, 0
8000 00	00 00+	      .BYTE 0, 0, 0, 0,	0, 0, 0, 0, 0, 0, 0, 0,	0, 0, 0, 0, 0, 0, 0, 0,	0, 0, 0, 0, 0, 0, 0, 0
8000 00	00 00+	      .BYTE 0, 0, 0, 0,	0, 0, 0, 0, 0, 0, 0, 0,	0, 0, 0, 0, 0, 0, 0, 0,	0, 0, 0, 0, 0, 0, 0, 0
8000 00	00 00+	      .BYTE 0, 0, 0, 0,	0, 0, 0, 0, 0, 0, 0, 0,	0, 0, 0, 0, 0, 0, 0, 0,	0, 0, 0, 0, 0, 0, 0, 0
8000 00	00 00+	      .BYTE 0, 0, 0, 0,	0, 0, 0, 0, 0, 0, 0, 0,	0, 0, 0, 0, 0, 0, 0, 0,	0, 0, 0, 0, 0, 0, 0, 0
8000 00	00 00+	      .BYTE 0, 0, 0, 0,	0, 0, 0, 0, 0, 0, 0, 0,	0, 0, 0, 0, 0, 0, 0, 0,	0, 0, 0, 0, 0, 0, 0, 0
8000 00	00 00+	      .BYTE 0, 0, 0, 0,	0, 0, 0, 0, 0, 0, 0, 0,	0, 0, 0, 0, 0, 0, 0, 0,	0, 0, 0, 0, 0, 0, 0, 0
8000 00	00 00+	      .BYTE 0, 0, 0, 0,	0, 0, 0, 0, 0, 0, 0, 0,	0, 0, 0, 0, 0, 0, 0, 0,	0, 0, 0, 0, 0, 0, 0, 0
8000 00	00 00+	      .BYTE 0, 0, 0, 0,	0, 0, 0, 0, 0, 0, 0, 0,	0, 0, 0, 0, 0, 0, 0, 0,	0, 0, 0, 0, 0, 0, 0, 0
8000 00	00 00+	      .BYTE 0, 0, 0, 0,	0, 0, 0, 0, 0, 0, 0, 0,	0, 0, 0, 0, 0, 0, 0, 0,	0, 0, 0, 0, 0, 0, 0, 0
8000 00	00 00+	      .BYTE 0, 0, 0, 0,	0, 0, 0, 0, 0, 0, 0, 0,	0, 0, 0, 0, 0, 0, 0, 0,	0, 0, 0, 0, 0, 0, 0, 0
8000 00	00 00+	      .BYTE 0, 0, 0, 0,	0, 0, 0, 0, 0, 0, 0, 0,	0, 0, 0, 0, 0, 0, 0, 0,	0, 0, 0, 0, 0, 0, 0, 0
8000 00	00 00+	      .BYTE 0, 0, 0, 0,	0, 0, 0, 0, 0, 0, 0, 0,	0, 0, 0, 0, 0, 0, 0, 0,	0, 0, 0, 0, 0, 0, 0, 0
8000 00	00 00+	      .BYTE 0, 0, 0, 0,	0, 0, 0, 0, 0, 0, 0, 0,	0, 0, 0, 0, 0, 0, 0, 0,	0, 0, 0, 0, 0, 0, 0, 0
8000 00	00 00+	      .BYTE 0, 0, 0, 0,	0, 0, 0, 0, 0, 0, 0, 0,	0, 0, 0, 0, 0, 0, 0, 0,	0, 0, 0, 0, 0, 0, 0, 0
8000 00	00 00+	      .BYTE 0, 0, 0, 0,	0, 0, 0, 0, 0, 0, 0, 0,	0, 0, 0, 0, 0, 0, 0, 0,	0, 0, 0, 0, 0, 0, 0, 0
8000 00	00 00+	      .BYTE 0, 0, 0, 0,	0, 0, 0, 0, 0, 0, 0, 0,	0, 0, 0, 0, 0, 0, 0, 0,	0, 0, 0, 0, 0, 0, 0, 0
8000 00	00 00+	      .BYTE 0, 0, 0, 0,	0, 0, 0, 0, 0, 0, 0, 0,	0, 0, 0, 0, 0, 0, 0, 0,	0, 0, 0, 0, 0, 0, 0, 0
8000 00	00 00+	      .BYTE 0, 0, 0, 0,	0, 0, 0, 0, 0, 0, 0, 0,	0, 0, 0, 0, 0, 0, 0, 0,	0, 0, 0, 0, 0, 0, 0, 0
8000 00	00 00+	      .BYTE 0, 0, 0, 0,	0, 0, 0, 0, 0, 0, 0, 0,	0, 0, 0, 0, 0, 0, 0, 0,	0, 0, 0, 0, 0, 0, 0, 0
8000 00	00 00+	      .BYTE 0, 0, 0, 0,	0, 0, 0, 0, 0, 0, 0, 0,	0, 0, 0, 0, 0, 0, 0, 0,	0, 0, 0, 0, 0, 0, 0, 0
8000 00	00 00+	      .BYTE 0, 0, 0, 0,	0, 0, 0, 0, 0, 0, 0, 0,	0, 0, 0, 0, 0, 0, 0, 0,	0, 0, 0, 0, 0, 0, 0, 0
8000 00	00 00+	      .BYTE 0, 0, 0, 0,	0, 0, 0, 0, 0, 0, 0, 0,	0, 0, 0, 0, 0, 0, 0, 0,	0, 0, 0, 0, 0, 0, 0, 0
8000 00	00 00+	      .BYTE 0, 0, 0, 0,	0, 0, 0, 0, 0, 0, 0, 0,	0, 0, 0, 0, 0, 0, 0, 0,	0, 0, 0, 0, 0, 0, 0, 0
8000 00	00 00+	      .BYTE 0, 0, 0, 0,	0, 0, 0, 0, 0, 0, 0, 0,	0, 0, 0, 0, 0, 0, 0, 0,	0, 0, 0, 0, 0, 0, 0, 0
8000 00	00 00+	      .BYTE 0, 0, 0, 0,	0, 0, 0, 0, 0, 0, 0, 0,	0, 0, 0, 0, 0, 0, 0, 0,	0, 0, 0, 0, 0, 0, 0, 0
8000 00	00 00+	      .BYTE 0, 0, 0, 0,	0, 0, 0, 0, 0, 0, 0, 0,	0, 0, 0, 0, 0, 0, 0, 0,	0, 0, 0, 0, 0, 0, 0, 0
8000 00	00 00+	      .BYTE 0, 0, 0, 0,	0, 0, 0, 0, 0, 0, 0, 0,	0, 0, 0, 0, 0, 0, 0, 0,	0, 0, 0, 0, 0, 0, 0, 0
8000 00	00 00+	      .BYTE 0, 0, 0, 0,	0, 0, 0, 0, 0, 0, 0, 0,	0, 0, 0, 0, 0, 0, 0, 0,	0, 0, 0, 0, 0, 0, 0, 0
8000 00	00 00+	      .BYTE 0, 0, 0, 0,	0, 0, 0, 0, 0, 0, 0, 0,	0, 0, 0, 0, 0, 0, 0, 0,	0, 0, 0, 0, 0, 0, 0, 0
8000 00	00 00+	      .BYTE 0, 0, 0, 0,	0, 0, 0, 0, 0, 0, 0, 0,	0, 0, 0, 0, 0, 0, 0, 0,	0, 0, 0, 0, 0, 0, 0, 0
8000 00	00 00+	      .BYTE 0, 0, 0, 0,	0, 0, 0, 0, 0, 0, 0, 0,	0, 0, 0, 0, 0, 0, 0, 0,	0, 0, 0, 0, 0, 0, 0, 0
8000 00	00 00+	      .BYTE 0, 0, 0, 0,	0, 0, 0, 0, 0, 0, 0, 0,	0, 0, 0, 0, 0, 0, 0, 0,	0, 0, 0, 0, 0, 0, 0, 0
8000 00	00 00+	      .BYTE 0, 0, 0, 0,	0, 0, 0, 0, 0, 0, 0, 0,	0, 0, 0, 0, 0, 0, 0, 0,	0, 0, 0, 0, 0, 0, 0, 0
8000 00	00 00+	      .BYTE 0, 0, 0, 0,	0, 0, 0, 0, 0, 0, 0, 0,	0, 0, 0, 0, 0, 0, 0, 0,	0, 0, 0, 0, 0, 0, 0, 0
8000 00	00 00+	      .BYTE 0, 0, 0, 0,	0, 0, 0, 0, 0, 0, 0, 0,	0, 0, 0, 0, 0, 0, 0, 0,	0, 0, 0, 0, 0, 0, 0, 0
8000 00	00 00+	      .BYTE 0, 0, 0, 0,	0, 0, 0, 0, 0, 0, 0, 0,	0, 0, 0, 0, 0, 0, 0, 0,	0, 0, 0, 0, 0, 0, 0, 0
8000 00	00 00+	      .BYTE 0, 0, 0, 0,	0, 0, 0, 0, 0, 0, 0, 0,	0, 0, 0, 0, 0, 0, 0, 0,	0, 0, 0, 0, 0, 0, 0, 0
8000 00	00 00+	      .BYTE 0, 0, 0, 0,	0, 0, 0, 0, 0, 0, 0, 0,	0, 0, 0, 0, 0, 0, 0, 0,	0, 0, 0, 0, 0, 0, 0, 0
8000 00	00 00+	      .BYTE 0, 0, 0, 0,	0, 0, 0, 0, 0, 0, 0, 0,	0, 0, 0, 0, 0, 0, 0, 0,	0, 0, 0, 0, 0, 0, 0, 0
8000 00	00 00+	      .BYTE 0, 0, 0, 0,	0, 0, 0, 0, 0, 0, 0, 0,	0, 0, 0, 0, 0, 0, 0, 0,	0, 0, 0, 0, 0, 0, 0, 0
8000 00	00 00+	      .BYTE 0, 0, 0, 0,	0, 0, 0, 0, 0, 0, 0, 0,	0, 0, 0, 0, 0, 0, 0, 0,	0, 0, 0, 0, 0, 0, 0, 0
8000 00	00 00+	      .BYTE 0, 0, 0, 0,	0, 0, 0, 0, 0, 0, 0, 0,	0, 0, 0, 0, 0, 0, 0, 0,	0, 0, 0, 0, 0, 0, 0, 0
8000 00	00 00+	      .BYTE 0, 0, 0, 0,	0, 0, 0, 0, 0, 0, 0, 0,	0, 0, 0, 0, 0, 0, 0, 0,	0, 0, 0, 0, 0, 0, 0, 0
8000 00	00 00+	      .BYTE 0, 0, 0, 0,	0, 0, 0, 0, 0, 0, 0, 0,	0, 0, 0, 0, 0, 0, 0, 0,	0, 0, 0, 0, 0, 0, 0, 0
8000 00	00 00+	      .BYTE 0, 0, 0, 0,	0, 0, 0, 0, 0, 0, 0, 0,	0, 0, 0, 0, 0, 0, 0, 0,	0, 0, 0, 0, 0, 0, 0, 0
8000 00	00 00+	      .BYTE 0, 0, 0, 0,	0, 0, 0, 0, 0, 0, 0, 0,	0, 0, 0, 0, 0, 0, 0, 0,	0, 0, 0, 0, 0, 0, 0, 0
8000 00	00 00+	      .BYTE 0, 0, 0, 0
C000 F9	      String_dat:.BYTE $F9		  ; FindStrings+34↑r
C001 92	17 0F+	      .BYTE $92, $17, $F, $15, $1E, $E,	$17, $C, $E ; Influence
C00A 8D	12 1C+	      .BYTE $8D, $12, $1C, $19,	$18, $1C, $A, $15 ; Disposal
C012 9C	0E 1B+	      .BYTE $9C, $E, $1B, $1F, $A, $17,	$1D ; Servant
C019 C2	0E 1C+	      .BYTE $C2, $E, $1C, $1C, $E, $17,	$10, $E, $1B ; Messenger
C022 C2	0A 12+	      .BYTE $C2, $A, $12, $17, $1D, $E,	$17, $A, $17, $C, $E ; Maintenance
C02D 8C	1B 0E+	      .BYTE $8C, $1B, $E, $54	  ; Crew
C031 9C	0E 17+	      .BYTE $9C, $E, $17, $1D, $12, $17, $E, $15 ; Sentinel
C039 8B	0A 1D+	      .BYTE $8B, $A, $1D, $1D, $15, $E ; Battle
C03F 9C	0E 0C+	      .BYTE $9C, $E, $C, $1E, $1B, $12,	$1D, $22 ; Security
C047 8C	18 42+	      .BYTE $8C, $18, $42, $42,	$A, $17, $D ; Command
C04E 9B	18 0B+	      .BYTE $9B, $18, $B, $18, $1D ; Robot
C053 8D	1B 18+	      .BYTE $8D, $1B, $18, $12,	$D ; Droid
C058 8C	22 0B+	      .BYTE $8C, $22, $B, $18, $1B, $10	; Cyborg
C05E 8E	17 1D+	      .BYTE $8E, $17, $1D, $1B,	$22, $30 ; entry
C064 8C	15 0A+	      .BYTE $8C, $15, $A, $1C, $1C, $30
C06A 91	0E 12+	      .BYTE $91, $E, $12, $10, $11, $1D
C070 D4	0E 12+	      .BYTE $D4, $E, $12, $10, $11, $1D
C076 8D	1B 12+	      .BYTE $8D, $1B, $12, $1F,	$E, $30
C07C 8B	1B 0A+	      .BYTE $8B, $1B, $A, $12, $17, $30
C082 8A	1B 42+	      .BYTE $8A, $1B, $42, $A, $42, $E,	$17, $1D
C08A 9C	0E 17+	      .BYTE $9C, $E, $17, $1C, $18, $1B, $1C, $30, $30,	1
C094 B0	30 30+	      .BYTE $B0, $30, $30, $30,	$30, $30, $30, $30, $30, $30, 2
C09F B0	30 30+	      .BYTE $B0, $30, $30, $30,	$30, $30, $30, $30, $30, $30, 3
C0AA 97	18 1D+	      .BYTE $97, $18, $1D, $E, $1C
C0AF AA	30	      .BYTE $AA, $30
C0B1 97	18 17+	      .BYTE $97, $18, $17, $E
C0B5 8A	17 1D+	      .BYTE $8A, $17, $1D, $12,	$2E, $10, $1B, $A, $1F
C0BE 8B	12 19+	      .BYTE $8B, $12, $19, $E, $D, $A, $15
C0C5 91	18 1F+	      .BYTE $91, $18, $1F, $E, $1B
C0CA D4	11 0E+	      .BYTE $D4, $11, $E, $E, $15, $1C
C0D0 9D	1B 0A+	      .BYTE $9D, $1B, $A, $C, $14, $1C
C0D6 9C	19 0E+	      .BYTE $9C, $19, $E, $C, $1D, $1B,	$A, $15
C0DE 9C	18 17+	      .BYTE $9C, $18, $17, $12,	$C
C0E3 9E	15 1D+	      .BYTE $9E, $15, $1D, $1B,	$A, $2E, $1C, $18, $17,	$12, $C
C0EE 9C	1E 0B+	      .BYTE $9C, $1E, $B, $1C, $18, $17, $12, $C
C0F6 92	17 0F+	      .BYTE $92, $17, $F, $1B, $A, $2E,	$1B, $E, $D
C0FF 9B	0A 0D+	      .BYTE $9B, $A, $D, $A, $1B
C104 9D	1B 12+	      .BYTE $9D, $1B, $12, $19,	$E, $D,	$A, $15
C10C 95	12 10+	      .BYTE $95, $12, $10, $11,	$1D
C111 91	0E 0A+	      .BYTE $91, $E, $A, $1F, $22
C116 8D	1E 1D+	      .BYTE $8D, $1E, $1D, $22
C11A 9D	11 0E	      .BYTE $9D, $11, $E
C11D 9D	11 12+	      .BYTE $9D, $11, $12, $1C
C121 98	17 0E	      .BYTE $98, $17, $E
C124 98	0F	      .BYTE $98, $F
C126 8F	12 1B+	      .BYTE $8F, $12, $1B, $1C,	$1D
C12B 9D	18	      .BYTE $9D, $18
C12D 9E	1C 0E	      .BYTE $9E, $1C, $E
C130 9C	22 1C+	      .BYTE $9C, $22, $1C, $1D,	$E, $42
C136 97	0E 1E+	      .BYTE $97, $E, $1E, $1D, $1B, $18, $17, $12, $C
C13F AE	30	      .BYTE $AE, $30
C141 92	1C	      .BYTE $92, $1C
C143 9C	12 42+	      .BYTE $9C, $12, $42, $19,	$15, $E
C149 9B	1E 0B+	      .BYTE $9B, $1E, $B, $B, $12, $1C,	$11
C150 8C	18 42+	      .BYTE $8C, $18, $42, $42,	$18, $17
C156 8D	0E 1F+	      .BYTE $8D, $E, $1F, $12, $C, $E
C15C 92	17	      .BYTE $92, $17
C15E C2	18 1C+	      .BYTE $C2, $18, $1C, $1D
C162 9C	19 0A+	      .BYTE $9C, $19, $A, $C, $E
C167 8C	1B 0A+	      .BYTE $8C, $1B, $A, $F, $1D
C16C C2	0A 12+	      .BYTE $C2, $A, $12, $17, $1D, $A,	$12, $17
C174 8A		      .BYTE $8A
C175 8C	15 0E+	      .BYTE $8C, $15, $E, $A, $17
C17A 9C	11 12+	      .BYTE $9C, $11, $12, $19
C17E 95	0A 1C+	      .BYTE $95, $A, $1C, $E, $1B, $30,	$1B, $12, $F, $15, $E
C189 8D	12 1C+	      .BYTE $8D, $12, $1C, $1B,	$1E, $19, $1D, $18, $1B
C192 95	18 54	      .BYTE $95, $18, $54
C195 9E	1C 0E+	      .BYTE $9E, $1C, $E, $D
C199 99	1B 18+	      .BYTE $99, $1B, $18, $1D,	$E, $C,	$1D
C1A0 8A	1B 0E+	      .BYTE $8A, $1B, $E, $A, $1C
C1A5 8F	1B 18+	      .BYTE $8F, $1B, $18, $42
C1A9 92	17 1D+	      .BYTE $92, $17, $1D, $1B,	$1E, $D, $E, $1B, $1C
C1B2 9C	15 18+	      .BYTE $9C, $15, $18, $54
C1B6 8B	1E 1D	      .BYTE $8B, $1E, $1D
C1B9 9C	1E 1B+	      .BYTE $9C, $1E, $1B, $E
C1BD 97	18 1D	      .BYTE $97, $18, $1D
C1C0 8B	1E 12+	      .BYTE $8B, $1E, $12, $15,	$1D
C1C5 92	17 1D+	      .BYTE $92, $17, $1D, $18
C1C9 91	0E 0A+	      .BYTE $91, $E, $A, $D
C1CD 95	0A 1C+	      .BYTE $95, $A, $1C, $E, $1B, $1C
C1D3 8A	0C 1D+	      .BYTE $8A, $C, $1D, $12, $1F, $12, $1D, $22
C1DB 91	0E 15+	      .BYTE $91, $E, $15, $42, $E, $1D
C1E1 9C	0E 15+	      .BYTE $9C, $E, $15, $F, $2E, $19,	$18, $54, $E, $1B, $E, $D
C1ED 8A	17 0D	      .BYTE $8A, $17, $D
C1F0 8C	18 17+	      .BYTE $8C, $18, $17, $1D,	$1B, $18, $15
C1F7 8A	17 22	      .BYTE $8A, $17, $22
C1FA 8F	18 1B	      .BYTE $8F, $18, $1B
C1FD 9C	11 18+	      .BYTE $9C, $11, $18, $1B,	$1D
C202 9D	12 42+	      .BYTE $9D, $12, $42, $E
C206 8A	1B 0E	      .BYTE $8A, $1B, $E
C209 9D	1E 1B+	      .BYTE $9D, $1E, $1B, $1B,	$E, $1D
C20F C2	18 1E+	      .BYTE $C2, $18, $1E, $17,	$1D, $E, $D
C216 9F	0E 1B+	      .BYTE $9F, $E, $1B, $1C, $12, $18, $17
C21D 9E	17 12+	      .BYTE $9E, $17, $12, $1D
C221 9D	11 0A+	      .BYTE $9D, $11, $A, $1D
C225 A2	18 1E	      .BYTE $A2, $18, $1E
C228 8C	1E 1B+	      .BYTE $8C, $1E, $1B, $1B,	$E, $17, $1D, $15, $22
C231 D4	12 15+	      .BYTE $D4, $12, $15, $15
C235 99	1B 0E+	      .BYTE $99, $1B, $E, $19, $A, $1B,	$E
C23C 8B	18 0A+	      .BYTE $8B, $18, $A, $1B, $D
C241 CB	18 0B+	      .BYTE $CB, $18, $B, $18, $2E, $3F, $1B, $E, $12, $10, $11, $1D, $E, $1B
C24F 8E	15 12+	      .BYTE $8E, $15, $12, $42,	$12, $17, $A, $1D, $E
C258 8A	15 15	      .BYTE $8A, $15, $15
C25B 9B	18 10+	      .BYTE $9B, $18, $10, $1E,	$E
C260 9B	18 0B+	      .BYTE $9B, $18, $B, $18, $1D, $1C
C266 99	0A 1B+	      .BYTE $99, $A, $1B, $A, $D, $1B, $18, $12, $D
C26F C2	0E 1D+	      .BYTE $C2, $E, $1D, $A, $11, $A, $54, $14
C277 91	0E 54+	      .BYTE $91, $E, $54, $1C, $1D, $1B, $18, $42, $18
C280 90	1B 0A+	      .BYTE $90, $1B, $A, $F, $1D, $10,	$18, $15, $D
C289 8B	15 0A+	      .BYTE $8B, $15, $A, $B, $10, $18,	$1B, $12, $1E, $1C, $30, $16, $4F
C296 9B	0E 0D+	      .BYTE $9B, $E, $D, $30, $3B, $A, $1B, $C,	$11, $E, $1D, $1D, $A
C2A3 9B	0E 1D+	      .BYTE $9B, $E, $1D, $1D, $A, $2E,	$B, $E,	$A, $1C, $1D
C2AE 92	1D 1C+	      .BYTE $92, $1D, $1C, $17,	$18, $1D, $A, $1B, $D, $E, $17,	$1E, $F, $F
C2BC 9D	1B 0A+	      .BYTE $9D, $1B, $A, $17, $1C, $F,	$E, $1B
C2C4 D4	12 1C+	      .BYTE $D4, $12, $1C, $11
C2C8 8D	0E 1C+	      .BYTE $8D, $E, $1C, $12, $10, $17, $E, $D
C2D0 8B	22	      .BYTE $8B, $22
C2D2 BD	1B 28	      .BYTE $BD, $1B, $28
C2D5 C6	0A 1C+	      .BYTE $C6, $A, $1C, $1D, $E, $1B,	$17, $A, $14
C2DE 8F	12 1D+	      .BYTE $8F, $12, $1D, $1D,	$E, $D
C2E4 D4	12 1D+	      .BYTE $D4, $12, $1D, $11
C2E8 8C	0A 19+	      .BYTE $8C, $A, $19, $A, $B, $15, $E
C2EF 98	0B 1C+	      .BYTE $98, $B, $1C, $E, $1B, $1F,	$A, $1D, $12, $18, $17
C2FA 8B	1B 12+	      .BYTE $8B, $1B, $12, $D, $10, $E
C300 8A	12 1B+	      .BYTE $8A, $12, $1B, $15,	$18, $C, $14
C307 9B	0E 0A+	      .BYTE $9B, $E, $A, $C, $1D, $18, $1B
C30E 9B	0E 1C+	      .BYTE $9B, $E, $1C, $E, $A, $1B, $C, $11
C316 9C	1D 18+	      .BYTE $9C, $1D, $18, $1B,	$E, $1C
C31C 9C	1D 0A+	      .BYTE $9C, $1D, $A, $1D, $E, $1B,	$18, $18, $42, $1C
C326 9B	0E 19+	      .BYTE $9B, $E, $19, $A, $12, $1B,	$1C
C32D 9A	1E 0A+	      .BYTE $9A, $1E, $A, $1B, $1D, $E,	$1B, $1C
C335 9B	18 0B+	      .BYTE $9B, $18, $B, $18, $2E, $1C, $1D, $18, $1B,	$E, $1C
C340 9E	19 19+	      .BYTE $9E, $19, $19, $E, $1B, $30, $C, $A, $1B, $10, $18
C34B C2	12 0D+	      .BYTE $C2, $12, $D, $30, $C, $A, $1B, $10, $18
C354 9F	0E 11+	      .BYTE $9F, $E, $11, $12, $C, $15,	$E, $30, $11, $18, $15,	$D
C360 9C	11 1E+	      .BYTE $9C, $11, $1E, $1D,	$1D, $15, $E, $30, $B, $A, $22
C36B 8E	17 10+	      .BYTE $8E, $17, $10, $12,	$17, $E, $E, $1B, $12, $17, $10
C376 C2	0A 12+	      .BYTE $C2, $A, $12, $17, $1D, $E,	$17, $A, $17, $C, $E
C381 8C	1B 0E+	      .BYTE $8C, $1B, $E, $A, $1D, $E, $D
C388 9E	19	      .BYTE $9E, $19
C38A 95	0A 1B+	      .BYTE $95, $A, $1B, $10, $E
C38F 91	0E 0A+	      .BYTE $91, $E, $A, $19, $1C
C394 92	1D 1C	      .BYTE $92, $1D, $1C
C397 9C	0C 18+	      .BYTE $9C, $C, $18, $18, $19
C39C 8C	18 15+	      .BYTE $8C, $18, $15, $15,	$E, $C,	$1D
C3A3 92	1D	      .BYTE $92, $1D
C3A5 9D	11 0E+	      .BYTE $9D, $11, $E, $17
C3A9 92	17 1D+	      .BYTE $92, $17, $1D, $E, $1B, $17, $A, $15, $15, $22
C3B3 8C	11 0E+	      .BYTE $8C, $11, $E, $A, $19, $E, $1B
C3BA C2	0A 12+	      .BYTE $C2, $A, $12, $17, $15, $22
C3C0 9C	0E 1B+	      .BYTE $9C, $E, $1B, $1F, $12, $17, $10
C3C7 8D	1B 12+	      .BYTE $8D, $1B, $12, $17,	$14, $1C
C3CD 9D	1B 0A+	      .BYTE $9D, $1B, $A, $22
C3D1 98	17	      .BYTE $98, $17
C3D3 C8	1B 0C+	      .BYTE $C8, $1B, $C, $11, $A, $1B,	$D
C3DA C6	0A 1B+	      .BYTE $C6, $A, $1B, $1C, $D, $E, $17
C3E1 BE	17 1D+	      .BYTE $BE, $17, $1D, $E, $1B, $19, $1B, $12, $1C,	$E, $1C
C3EC C2	18 1F+	      .BYTE $C2, $18, $1F, $12,	$17, $10
C3F2 9C	42 0A+	      .BYTE $9C, $42, $A, $15, $15
C3F7 99	0A 0C+	      .BYTE $99, $A, $C, $14, $A, $10, $E, $1C
C3FF 8C	15 0A+	      .BYTE $8C, $15, $A, $42, $19
C404 95	18 54+	      .BYTE $95, $18, $54, $E, $1B
C409 8B	18 0D+	      .BYTE $8B, $18, $D, $22
C40D 8E	0A 1B+	      .BYTE $8E, $A, $1B, $15, $22
C412 9D	22 19+	      .BYTE $9D, $22, $19, $E
C416 92	42 19+	      .BYTE $92, $42, $19, $E, $D, $E
C41C C2	18 1D+	      .BYTE $C2, $18, $1D, $12,	$18, $17
C422 8C	18 17+	      .BYTE $8C, $18, $17, $F, $12, $17, $E, $D
C42A 8D	1E 1B+	      .BYTE $8D, $1E, $1B, $12,	$17, $10
C430 8F	15 12+	      .BYTE $8F, $15, $12, $10,	$11, $1D
C436 C2	1E 15+	      .BYTE $C2, $1E, $15, $1D,	$12, $19, $15, $E
C43E 8A	1B 42+	      .BYTE $8A, $1B, $42, $1C
C442 8C	0A 1B+	      .BYTE $8C, $A, $1B, $1B, $22
C447 98	1E 1D	      .BYTE $98, $1E, $1D
C44A 8E	0F 0F+	      .BYTE $8E, $F, $F, $12, $C, $12, $E, $17,	$1D, $15, $22
C455 8A	0F 1D+	      .BYTE $8A, $F, $1D, $E, $1B
C45A C3	1E 19+	      .BYTE $C3, $1E, $19, $12,	$1D, $E, $1B
C461 96	17 0C+	      .BYTE $96, $17, $C, $12, $D, $E, $17, $1D
C469 9C	1E 19+	      .BYTE $9C, $1E, $19, $19,	$15, $12, $E, $D
C471 9D	0E 0A+	      .BYTE $9D, $E, $A, $42
C475 9D	11 0E+	      .BYTE $9D, $11, $E, $1C, $E
C47A 8A	0B 15+	      .BYTE $8A, $B, $15, $E
C47E 8C	11 0E+	      .BYTE $8C, $11, $E, $C, $14, $1C
C484 98	17 15+	      .BYTE $98, $17, $15, $22
C488 97	18	      .BYTE $97, $18
C48A 95	18 17+	      .BYTE $95, $18, $17, $10,	$E, $1B
C490 9C	1D 0A+	      .BYTE $9C, $1D, $A, $17, $D, $A, $1B, $D
C498 9C	0E 1B+	      .BYTE $9C, $E, $1B, $1F, $12, $C,	$E
C49F C6	12 15+	      .BYTE $C6, $12, $15, $12,	$1D, $A, $1B, $22
C4A7 9F	0E 1B+	      .BYTE $9F, $E, $1B, $22
C4AB 9B	0E 15+	      .BYTE $9B, $E, $15, $12, $A, $B, $15, $E
C4B3 99	0A 1D+	      .BYTE $99, $A, $1D, $1B, $18, $15
C4B9 8A	1C	      .BYTE $8A, $1C
C4BB 9C	18 18+	      .BYTE $9C, $18, $18, $17
C4BF 8D	0E 1D+	      .BYTE $8D, $E, $1D, $E, $C, $1D, $E, $D
C4C7 99	18 54+	      .BYTE $99, $18, $54, $E, $1B, $F,	$1E, $15
C4CF 9C	0E 17+	      .BYTE $9C, $E, $17, $1C, $18, $1B, $1C
C4D6 8E	21 1D+	      .BYTE $8E, $21, $1D, $E, $1B, $42, $12, $17, $A, $1D, $18, $1B
C4E2 8A	1B 0C+	      .BYTE $8A, $1B, $C, $11, $12, $1F, $E
C4E9 8D	0A 1D+	      .BYTE $8D, $A, $1D, $A
C4ED 9C	18 42+	      .BYTE $9C, $18, $42, $E
C4F1 9B	0E 0A+	      .BYTE $9B, $E, $A, $1C, $18, $17
C4F7 9E	17 14+	      .BYTE $9E, $17, $14, $17,	$18, $54, $17
C4FE 92	17 1C+	      .BYTE $92, $17, $1C, $1D,	$12, $15, $1C
C505 90	1B 0E+	      .BYTE $90, $1B, $E, $A, $1D
C50A 8F	0E 0A+	      .BYTE $8F, $E, $A, $1B
C50E C1	1E 42+	      .BYTE $C1, $1E, $42, $A, $17
C513 8A	0D 1F+	      .BYTE $8A, $D, $1F, $E, $1B, $1C,	$A, $1B, $12, $E, $1C
C51E 90	1B 0E+	      .BYTE $90, $1B, $E, $E, $17
C523 A2	0E 15+	      .BYTE $A2, $E, $15, $15, $18, $54
C529 8A	42 0B+	      .BYTE $8A, $42, $B, $E, $1B
C52E 9B	0E 0D	      .BYTE $9B, $E, $D
C531 8E	21 19+	      .BYTE $8E, $21, $19, $E, $1B, $12, $42, $E, $17, $1D, $A,	$15
C53D 97	0E 54	      .BYTE $97, $E, $54
C540 8C	18 17+	      .BYTE $8C, $18, $17, $1F,	$E, $17, $12, $E, $17, $C, $E
C54B D4	0A 1B+	      .BYTE $D4, $A, $1B, $17, $12, $17, $10, $2A
C553 99	1B 12+	      .BYTE $99, $1B, $12, $42,	$18, $D, $E
C55A 95	18 17+	      .BYTE $95, $18, $17, $10
C55E D4	0A 1C	      .BYTE $D4, $A, $1C
C561 C2	0A 22	      .BYTE $C2, $A, $22
C564 8C	1B 1E+	      .BYTE $8C, $1B, $1E, $1C,	$11, $E, $D
C56B 8C	18 17+	      .BYTE $8C, $18, $17, $10,	$1B, $A, $1D, $1E, $15,	$A, $1D, $12, $18, $17,	$1C, $25
C57B 8C	15 0E+	      .BYTE $8C, $15, $E, $A, $1B
C580 97	18 54	      .BYTE $97, $18, $54
C583 8B	18 17+	      .BYTE $8B, $18, $17, $1E,	$1C
C588 82	00 00+	      .BYTE $82, 0, 0, 0
C58C 91	12 10+	      .BYTE $91, $12, $10, $11,	$15, $22
C592 9C	18 19+	      .BYTE $9C, $18, $19, $11,	$12, $1C, $1D, $12, $C,	$A, $1D, $E, $D
C59F 98	54 17	      .BYTE $98, $54, $17
C5A2 8A	17	      .BYTE $8A, $17
C5A4 98	1F 0E+	      .BYTE $98, $1F, $E, $1B, $2E, $D,	$1B, $12, $1F, $E, $17
C5AF 8F	0A 1C+	      .BYTE $8F, $A, $1C, $1D
C5B3 9D	18 18+	      .BYTE $9D, $18, $18, $15,	$B, $18, $21
C5BA 9C	15 0A+	      .BYTE $9C, $15, $A, $1F, $E
C5BF 9B	0A 1B+	      .BYTE $9B, $A, $1B, $E
C5C3 C7	12 0C+	      .BYTE $C7, $12, $C, $11, $18, $15, $1C, $18, $17
C5CC BC	18 42+	      .BYTE $BC, $18, $42, $19,	$A, $17, $22
C5D3 9D	0A 17+	      .BYTE $9D, $A, $17, $14
C5D7 C0	12 15+	      .BYTE $C0, $12, $15, $15,	$E, $17
C5DD 8A	1E 1D+	      .BYTE $8A, $1E, $1D, $18,	$2E, $C, $A, $17, $17, $18, $17
C5E8 8B	0E	      .BYTE $8B, $E
C5EA 8F	0E 54	      .BYTE $8F, $E, $54
C5ED 91	0A 1F+	      .BYTE $91, $A, $1F, $E
C5F1 8E	17 1D+	      .BYTE $8E, $17, $1D, $E, $1B, $E,	$D
C5F8 9E	17 12+	      .BYTE $9E, $17, $12, $1D,	$1C
C5FD 8E	1F 0E+	      .BYTE $8E, $1F, $E, $1B
C601 8F	0A 1B	      .BYTE $8F, $A, $1B
C604 9C	18	      .BYTE $9C, $18
C606 8A	54 0A+	      .BYTE $8A, $54, $A, $1B, $D, $E, $D
C60D FF		      .BYTE  $FF ;
C60E FF		      .BYTE  $FF ;
C60F FF		      .BYTE  $FF ;
C610 05	00 08+	      .BYTE 5, 0, 8, $D0, $FF, $1C, 0, 1, 0, 0,	0, 0, 0, 0, 0, 0
C610 D0	FF 1C+	      .BYTE 5, 0, $10, $A0, $FF, $28, 0, 1, 0, 0, 0, 0,	0, 0, 0, 0
C610 00	01 00+	      .BYTE 5, 0, $12, $80, $FF, 9, $24, 2, 0, 0, 0, 0,	1, 0, $12, 0
C610 00	00 00+	      .BYTE $B,	0, 4, $50, 0, 9, 6, 7, 0, $E, $10, $FF,	0, 0, 0, 0
C610 00	00 00+	      .BYTE 7, 0, $40, 0, $1C, $1D, $1D, $D, 0,	0, 0, 0, 1, 0, $40, 0
C610 00	05 00+	      .BYTE 8, 0, 4, $50, 0, $20, $20, 7, 0, 8,	5, 0, 1, 0, 4, 0
C610 10	A0 FF+	      .BYTE 6, 0, $14, $60, $FF, $10, $10, 5, 0, 0, 0, 0, 1, 0,	$14, 0
C610 28	00 01+	      .BYTE 0, 0, $20, $40, 0, 8, 8, 8,	0, 0, 0, 0, 1, 0, $20, 0
C610 00	00 00+	      .BYTE 9, 0, $2D, 0, $E0, $E0, 0, 1, 0, 0,	0, 0, 0, 0, 0, 0
C610 00	00 00+	      .BYTE 0, 0, $C, 0, $F1, $10, 0, 1, 0, 0, 0, 0, 0,	0, 0, 0
C610 00	00 05+	      .BYTE 7, 0, $28, 0, $E1, $60, 0, 1, 0, 0,	0, 0, 0, 0, 0, 0
C610 00	12 80+	      .BYTE 7, 0, $20, 0, $E8, $60, 0, 1, 0, 0,	0, 0, 0, 0, 0, 0
C610 FF	09 24+	      .BYTE 6, 0, $10, 0, $C7, $60, 0, 1, 0, 0,	0, 0, 0, 0, 0, 0
C610 02	00 00+	      .BYTE 8, 0, $C, 0, $CD, $20, $20,	4, 0, 8, $40, 0, 0, 0, 0, 0
C610 00	00 01+	      .BYTE 4, 0, $80, 0, 0, $C0, 0, 1,	0, 0, 0, 0, 0, 0, 0, 0
C610 00	12 00+	      .BYTE $A,	0, $C, $90, $FF, $B, 4,	5, 0, 0, 0, 0, 0, 0, 0,	0
C610 0B	00 04+	      .BYTE 2, 0, 8, $C0, 0, 4,	8, 2, 0, $F, $F0, $FF, 0, 0, 0,	0
C610 50	00 09+	      .BYTE 5, 0, 2, $FA, $FF, $28, 0, 1, 0, 0,	0, 0, 0, 0, 0, 0
C610 06	07 00+	      .BYTE 5, $80, 2, $FC, $FF, $40, 0, 1, 0, 0, 0, 0,	0, 0, 0, 0
C610 0E	10 FF+	      .BYTE 8, 0, $20, 0, $CD, $60, 0, 1, 0, 8,	$40, 0,	0, 0, 0, 0
C610 00	00 00+	      .BYTE $A,	0, $10,	$E0, 0,	8, 0, 1, 0, 0, 0, 0, 0,	0, 0, 0
C610 00	07 00+	      .BYTE 0, 0, $10, $B0, $FF, 4, 4, 4, 0, 0,	0, 0, 0, 0, 0, 0
C610 40	00 1C+	      .BYTE 9, 0, $B, $D0, $FF,	$38, 0,	1, 0, 0, 0, 0, 0, 0, 0,	0
C780 03	00 01+sfx23:  .BYTE 3, 0, 1, $F5, 0, $13, 8, $A, 0, 0, 0, 0, 1,	0, 8, 0
C780 F5	00 13+					  ; StartGame+120↑w
C780 08	0A 00+					  ; StartGame+126↑w
C780 00	00 00+					  ; StartGame+12C↑w
C790 02	00 04+	      .BYTE 2, 0, 4, 3,	7, 3, 4, 4, 0, $F, $D0,	$FF, 1,	0, 4, 0
C790 03	07 03+	      .BYTE $B,	0, 6, $20, 0, 7, 4, 4, 0, $E, 0, 0, 1, 0, 6, 0
C790 04	04 00+	      .BYTE 9, 0, $30, 0, $E0, $E0, 0, 1, 0, 0,	0, 0, 0, 0, 0, 0
C790 0F	D0 FF+	      .BYTE 0, 0, $34, 0, $D7, $F, 0, 1, 0, 0, 0, 0, 0,	0, 0, 0
C790 01	00 04+	      .BYTE 7, 0, $20, 0, $E8, $7D, 0, 1, 0, 0,	0, 0, 0, 0, 0, 0
C790 00	0B 00+	      .BYTE 6, 0, $10, 0, $C7, $7D, 0, 1, 0, 0,	0, 0, 0, 0, 0, 0
C790 06	20 00+	      .BYTE 8, 0, $C, 0, $CD, $7D, 0, 1, 0, 8, $40, 0, 0, 0, 0,	0
C800 07	0E 05+numWaypoints:.BYTE 7, 14,	5, 18, 17, 19, 24, 14 ;	FindWaypoint+3↑r
C800 12	11 13+	      .BYTE 15,	8, 20, 18, 16, 8, 17, 19
C810 40	55 7F+Waypoints_lo:.BYTE $40, $55, $7F,	$8E, $C4, $F7, $30, $78
C810 8E	C4 F7+					  ; GetWaypoints+2↑r
C810 30	78 A2+	      .BYTE $A2, $CF, $E7, $23,	$59, $89, $A1, $D4
C820 C8	C8 C8+Waypoints_hi:.BYTE $C8, $C8, $C8,	$C8, $C8, $C8, $C9, $C9
C820 C8	C8 C8+					  ; GetWaypoints+7↑r
C820 C9	C9 C9+	      .BYTE $C9, $C9, $C9, $CA,	$CA, $CA, $CA, $CA
C830 0A	0D 00+deckDroidBase:.BYTE $A, $D, 0, 2,	3, 1, 5, 7 ; NextLevel+21↑r
C830 02	03 01+	      .BYTE $11, 7, $11, $13, $F, $D, 7, 8
C840
C840 42	12 08+deck0_WP:.BYTE $42, $12, 8
C840 4A	12 80+	      .BYTE $4A, $12, $80
C840 6E	22 70+	      .BYTE $6E, $22, $70
C840 6A	26 1C+	      .BYTE $6A, $26, $1C
C840 72	26 49+	      .BYTE $72, $26, $49
C840 7E	26 80+	      .BYTE $7E, $26, $80
C840 6E	2A 07	      .BYTE $6E, $2A, 7
C855
C855 16	06 08+deck1_WP:.BYTE $16, 6, 8
C855 36	06 A8+	      .BYTE $36, 6, $A8
C855 4E	06 A8+	      .BYTE $4E, 6, $A8
C855 56	06 80+	      .BYTE $56, 6, $80
C855 36	0E 02+	      .BYTE $36, $E, 2
C855 4E	12 4A+	      .BYTE $4E, $12, $4A
C855 56	12 A8+	      .BYTE $56, $12, $A8
C855 86	12 80+	      .BYTE $86, $12, $80
C855 3E	1A 18+	      .BYTE $3E, $1A, $18
C855 56	1A 82+	      .BYTE $56, $1A, $82
C855 16	1E 08+	      .BYTE $16, $1E, 8
C855 42	1E 85+	      .BYTE $42, $1E, $85
C855 9A	2A 08+	      .BYTE $9A, $2A, 8
C855 A2	2A 80	      .BYTE $A2, $2A, $80
C87F
C87F 66	12 48+deck2_WP:.BYTE $66, $12, $48
C87F 76	12 90+	      .BYTE $76, $12, $90
C87F 3A	16 08+	      .BYTE $3A, $16, 8
C87F 62	16 8C+	      .BYTE $62, $16, $8C
C87F 7A	16 81	      .BYTE $7A, $16, $81
C88E
C88E 3A	06 28+deck3_WP:.BYTE $3A, 6, $28
C88E 7A	06 A8+	      .BYTE $7A, 6, $A8
C88E 9A	06 A0+	      .BYTE $9A, 6, $A0
C88E 56	12 28+	      .BYTE $56, $12, $28
C88E 66	12 90+	      .BYTE $66, $12, $90
C88E 3A	1E 0A+	      .BYTE $3A, $1E, $A
C88E 56	1E A2+	      .BYTE $56, $1E, $A2
C88E 72	1E 29+	      .BYTE $72, $1E, $29
C88E 7A	1E A8+	      .BYTE $7A, $1E, $A8
C88E 9A	1E 82+	      .BYTE $9A, $1E, $82
C88E 56	2A 0A+	      .BYTE $56, $2A, $A
C88E 72	2A 82+	      .BYTE $72, $2A, $82
C88E 86	2A 48+	      .BYTE $86, $2A, $48
C88E 8E	2A A0+	      .BYTE $8E, $2A, $A0
C88E 26	36 08+	      .BYTE $26, $36, 8
C88E 7A	36 86+	      .BYTE $7A, $36, $86
C88E 8E	36 0A+	      .BYTE $8E, $36, $A
C88E 9A	36 80	      .BYTE $9A, $36, $80
C8C4
C8C4 16	06 08+deck4_WP:.BYTE $16, 6, 8
C8C4 42	06 20+	      .BYTE $42, 6, $20
C8C4 1E	0E 20+	      .BYTE $1E, $E, $20
C8C4 42	0E 80+	      .BYTE $42, $E, $80
C8C4 52	0E 28+	      .BYTE $52, $E, $28
C8C4 76	0E 80+	      .BYTE $76, $E, $80
C8C4 3A	16 2C+	      .BYTE $3A, $16, $2C
C8C4 52	16 82+	      .BYTE $52, $16, $82
C8C4 32	1E 08+	      .BYTE $32, $1E, 8
C8C4 3A	1E 8A+	      .BYTE $3A, $1E, $8A
C8C4 9E	1E 80+	      .BYTE $9E, $1E, $80
C8C4 3A	2A 1A+	      .BYTE $3A, $2A, $1A
C8C4 66	2A 80+	      .BYTE $66, $2A, $80
C8C4 1E	2E 08+	      .BYTE $1E, $2E, 8
C8C4 3E	2E 21+	      .BYTE $3E, $2E, $21
C8C4 16	36 02+	      .BYTE $16, $36, 2
C8C4 3E	36 80	      .BYTE $3E, $36, $80
C8F7
C8F7 16	06 28+deck5_WP:.BYTE $16, 6, $28
C8F7 32	06 A0+	      .BYTE $32, 6, $A0
C8F7 32	0E 0A+	      .BYTE $32, $E, $A
C8F7 46	0E 80+	      .BYTE $46, $E, $80
C8F7 5E	0E 20+	      .BYTE $5E, $E, $20
C8F7 16	1A 0A+	      .BYTE $16, $1A, $A
C8F7 26	1A A8+	      .BYTE $26, $1A, $A8
C8F7 32	1A A8+	      .BYTE $32, $1A, $A8
C8F7 5E	1A 8A+	      .BYTE $5E, $1A, $8A
C8F7 7A	1A 90+	      .BYTE $7A, $1A, $90
C8F7 7E	1E 09+	      .BYTE $7E, $1E, 9
C8F7 9E	1E 80+	      .BYTE $9E, $1E, $80
C8F7 26	26 52+	      .BYTE $26, $26, $52
C8F7 22	2A 0C+	      .BYTE $22, $2A, $C
C8F7 2A	2A 81+	      .BYTE $2A, $2A, $81
C8F7 32	2A 2A+	      .BYTE $32, $2A, $2A
C8F7 52	2A 80+	      .BYTE $52, $2A, $80
C8F7 16	36 08+	      .BYTE $16, $36, 8
C8F7 32	36 82	      .BYTE $32, $36, $82
C930
C930 16	0E 28+deck6_WP:.BYTE $16, $E, $28
C930 2E	0E A8+	      .BYTE $2E, $E, $A8
C930 3A	0E A8+	      .BYTE $3A, $E, $A8
C930 52	0E 90+	      .BYTE $52, $E, $90
C930 5A	16 09+	      .BYTE $5A, $16, 9
C930 6A	16 A8+	      .BYTE $6A, $16, $A8
C930 82	16 A0+	      .BYTE $82, $16, $A0
C930 82	1A 0A+	      .BYTE $82, $1A, $A
C930 8A	1A B0+	      .BYTE $8A, $1A, $B0
C930 5A	1E 28+	      .BYTE $5A, $1E, $28
C930 62	1E 80+	      .BYTE $62, $1E, $80
C930 8E	1E 49+	      .BYTE $8E, $1E, $49
C930 9E	1E 80+	      .BYTE $9E, $1E, $80
C930 4A	22 20+	      .BYTE $4A, $22, $20
C930 6E	22 48+	      .BYTE $6E, $22, $48
C930 8A	22 86+	      .BYTE $8A, $22, $86
C930 62	26 28+	      .BYTE $62, $26, $28
C930 6A	26 86+	      .BYTE $6A, $26, $86
C930 2E	2E 02+	      .BYTE $2E, $2E, 2
C930 3A	2E 0A+	      .BYTE $3A, $2E, $A
C930 4A	2E 8A+	      .BYTE $4A, $2E, $8A
C930 5A	2E 8A+	      .BYTE $5A, $2E, $8A
C930 62	2E 82+	      .BYTE $62, $2E, $82
C930 16	36 02	      .BYTE $16, $36, 2
C978
C978 32	0A 20+deck7_WP:.BYTE $32, $A, $20
C978 26	16 08+	      .BYTE $26, $16, 8
C978 32	16 8A+	      .BYTE $32, $16, $8A
C978 5E	16 20+	      .BYTE $5E, $16, $20
C978 46	1E 20+	      .BYTE $46, $1E, $20
C978 5E	1E 28+	      .BYTE $5E, $1E, $28
C978 76	1E A8+	      .BYTE $76, $1E, $A8
C978 92	1E 80+	      .BYTE $92, $1E, $80
C978 76	22 02+	      .BYTE $76, $22, 2
C978 22	2A 08+	      .BYTE $22, $2A, 8
C978 32	2A 82+	      .BYTE $32, $2A, $82
C978 36	2E 01+	      .BYTE $36, $2E, 1
C978 46	2E 82+	      .BYTE $46, $2E, $82
C978 5E	2E 80	      .BYTE $5E, $2E, $80
C9A2
C9A2 26	16 28+deck8_WP:.BYTE $26, $16, $28
C9A2 32	16 A8+	      .BYTE $32, $16, $A8
C9A2 5E	16 A0+	      .BYTE $5E, $16, $A0
C9A2 6E	16 80+	      .BYTE $6E, $16, $80
C9A2 32	1E 0A+	      .BYTE $32, $1E, $A
C9A2 56	1E A0+	      .BYTE $56, $1E, $A0
C9A2 7A	1E 48+	      .BYTE $7A, $1E, $48
C9A2 8A	1E 80+	      .BYTE $8A, $1E, $80
C9A2 5E	22 08+	      .BYTE $5E, $22, 8
C9A2 6E	22 0A+	      .BYTE $6E, $22, $A
C9A2 76	22 84+	      .BYTE $76, $22, $84
C9A2 26	2A 0A+	      .BYTE $26, $2A, $A
C9A2 36	2A 80+	      .BYTE $36, $2A, $80
C9A2 46	2E 04+	      .BYTE $46, $2E, 4
C9A2 56	2E 80	      .BYTE $56, $2E, $80
C9CF
C9CF 4E	0E 40+deck9_WP:.BYTE $4E, $E, $40
C9CF 3E	16 28+	      .BYTE $3E, $16, $28
C9CF 46	16 8C+	      .BYTE $46, $16, $8C
C9CF 5A	16 A0+	      .BYTE $5A, $16, $A0
C9CF 5A	1E 0A+	      .BYTE $5A, $1E, $A
C9CF 7A	1E 80+	      .BYTE $7A, $1E, $80
C9CF 3E	2A 0A+	      .BYTE $3E, $2A, $A
C9CF 4E	2A 80	      .BYTE $4E, $2A, $80
C9E7
C9E7 56	06 08+deckA_WP:.BYTE $56, 6, 8
C9E7 86	06 20+	      .BYTE $86, 6, $20
C9E7 22	0A 10+	      .BYTE $22, $A, $10
C9E7 36	0A 80+	      .BYTE $36, $A, $80
C9E7 2A	12 20+	      .BYTE $2A, $12, $20
C9E7 3E	12 89+	      .BYTE $3E, $12, $89
C9E7 56	12 92+	      .BYTE $56, $12, $92
C9E7 5A	16 29+	      .BYTE $5A, $16, $29
C9E7 86	16 88+	      .BYTE $86, $16, $88
C9E7 9A	16 A0+	      .BYTE $9A, $16, $A0
C9E7 82	26 18+	      .BYTE $82, $26, $18
C9E7 9A	26 82+	      .BYTE $9A, $26, $82
C9E7 2A	2A 22+	      .BYTE $2A, $2A, $22
C9E7 4E	2A 88+	      .BYTE $4E, $2A, $88
C9E7 5A	2A 8A+	      .BYTE $5A, $2A, $8A
C9E7 7A	2A A8+	      .BYTE $7A, $2A, $A8
C9E7 86	2A 81+	      .BYTE $86, $2A, $81
C9E7 2A	3A 08+	      .BYTE $2A, $3A, 8
C9E7 4E	3A 02+	      .BYTE $4E, $3A, 2
C9E7 7A	3A 02	      .BYTE $7A, $3A, 2
CA23
CA23 22	06 60+deckB_WP:.BYTE $22, 6, $60
CA23 2E	06 A0+	      .BYTE $2E, 6, $A0
CA23 4E	06 A0+	      .BYTE $4E, 6, $A0
CA23 9A	06 80+	      .BYTE $9A, 6, $80
CA23 1E	0A 08+	      .BYTE $1E, $A, 8
CA23 5A	0A 08+	      .BYTE $5A, $A, 8
CA23 8E	0A 28+	      .BYTE $8E, $A, $28
CA23 96	0A 20+	      .BYTE $96, $A, $20
CA23 22	0E 03+	      .BYTE $22, $E, 3
CA23 5A	12 12+	      .BYTE $5A, $12, $12
CA23 6E	26 21+	      .BYTE $6E, $26, $21
CA23 2E	32 40+	      .BYTE $2E, $32, $40
CA23 2A	36 08+	      .BYTE $2A, $36, 8
CA23 4E	36 0A+	      .BYTE $4E, $36, $A
CA23 6E	36 82+	      .BYTE $6E, $36, $82
CA23 8E	36 82+	      .BYTE $8E, $36, $82
CA23 96	36 08+	      .BYTE $96, $36, 8
CA23 9A	36 02	      .BYTE $9A, $36, 2
CA59
CA59 32	06 28+deckC_WP:.BYTE $32, 6, $28
CA59 3A	06 A8+	      .BYTE $3A, 6, $A8
CA59 4A	06 20+	      .BYTE $4A, 6, $20
CA59 6A	06 A0+	      .BYTE $6A, 6, $A0
CA59 8A	06 80+	      .BYTE $8A, 6, $80
CA59 3A	12 12+	      .BYTE $3A, $12, $12
CA59 3E	16 21+	      .BYTE $3E, $16, $21
CA59 5A	16 20+	      .BYTE $5A, $16, $20
CA59 7A	16 20+	      .BYTE $7A, $16, $20
CA59 3E	2A 02+	      .BYTE $3E, $2A, 2
CA59 32	3A 0A+	      .BYTE $32, $3A, $A
CA59 4A	3A 88+	      .BYTE $4A, $3A, $88
CA59 5A	3A 8A+	      .BYTE $5A, $3A, $8A
CA59 6A	3A 8A+	      .BYTE $6A, $3A, $8A
CA59 7A	3A 8A+	      .BYTE $7A, $3A, $8A
CA59 8A	3A 82	      .BYTE $8A, $3A, $82
CA89
CA89 4E	06 08+deckD_WP:.BYTE $4E, 6, 8
CA89 66	06 20+	      .BYTE $66, 6, $20
CA89 5A	12 20+	      .BYTE $5A, $12, $20
CA89 4E	2A 02+	      .BYTE $4E, $2A, 2
CA89 66	2E 02+	      .BYTE $66, $2E, 2
CA89 56	32 01+	      .BYTE $56, $32, 1
CA89 5A	32 8A+	      .BYTE $5A, $32, $8A
CA89 6A	32 81	      .BYTE $6A, $32, $81
CAA1
CAA1 7A	06 08+deckE_WP:.BYTE $7A, 6, 8
CAA1 8A	06 20+	      .BYTE $8A, 6, $20
CAA1 C2	0A 20+	      .BYTE $C2, $A, $20
CAA1 32	0E 10+	      .BYTE $32, $E, $10
CAA1 36	12 09+	      .BYTE $36, $12, 9
CAA1 56	12 A0+	      .BYTE $56, $12, $A0
CAA1 C2	16 4A+	      .BYTE $C2, $16, $4A
CAA1 D2	16 80+	      .BYTE $D2, $16, $80
CAA1 4A	1E 08+	      .BYTE $4A, $1E, 8
CAA1 56	1E 8A+	      .BYTE $56, $1E, $8A
CAA1 7A	1E 82+	      .BYTE $7A, $1E, $82
CAA1 B6	22 04+	      .BYTE $B6, $22, 4
CAA1 2E	2A 08+	      .BYTE $2E, $2A, 8
CAA1 3E	2A 90+	      .BYTE $3E, $2A, $90
CAA1 42	2E 09+	      .BYTE $42, $2E, 9
CAA1 7A	2E 82+	      .BYTE $7A, $2E, $82
CAA1 8A	2E 80	      .BYTE $8A, $2E, $80
CAD4
CAD4 56	06 40+deckF_WP:.BYTE $56, 6, $40
CAD4 5E	06 A8+	      .BYTE $5E, 6, $A8
CAD4 76	06 A8+	      .BYTE $76, 6, $A8
CAD4 8A	06 A0+	      .BYTE $8A, 6, $A0
CAD4 2E	0E 08+	      .BYTE $2E, $E, 8
CAD4 4E	0E 88+	      .BYTE $4E, $E, $88
CAD4 5E	0E 2A+	      .BYTE $5E, $E, $2A
CAD4 6A	0E 80+	      .BYTE $6A, $E, $80
CAD4 B6	0E 20+	      .BYTE $B6, $E, $20
CAD4 B6	16 0A+	      .BYTE $B6, $16, $A
CAD4 C2	16 80+	      .BYTE $C2, $16, $80
CAD4 76	1E 02+	      .BYTE $76, $1E, 2
CAD4 5E	22 02+	      .BYTE $5E, $22, 2
CAD4 6E	26 28+	      .BYTE $6E, $26, $28
CAD4 76	26 A8+	      .BYTE $76, $26, $A8
CAD4 8A	26 82+	      .BYTE $8A, $26, $82
CAD4 56	2E 08+	      .BYTE $56, $2E, 8
CAD4 6E	2E 82+	      .BYTE $6E, $2E, $82
CAD4 76	36 20	      .BYTE $76, $36, $20
CB0D FF	00 FF+	      .BYTE $FF, 0, $FF, $48, $EF, 0, $FF, 0, $FF, 0, $FF, 0, $FF, $10,	$FF, 0,	0, $80,	$C8, 0
CB0D 48	EF 00+	      .BYTE $DE, 0, 0, 0, $C8, 0, $FF, $FF, $FF, $FF, $FF, $DC,	$FF, 0,	$F9, $97, $FF, 0, $FF
CB0D FF	00 FF+	      .BYTE 0, $FF, 0, $B7, 0, $F3, $C8, $C8, 0, $FF, 0, 0, 0, $C8, 0, $FF, 0, $FF, 0, $63, $80
CB0D 00	FF 00+	      .BYTE $C8, 0, $C8, 0, $FF, $C8, $C8, $88,	$C8, 0,	$FF, 0,	$FF, 0,	$FF, 0,	$FF, 0,	$FF, 0
CB0D FF	10 FF+	      .BYTE $FE, 0, $40, $C8, $FF, 0, $FF, 0, $FF, 0, $C8, $C8,	$FF, 0,	$88, $FF, $FF, 0, $C8
CB0D 00	00 80+	      .BYTE 0, $C8, $C8, $FF, 0, $FF, 0, $C8, $C8, $FF,	$C8, $FF, $C8, $FF, $FF, $4F, $F0, 0, $60
CB0D C8	00 DE+	      .BYTE $60, $F7, $FF, $FF,	$E0, $FF, 0, $FF, 0, 0,	0, $FF,	0, $70,	0, $FF,	0, $FF,	0, $FF
CB0D 00	00 00+	      .BYTE 0, $FF, 0, $EF, 0, $FF, $FF, $7F, $70, $FF,	$21, $FF, $FF, $FF, $60, $FF, 0, 0, 0
CB0D C8	00 FF+	      .BYTE 0, 0, $40, 0, $FF, 0, $48, 0, $FF, 0, $FF, 0, $FF, $48, $FF, 0, $60, $60, $FF, 0, $FF
CB0D FF	FF FF+	      .BYTE $FF, $FF, $60, $FF,	0, $FF,	0, $FF,	$C, $6A, $60, $FF, $60,	$FF, 0,	$62, $60, $60
CB0D FF	DC FF+	      .BYTE $60, $FF, 0, $FF, 0, $FF, 0, $FF, 0, $FF, 0, $FF, 1, $FF, $6C, $60,	0, $FF,	0, $FF
CB0D 00	F9 97+	      .BYTE 0, $FF, $60, $60, 0, $FF, $60, 0, 0, $FF, $60, $FF,	$60, $60, 0, $FF, 0, $F3, $60
CB0D FF	00 FF+	      .BYTE $60, 0, $60, 0, $60, 0, 0, $B0
CC00 00	37 30+Title_dat:.BYTE 0, $37, $30, $30,	$30, $30, $30, $30, $38, $37, $30, $30,	$30, $30, $30, $30, $38, $37, $30, $30
CC00 30	30 30+	      .BYTE $30, $30, $30, $30,	$30, $30, $30, $30, $30, $30, $30, $30,	$30, $30, $30, $30, $30, $30, $38, 0
CC00 30	30 38+	      .BYTE 0, $2F, 0, 0, 0, 0,	0, 0, $50, $2F,	0, 0, $35, $32,	$32, $36, $50, $2F, 0, 0
CC00 37	30 30+	      .BYTE 0, 0, 0, 0,	0, 0, 0, 0, 0, 0, 0, 0,	0, 0, 0, 0, 0, 0, $50, 0
CC00 30	30 30+	      .BYTE 0, $2F, 0, 0, 0, 0,	0, 0, $31, $2F,	0, 0, $53, 0, 0, $52, $31, $2F,	0, 0
CC00 30	38 37+	      .BYTE 0, 0, $CC, $CD, $CD, $CD, $CD, $CD,	$CD, $CD, $CD, $CD, $CD, $CE, 0, 0, 0, 0, $31, 0
CC00 30	30 30+	      .BYTE 0, $2F, 0, 0, 0, 0,	0, 0, $31, $2F,	0, 0, $34, $30,	$30, $33, $31, $2F, 0, 0
CC00 30	30 30+	      .BYTE 0, 0, $B0, $E0, $FF, $16, $DF, $E4,	$E1, $E6, $E2, $E7, $16, $CF, 0, 0, 0, 0, $31, 0
CC00 30	30 30+	      .BYTE 0, $2F, 0, 0, 0, 0,	0, 0, $31, $2F,	0, 0, $35, $32,	$32, $32, $39, $2F, 0, 0
CC00 30	30 30+	      .BYTE 0, 0, $C7, $AF, $AF, $AF, $AF, $AF,	$AF, $AF, $AF, $AF, $AF, $AE, 0, 0, 0, 0, $31, 0
CC00 30	30 30+	      .BYTE 0, $2F, 0, 0, 0, 0,	0, 0, $31, $3A,	$32, $32, $39, 0, 0, 0,	0, $2F,	0, 0
CC00 30	30 30+	      .BYTE 0, 0, 0, 0,	0, 0, 0, 0, 0, 0, 0, 0,	0, 0, 0, 0, 0, 0, $31, 0
CC00 30	30 38+	      .BYTE 0, $2F, 0, 0, 0, 0,	0, 0, $31, $37,	$30, $30, $30, $30, $30, $30, $38, $2F,	0, 0
CC00 00	00 2F+	      .BYTE 0, 0, 0, 0,	0, 0, 0, 0, 0, 0, 0, 0,	0, 0, 0, 0, 0, 0, $31, 0
CC00 00	00 00+	      .BYTE 0, $2F, 0, 0, 0, 0,	0, 0, $31, $2F,	0, 0, $35, $32,	$32, $36, $50, $2F, 0, 0
CC00 00	00 00+	      .BYTE 0, 0, $CC, $CD, $CD, $CD, $CD, $CD,	$CD, $CD, $CD, $CD, $CD, $CE, 0, 0, 0, 0, $31, 0
CC00 50	2F 00+	      .BYTE 0, $2F, 0, 0, 0, 0,	0, 0, $31, $2F,	0, 0, $53, 0, 0, $52, $31, $2F,	0, 0
CC00 00	35 32+	      .BYTE 0, 0, $B0, $E0, $E6, $DF, $FF, $E0,	$E6, $E5, $E5, $E3, $16, $CF, 0, 0, 0, 0, $31, 0
CC00 32	36 50+	      .BYTE 0, $2F, 0, 0, 0, 0,	0, 0, $31, $2F,	0, 0, $34, $30,	$30, $33, $31, $2F, 0, 0
CC00 2F	00 00+	      .BYTE 0, 0, $C7, $AF, $AF, $AF, $AF, $AF,	$AF, $AF, $AF, $AF, $AF, $AE, 0, 0, 0, 0, $31, 0
CC00 00	00 00+	      .BYTE 0, $51, 0, 0, 0, 0,	0, 0, $31, $51,	0, 0, $35, $32,	$32, $36, $31, $51, 0, 0
CC00 00	00 00+	      .BYTE 0, 0, 0, 0,	0, 0, 0, 0, 0, 0, 0, 0,	0, 0, 0, 0, 0, 0, $31, 0
CC00 00	00 00+	      .BYTE 0, $3A, $32, $32, $32, $32,	$32, $32, $39, $3A, $32, $32, $39, 0, 0, $3A, $39, $3A,	$32, $32
CC00 00	00 00+	      .BYTE $32, $32, $32, $32,	$32, $32, $32, $32, $32, $32, $32, $32,	$32, $32, $32, $32, $32, $32, $39, 0
CC00 00	00 00+	      .BYTE 0, 0, 0, 0,	0, 0, 0, $37, $38, $37,	$30, $30, $30, $30, $30, $38, 0, $37, $30, $30
CC00 00	00 00+	      .BYTE $30, $30, $30, $30,	$38, $37, $30, $30, $30, $30, $38, 0, 0, 0, 0, 0, 0, $37, $38, 0
CC00 50	00 00+	      .BYTE 0, $37, $30, $30, $30, $30,	$30, $33, $50, $2F, 0, 0, $35, $32, $36, $50, 0, $2F, 0, 0
CC00 2F	00 00+	      .BYTE $35, $32, $32, $36,	$50, $3A, $38, 0, 0, $35, $39, $37, $30, $30, $30, $30,	$30, $33, $50, 0
CC00 00	00 00+	      .BYTE 0, $2F, 0, 0, $35, $32, $32, $36, $31, $2F,	0, 0, $53, 0, $52, $53,	0, $2F,	0, 0
CC00 00	31 2F+	      .BYTE $31, 0, 0, $52, $31, 0, $2F, 0, 0, $31, 0, $2F, 0, 0, $35, $32, $32, $36, $31, 0
CC00 00	00 53+	      .BYTE 0, $2F, 0, 0, $53, 0, 0, $52, $31, $2F, 0, 0, $34, $30, $33, $34, $38, $2F,	0, 0
CC00 00	00 52+	      .BYTE $53, 0, 0, $2F, $31, 0, $2F, 0, 0, $31, 0, $2F, 0, 0, $53, 0, 0, $52, $31, 0
CC00 31	2F 00+	      .BYTE 0, $51, 0, 0, $34, $30, $30, $33, $31, $51,	0, 0, $35, $32,	$32, $36, $50, $51, 0, 0
CC00 00	00 00+	      .BYTE $34, $30, $30, $33,	$31, $37, $33, 0, 0, $34, $38, $51, 0, 0, $34, $30, $30, $33, $31, 0
CC00 CC	CD CD+	      .BYTE 0, $3A, $32, $32, $32, $32,	$32, $32, $39, $3A, $32, $32, $39, 0, 0, $3A, $39, $3A,	$32, $32
CC00 CD	CD CD+	      .BYTE $32, $32, $32, $32,	$39, $3A, $32, $32, $32, $32, $39, $3A,	$32, $32, $32, $32, $32, $32, $39, 0
CC00 CD	CD CD+	      .BYTE 0, $37, $30, $30, $30, $30,	$30, $30, $38, $37, $30, $30, $30, $30,	$30, $30, $38, $37, $30, $30
CC00 CD	CD CE+	      .BYTE $30, $30, $30, $30,	$30, $30, $30, $30, $30, $30, $30, $30,	$30, $30, $30, $30, $30, $30, $38, 0
CC00 00	00 00+	      .BYTE 0, $2F, 0, 0, 0, 0,	0, 0, $50, $2F,	0, 0, $35, $32,	$32, $36, $50, $2F, 0, 0
CC00 00	31 00+	      .BYTE 0, 0, 0, 0,	0, 0, 0, 0, 0, 0, 0, 0,	0, 0, 0, 0, 0, 0, $50, 0
CC00 00	2F 00+	      .BYTE 0, $2F, 0, 0, 0, 0,	0, 0, $31, $2F,	0, 0, $53, 0, 0, $52, $31, $2F,	0, 0
CC00 00	00 00+	      .BYTE 0, 0, 0, 0,	0, 0, 0, 0, 0, 0, 0, 0,	0, 0, 0, 0, 0, 0, $31, 0
CC00 00	00 31+	      .BYTE 0, $2F, 0, 0, 0, 0,	0, 0, $31, $2F,	0, 0, $34, $30,	$30, $33, $31, $2F, 0, 0
CC00 2F	00 00+	      .BYTE 0, 0, 0, 0,	0, 0, 0, 0, 0, 0, 0, 0,	0, 0, 0, 0, 0, 0, $31, 0
CC00 34	30 30+	      .BYTE 0, $51, 0, 0, 0, 0,	0, 0, $31, $51,	0, 0, $35, $32,	$32, $36, $31, $51, 0, 0
CC00 33	31 2F+	      .BYTE 0, 0, 0, 0,	0, 0, 0, 0, 0, 0, 0, 0,	0, 0, 0, 0, 0, 0, $31, 0
CC00 00	00 00+	      .BYTE 0, $3A, $32, $32, $32, $32,	$32, $32, $39, $3A, $32, $32, $39, 0, 0, $3A, $39, $3A,	$32, $32
CC00 00	B0 E0+	      .BYTE $32, $32, $32, $32,	$32, $32, $32, $32, $32, $32, $32, $32,	$32, $32, $32, $32, $32, $32, $39, 0
CC00 FF	16 DF+	      .BYTE 0, 0, 0, 0,	0, 0, 0, 0, 0, 0, 0, 0,	0, 0, 0, 0, 0, 0, 0, 0
CC00 E4	E1 E6+	      .BYTE 0, 0, 0, 0,	0, 0, 0, 0, 0, 0, 0, 0,	0, 0, 0, 0, 0, 0, 0, 0
CFE8 00	00 FF+	      .BYTE 0, 0, $FF, $18, $5B, 0, 0, $FF, 0, $60, $60, 0, $FF, 0, $F3, $60, $60, 0, $60, 0, $60
CFE8 18	5B 00+	      .BYTE 0, 0, $B0
D000 82	0E	      .BYTE $82, $E
D002 41	3E 50+	      .BYTE $41, $3E, $50, $4C,	$48, $47, $FF
D009 85	10	      .BYTE $85, $10
D00B 19		      .BYTE  $19 ;
D00C 1B		      .BYTE  $1B ;
D00D 0E		      .BYTE   $E ;
D00E 1C		      .BYTE  $1C ;
D00F 0E		      .BYTE   $E ;
D010 17	      unk_0_D010:.BYTE	$17 ;		  ; RdSpriteState+22↑r
D010						  ; WrSpriteState+2E↑r
D010						  ; WrSpriteState+33↑r
D010						  ; WrSpriteState+38↑w
D010						  ; SaveVicState+23↑r
D010						  ; RestoreVicState+26↑w
D011 1D	      unk_0_D011:.BYTE	$1D ;		  ; Restart0+44↑w Irq1+12↑w
D011						  ; Irq_254+3↑w	Irq_91+D↑r
D011						  ; Irq_91+14↑w	Irq_118+21↑r
D011						  ; Irq_118+26↑w Irq_246+10↑r
D011						  ; Irq_246+13↑w
D012 1C	      unk_0_D012:.BYTE	$1C ;		  ; Restart0+3F↑w Irq1+26↑w
D012						  ; Irq_254+1C↑w Irq_91+2A↑w
D012						  ; Irq_118+1E↑w Irq_246+D↑w
D013 FF		      .BYTE  $FF ;
D014 88	0F    byte_0_D014:.BYTE	$88, $F		  ; RdSpriteState+2D↑r
D014						  ; WrSpriteState+8D↑r
D014						  ; WrSpriteState+92↑r
D014						  ; WrSpriteState+97↑w
D014						  ; TitleLoop+5↑w TitleLoop+BD↑w
D014						  ; StartGame+90↑w GameLoop+88↑w
D014						  ; InitDeckDroids+98↑w
D014						  ; FreePlyBullet+7↑r
D014						  ; FreePlyBullet+C↑w
D014						  ; FinishTransfer2+6↑w
D014						  ; Capture+1C↑w Disruptor+2D↑r
D014						  ; SaveVicState+29↑r
D014						  ; RestoreVicState+2C↑w
D014						  ; con_DeckInfo+26↑w
D014						  ; con_ShipInfo+1F↑w
D014						  ; FreeSprite+7↑r
D014						  ; FreeSprite+A↑w DoFire+5↑r
D016 49	      unk_0_D016:.BYTE	$49 ; I		  ; Irq1+17↑w Irq_254+8↑w
D016						  ; Irq_91+1B↑w
D017 0A	      unk_0_D017:.BYTE	 $A ;		  ; RdSpriteState+34↑r
D017						  ; WrSpriteState+54↑r
D017						  ; WrSpriteState+59↑r
D017						  ; WrSpriteState+5E↑w
D017						  ; SaveVicState+2F↑r
D017						  ; RestoreVicState+32↑w
D018 1B	      unk_0_D018:.BYTE	$1B ;		  ; Irq1+3↑w Irq_254+D↑w
D018						  ; Irq_91+20↑w	Irq_118+A↑w
D019 0A	      unk_0_D019:.BYTE	 $A ;		  ; Irq1+20↑w Irq_254+17↑w
D019						  ; Irq_91+25↑w	Irq_118+14↑w
D019						  ; Irq_246+3↑w
D01A 0D	      unk_0_D01A:.BYTE	 $D ;		  ; Restart0+3A↑w Irq_118+19↑w
D01A						  ; Irq_246+8↑w
D01B 1B	      unk_0_D01B:.BYTE	$1B ;		  ; RdSpriteState+3B↑r
D01B						  ; WrSpriteState+7A↑r
D01B						  ; WrSpriteState+7F↑r
D01B						  ; WrSpriteState+84↑w
D01C 18	      unk_0_D01C:.BYTE	$18 ;		  ; RdSpriteState+42↑r
D01C						  ; WrSpriteState+41↑r
D01C						  ; WrSpriteState+46↑r
D01C						  ; WrSpriteState+4B↑w
D01C						  ; SaveVicState+35↑r
D01C						  ; RestoreVicState+38↑w
D01D 12	      unk_0_D01D:.BYTE	$12 ;		  ; RdSpriteState+49↑r
D01D						  ; WrSpriteState+67↑r
D01D						  ; WrSpriteState+6C↑r
D01D						  ; WrSpriteState+71↑w
D01D						  ; SaveVicState+3B↑r
D01D						  ; RestoreVicState+3E↑w
D01E 0D	      unk_0_D01E:.BYTE	 $D ;		  ; Irq_246+20↑r
D01F FF		      .BYTE  $FF ;
D020 8B	      unk_0_D020:.BYTE	$8B ; ‹		  ; SetIntroColors+32↑w
D020						  ; InitColors+45↑w Irq1+B↑w
D021 09	      unk_0_D021:.BYTE	  9 ;		  ; Irq1+8↑w Irq_254+12↑w
D021						  ; Irq_91+A↑w Irq_118+F↑w
D022 3C	18 42+byte_0_D022:.BYTE	$3C, $18, $42, $19, $E,	$1D, $12, $1D, $12, $18, $17, $30, $3E,	$D, $12, $1D, $12
D022 19	0E 1D+					  ; con_ShipInfo+28↑w
D022 12	1D 12+					  ; con_ShipInfo+2D↑w
D022 18	17 30+					  ; SubGameSelectSide+6↓w
D022 3E	0D 12+					  ; Restart0+58↑w StartGame+95↑w
D022 1D	12 18+					  ; BuildIntroSprites+23↑w
D022 17	FF					  ; AnimateDroids+FD↑w
D022						  ; AnimateDroids+10D↑w
D022						  ; AnimateDroids+120↑w
D022						  ; AnimateDroids+129↑w
D022		      .BYTE $18, $17, $FF
D036 8E	09	      .BYTE $8E, 9
D038 20	30 40+	      .BYTE $20, $30, $40, $1B,	$A, $F,	$1D, $10, $18, $15, $D,	$30, $45, $1D, $D, $28,	$30, 1
D038 1B	0A 0F+	      .BYTE 9, 8, 6, $28, $FF
D04F 92	04	      .BYTE $92, 4
D051 49	15 1E+	      .BYTE $49, $15, $1E, $10,	$30, $22, $18, $1E, $1B, $30, $13, $18,	$22, $1C, $1D, $12, $C
D051 10	30 22+	      .BYTE $14, $30, $12, $17,	$1D, $18, $30, $19, $18, $1B, $1D, $30,	2, $FF
D070 95	0A	      .BYTE $95, $A
D072 49	1B 0E+	      .BYTE $49, $1B, $E, $1C, $1C, $30, $F, $12, $1B, $E, $30,	$1D, $18, $30, $19, $15, $A, $22
D072 1C	1C 30+	      .BYTE $FF
D085 98	03	      .BYTE $98, 3
D087 3C	15 0E+	      .BYTE $3C, $15, $E, $A, $1B, $30,	$30, $1D, $11, $E, $30,	$F, $1B, $E, $12, $10, $11, $1D
D087 0A	1B 30+	      .BYTE $E,	$1B, $30, $30, $18, $F,	$30, $1B, $18, $B, $18,	$1D, $1C, $30, $B, $22,	$FF
D0AA 9A	02	      .BYTE $9A, 2
D0AC 0D	0E 1C+	      .BYTE $D,	$E, $1C, $1D, $1B, $18,	$22, $12, $17, $10, $30, $1D, $11, $E, $42, $30, $54, $12
D0AC 1D	1B 18+	      .BYTE $1D, $11, $30, $1D,	$54, $12, $17, $30, $30, $15, $A, $1C, $E, $1B,	$1C, $FF
D0CE 9C	02	      .BYTE $9C, 2
D0D0 18	1B 30+	      .BYTE $18, $1B, $30, $B, $22, $30, $1D, $1B, $A, $17, $1C, $F, $E, $1B, $1B, $12,	$17, $10
D0D0 0B	22 30+	      .BYTE $30, $C, $18, $17, $1D, $1B, $18, $15, $30,	$1D, $18, $30, $1D, $11, $E, $42, $28
D0D0 1D	1B 0A+	      .BYTE $FF
D0F4 9F	03	      .BYTE $9F, 3
D0F6 3C	18 17+	      .BYTE $3C, $18, $17, $1D,	$1B, $18, $15, $30, $12, $1C, $30, $30,	$B, $22, $30, $30, $13
D0F6 1D	1B 18+	      .BYTE $18, $22, $1C, $1D,	$12, $C, $14, $30, $30,	$18, $17, $15, $22, $29, $30, $A, $1C
D0F6 15	30 12+	      .BYTE $FF
D119 A1	02	      .BYTE $A1, 2
D11B 0F	18 15+	      .BYTE $F,	$18, $15, $15, $18, $54, $1C, $2A, $FF
D124 A4	02	      .BYTE $A4, 2
D126 3A	1D 30+	      .BYTE $3A, $1D, $30, $A, $15, $15, $30, $1D, $12,	$42, $E, $1C, $30, $13,	$18, $22, $1C
D126 0A	15 15+	      .BYTE $1D, $12, $C, $14, $30, $42, $18, $1F, $E, $1C, $30, $1B, $18, $B, $18, $1D, $FF
D148 A6	02	      .BYTE $A6, 2
D14A 0A	17 0D+	      .BYTE $A,	$17, $D, $30, $11, $18,	$15, $D, $12, $17, $10,	$30, $F, $12, $1B, $E, $30, $D
D14A 30	11 18+	      .BYTE $18, $54, $17, $30,	$54, $12, $15, $15, $30, $30, $A, $15, $15, $18, $54, $FF
D16C A8	02	      .BYTE $A8, 2
D16E 1E	1C 0E+	      .BYTE $1E, $1C, $E, $30, $18, $F,	$30, $15, $12, $F, $1D,	$1C, $30, $A, $17, $D, $30, $C
D16E 30	18 0F+	      .BYTE $18, $17, $1C, $18,	$15, $E, $1C, $28, $FF
D189 AC	02	      .BYTE $AC, 2
D18B 16	17 30+	      .BYTE $16, $17, $30, $A, $D, $D, $12, $1D, $12, $18, $17,	$29, $30, $19, $1B, $E,	$1C, $1C
D18B 0A	0D 0D+	      .BYTE $12, $17, $10, $30,	$F, $12, $1B, $E, $30, $54, $12, $1D, $11, $30,	$1D, $11, $E, $FF
D1AF AE	02	      .BYTE $AE, 2
D1B1 13	18 22+	      .BYTE $13, $18, $22, $1C,	$1D, $12, $C, $14, $30,	$30, $C, $E, $17, $1D, $1B, $E,	$D, $30
D1B1 1C	1D 12+	      .BYTE $54, $12, $15, $15,	$30, $30, $19, $1B, $E,	$19, $A, $1B, $E, $30, $1D, $11, $E, $FF
D1D5 B0	02	      .BYTE $B0, 2
D1D7 0C	1E 1B+	      .BYTE $C,	$1E, $1B, $1B, $E, $17,	$1D, $30, $1B, $18, $B,	$18, $1D, $30, $F, $18,	$1B, $30
D1D7 1B	0E 17+	      .BYTE $1D, $1B, $A, $17, $1C, $F,	$E, $1B, $28, $30, $3C,	$18, $17, $1D, $A, $C, $1D, $FF
D1FB B2	02	      .BYTE $B2, 2
D1FD 54	12 1D+	      .BYTE $54, $12, $1D, $11,	$30, $A, $17, $18, $1D,	$11, $E, $1B, $30, $1B,	$18, $B, $18, $1D
D1FD 11	30 0A+	      .BYTE $30, $54, $12, $1D,	$11, $30, $1D, $11, $E,	$30, $B, $1E, $1D, $1D,	$18, $17, $FF
D220 B4	02	      .BYTE $B4, 2
D222 0D	18 54+	      .BYTE $D,	$18, $54, $17, $30, $54, $12, $15, $15,	$30, $12, $17, $12, $1D, $12, $A, $1D
D222 17	30 54+	      .BYTE $E,	$30, $1D, $1B, $A, $17,	$1C, $F, $E, $1B, $28, $FF
D23F B6	02	      .BYTE $B6, 2
D241 49	1B 0E+	      .BYTE $49, $1B, $E, $1C, $1C, $30, $F, $12, $1B, $E, $30,	$54, $12, $1D, $11, $30, $1D, $11
D241 1C	1C 30+	      .BYTE $E,	$30, $13, $18, $22, $1C, $1D, $12, $C, $14, $30, $12, $17, $30,	$30, $A, $FF
D264 B8	02	      .BYTE $B8, 2
D266 1C	19 0E+	      .BYTE $1C, $19, $E, $C, $12, $F, $12, $C,	$30, $D, $12, $1B, $E, $C, $1D,	$12, $18, $17
D266 0C	12 0F+	      .BYTE $30, $1D, $18, $30,	$F, $12, $1B, $E, $30, $15, $A,	$1C, $E, $1B, $1C, $30,	$12, $17
D266 12	0C 30+	      .BYTE $FF
D28B BA	02	      .BYTE $BA, 2
D28D 1D	11 0A+	      .BYTE $1D, $11, $A, $1D, $30, $D,	$12, $1B, $E, $C, $1D, $12, $18, $17, $28, $FF
D29D 82	2B	      .BYTE $82, $2B
D29F 3A	30 0F+	      .BYTE $3A, $30, $F, $15, $E, $E, $1D, $30, $30, $18, $F, $30, $30, $4B, $18, $B, $18, $2E
D29F 15	0E 0E+	      .BYTE $3F, $1B, $E, $12, $10, $11, $1D, $E, $1B, $1C, $30, $30, $18, $17,	$FF
D2C0 84	2A	      .BYTE $84, $2A
D2C2 12	1D 1C+	      .BYTE $12, $1D, $1C, $30,	$54, $A, $22, $30, $1D,	$18, $30, $1D, $11, $E,	$30, $3B, $E, $1D
D2C2 30	54 0A+	      .BYTE $A,	$30, $3C, $E, $1D, $12,	$30, $30, $1C, $22, $1C, $1D, $E, $42, $FF
D2E3 86	2A	      .BYTE $86, $2A
D2E5 1B		      .BYTE  $1B ;
D2E6 0E		      .BYTE   $E ;
D2E7 19		      .BYTE  $19 ;
D2E8 18		      .BYTE  $18 ;
D2E9 1B		      .BYTE  $1B ;
D2EA 1D		      .BYTE  $1D ;
D2EB 0E		      .BYTE   $E ;
D2EC 0D		      .BYTE   $D ;
D2ED 30		      .BYTE  $30 ; 0
D2EE 0E		      .BYTE   $E ;
D2EF 17		      .BYTE  $17 ;
D2F0 1D		      .BYTE  $1D ;
D2F1 0E		      .BYTE   $E ;
D2F2 1B		      .BYTE  $1B ;
D2F3 12		      .BYTE  $12 ;
D2F4 17		      .BYTE  $17 ;
D2F5 10		      .BYTE  $10 ;
D2F6 30		      .BYTE  $30 ; 0
D2F7 0A		      .BYTE   $A ;
D2F8 17		      .BYTE  $17 ;
D2F9 30		      .BYTE  $30 ; 0
D2FA 1E		      .BYTE  $1E ;
D2FB 17		      .BYTE  $17 ;
D2FC 0C		      .BYTE   $C ;
D2FD 11		      .BYTE  $11 ;
D2FE 0A		      .BYTE   $A ;
D2FF 1B		      .BYTE  $1B ;
D300 1D		      .BYTE  $1D ;
D301 0E		      .BYTE   $E ;
D302 0D		      .BYTE   $D ;
D303 30		      .BYTE  $30 ; 0
D304 0F		      .BYTE   $F ;
D305 12		      .BYTE  $12 ;
D306 0E		      .BYTE   $E ;
D307 15		      .BYTE  $15 ;
D308 0D		      .BYTE   $D ;
D309 FF		      .BYTE  $FF ;
D30A 88		      .BYTE  $88 ; ˆ
D30B 2A		      .BYTE  $2A ; *
D30C 18		      .BYTE  $18 ;
D30D 0F		      .BYTE   $F ;
D30E 30		      .BYTE  $30 ; 0
D30F 30		      .BYTE  $30 ; 0
D310 0A		      .BYTE   $A ;
D311 1C		      .BYTE  $1C ;
D312 1D		      .BYTE  $1D ;
D313 0E		      .BYTE   $E ;
D314 1B		      .BYTE  $1B ;
D315 18		      .BYTE  $18 ;
D316 12		      .BYTE  $12 ;
D317 0D		      .BYTE   $D ;
D318 1C		      .BYTE  $1C ;
D319 28		      .BYTE  $28 ; (
D31A 30		      .BYTE  $30 ; 0
D31B 3E		      .BYTE  $3E ; >
D31C 0A		      .BYTE   $A ;
D31D 0C		      .BYTE   $C ;
D31E 11		      .BYTE  $11 ;
D31F 30		      .BYTE  $30 ; 0
D320 30		      .BYTE  $30 ; 0
D321 1C		      .BYTE  $1C ;
D322 11		      .BYTE  $11 ;
D323 12		      .BYTE  $12 ;
D324 19		      .BYTE  $19 ;
D325 30		      .BYTE  $30 ; 0
D326 0C		      .BYTE   $C ;
D327 0A		      .BYTE   $A ;
D328 1B		      .BYTE  $1B ;
D329 1B		      .BYTE  $1B ;
D32A 12		      .BYTE  $12 ;
D32B 0E		      .BYTE   $E ;
D32C 1C		      .BYTE  $1C ;
D32D 30		      .BYTE  $30 ; 0
D32E 0A		      .BYTE   $A ;
D32F FF		      .BYTE  $FF ;
D330 8A		      .BYTE  $8A ; Š
D331 2A		      .BYTE  $2A ; *
D332 0C		      .BYTE   $C ;
D333 0A		      .BYTE   $A ;
D334 1B		      .BYTE  $1B ;
D335 10		      .BYTE  $10 ;
D336 18		      .BYTE  $18 ;
D337 30		      .BYTE  $30 ; 0
D338 18		      .BYTE  $18 ;
D339 0F		      .BYTE   $F ;
D33A 30		      .BYTE  $30 ; 0
D33B 0B		      .BYTE   $B ;
D33C 0A		      .BYTE   $A ;
D33D 1D		      .BYTE  $1D ;
D33E 1D		      .BYTE  $1D ;
D33F 15		      .BYTE  $15 ;
D340 0E		      .BYTE   $E ;
D341 30		      .BYTE  $30 ; 0
D342 0D		      .BYTE   $D ;
D343 1B		      .BYTE  $1B ;
D344 18		      .BYTE  $18 ;
D345 12		      .BYTE  $12 ;
D346 0D		      .BYTE   $D ;
D347 1C		      .BYTE  $1C ;
D348 30		      .BYTE  $30 ; 0
D349 1D		      .BYTE  $1D ;
D34A 18		      .BYTE  $18 ;
D34B 30		      .BYTE  $30 ; 0
D34C 30		      .BYTE  $30 ; 0
D34D 1B		      .BYTE  $1B ;
D34E 0E		      .BYTE   $E ;
D34F 12		      .BYTE  $12 ;
D350 17		      .BYTE  $17 ;
D351 0F		      .BYTE   $F ;
D352 18		      .BYTE  $18 ;
D353 1B		      .BYTE  $1B ;
D354 0C		      .BYTE   $C ;
D355 0E		      .BYTE   $E ;
D356 FF		      .BYTE  $FF ;
D357 8C		      .BYTE  $8C ; Œ
D358 2A		      .BYTE  $2A ; *
D359 1D		      .BYTE  $1D ;
D35A 11		      .BYTE  $11 ;
D35B 0E		      .BYTE   $E ;
D35C 30		      .BYTE  $30 ; 0
D35D 18		      .BYTE  $18 ;
D35E 1E		      .BYTE  $1E ;
D35F 1D		      .BYTE  $1D ;
D360 54		      .BYTE  $54 ; T
D361 18		      .BYTE  $18 ;
D362 1B		      .BYTE  $1B ;
D363 15		      .BYTE  $15 ;
D364 0D		      .BYTE   $D ;
D365 30		      .BYTE  $30 ; 0
D366 0D		      .BYTE   $D ;
D367 0E		      .BYTE   $E ;
D368 0F		      .BYTE   $F ;
D369 0E		      .BYTE   $E ;
D36A 17		      .BYTE  $17 ;
D36B 0C		      .BYTE   $C ;
D36C 0E		      .BYTE   $E ;
D36D 1C		      .BYTE  $1C ;
D36E 28		      .BYTE  $28 ; (
D36F FF		      .BYTE  $FF ;
D370 8E		      .BYTE  $8E ; Ž
D371 2B		      .BYTE  $2B ; +
D372 4D		      .BYTE  $4D ; M
D373 54		      .BYTE  $54 ; T
D374 18		      .BYTE  $18 ;
D375 30		      .BYTE  $30 ; 0
D376 30		      .BYTE  $30 ; 0
D377 0D		      .BYTE   $D ;
D378 12		      .BYTE  $12 ;
D379 1C		      .BYTE  $1C ;
D37A 1D		      .BYTE  $1D ;
D37B 1B		      .BYTE  $1B ;
D37C 0E		      .BYTE   $E ;
D37D 1C		      .BYTE  $1C ;
D37E 1C		      .BYTE  $1C ;
D37F 30		      .BYTE  $30 ; 0
D380 0B		      .BYTE   $B ;
D381 0E		      .BYTE   $E ;
D382 0A		      .BYTE   $A ;
D383 0C		      .BYTE   $C ;
D384 18		      .BYTE  $18 ;
D385 17		      .BYTE  $17 ;
D386 1C		      .BYTE  $1C ;
D387 30		      .BYTE  $30 ; 0
D388 30		      .BYTE  $30 ; 0
D389 11		      .BYTE  $11 ;
D38A 0A		      .BYTE   $A ;
D38B 1F		      .BYTE  $1F ;
D38C 0E		      .BYTE   $E ;
D38D 30		      .BYTE  $30 ; 0
D38E 30		      .BYTE  $30 ; 0
D38F 0B		      .BYTE   $B ;
D390 0E		      .BYTE   $E ;
D391 0E		      .BYTE   $E ;
D392 17		      .BYTE  $17 ;
D393 FF		      .BYTE  $FF ;
D394 90	2A	      .BYTE $90, $2A
D396 1B		      .BYTE  $1B ;
D397 0E		      .BYTE   $E ;
D398 0C		      .BYTE   $C ;
D399 18		      .BYTE  $18 ;
D39A 1F		      .BYTE  $1F ;
D39B 0E		      .BYTE   $E ;
D39C 1B		      .BYTE  $1B ;
D39D 0E		      .BYTE   $E ;
D39E 0D		      .BYTE   $D ;
D39F 28		      .BYTE  $28 ; (
D3A0 30		      .BYTE  $30 ; 0
D3A1 4C		      .BYTE  $4C ; L
D3A2 12		      .BYTE  $12 ;
D3A3 42		      .BYTE  $42 ; B
D3A4 12		      .BYTE  $12 ;
D3A5 15		      .BYTE  $15 ;
D3A6 0A		      .BYTE   $A ;
D3A7 1B		      .BYTE  $1B ;
D3A8 30		      .BYTE  $30 ; 0
D3A9 42		      .BYTE  $42 ; B
D3AA 0E		      .BYTE   $E ;
D3AB 1C		      .BYTE  $1C ;
D3AC 1C		      .BYTE  $1C ;
D3AD 0A		      .BYTE   $A ;
D3AE 10		      .BYTE  $10 ;
D3AF 0E		      .BYTE   $E ;
D3B0 1C		      .BYTE  $1C ;
D3B1 30		      .BYTE  $30 ; 0
D3B2 54		      .BYTE  $54 ; T
D3B3 0E		      .BYTE   $E ;
D3B4 1B		      .BYTE  $1B ;
D3B5 0E		      .BYTE   $E ;
D3B6 FF		      .BYTE  $FF ;
D3B7 92	2A	      .BYTE $92, $2A
D3B9 1C		      .BYTE  $1C ;
D3BA 1D		      .BYTE  $1D ;
D3BB 18		      .BYTE  $18 ;
D3BC 1B		      .BYTE  $1B ;
D3BD 0E		      .BYTE   $E ;
D3BE 0D		      .BYTE   $D ;
D3BF 30		      .BYTE  $30 ; 0
D3C0 18		      .BYTE  $18 ;
D3C1 17		      .BYTE  $17 ;
D3C2 30		      .BYTE  $30 ; 0
D3C3 0E		      .BYTE   $E ;
D3C4 0A		      .BYTE   $A ;
D3C5 0C		      .BYTE   $C ;
D3C6 11		      .BYTE  $11 ;
D3C7 28		      .BYTE  $28 ; (
D3C8 30		      .BYTE  $30 ; 0
D3C9 4D		      .BYTE  $4D ; M
D3CA 11		      .BYTE  $11 ;
D3CB 0E		      .BYTE   $E ;
D3CC 30		      .BYTE  $30 ; 0
D3CD 1C		      .BYTE  $1C ;
D3CE 11		      .BYTE  $11 ;
D3CF 12		      .BYTE  $12 ;
D3D0 19		      .BYTE  $19 ;
D3D1 1C		      .BYTE  $1C ;
D3D2 30		      .BYTE  $30 ; 0
D3D3 11		      .BYTE  $11 ;
D3D4 0A		      .BYTE   $A ;
D3D5 0D		      .BYTE   $D ;
D3D6 30		      .BYTE  $30 ; 0
D3D7 30		      .BYTE  $30 ; 0
D3D8 0B		      .BYTE   $B ;
D3D9 0E		      .BYTE   $E ;
D3DA 0E		      .BYTE   $E ;
D3DB 17		      .BYTE  $17 ;
D3DC FF		      .BYTE  $FF ;
D3DD 94		      .BYTE  $94 ; ”
D3DE 2A		      .BYTE  $2A ; *
D3DF 0B		      .BYTE   $B ;
D3E0 18		      .BYTE  $18 ;
D3E1 42		      .BYTE  $42 ; B
D3E2 0B		      .BYTE   $B ;
D3E3 0A		      .BYTE   $A ;
D3E4 1B		      .BYTE  $1B ;
D3E5 0D		      .BYTE   $D ;
D3E6 0E		      .BYTE   $E ;
D3E7 0D		      .BYTE   $D ;
D3E8 30		      .BYTE  $30 ; 0
D3E9 0B		      .BYTE   $B ;
D3EA 22		      .BYTE  $22 ; "
D3EB 30		      .BYTE  $30 ; 0
D3EC 30		      .BYTE  $30 ; 0
D3ED 0A		      .BYTE   $A ;
D3EE 30		      .BYTE  $30 ; 0
D3EF 19		      .BYTE  $19 ;
D3F0 18		      .BYTE  $18 ;
D3F1 54		      .BYTE  $54 ; T
D3F2 0E		      .BYTE   $E ;
D3F3 1B		      .BYTE  $1B ;
D3F4 0F		      .BYTE   $F ;
D3F5 1E		      .BYTE  $1E ;
D3F6 15		      .BYTE  $15 ;
D3F7 30		      .BYTE  $30 ; 0
D3F8 30		      .BYTE  $30 ; 0
D3F9 1B		      .BYTE  $1B ;
D3FA 0A		      .BYTE   $A ;
D3FB 0D		      .BYTE   $D ;
D3FC 12		      .BYTE  $12 ;
D3FD 18		      .BYTE  $18 ;
D3FE 17		      .BYTE  $17 ;
D3FF 12		      .BYTE  $12 ;
D400 0C		      .BYTE   $C ;
D401 FF		      .BYTE  $FF ;
D402 96		      .BYTE  $96 ; –
D403 2A		      .BYTE  $2A ; *
D404 0B		      .BYTE   $B ;
D405 0E		      .BYTE   $E ;
D406 0A		      .BYTE   $A ;
D407 42		      .BYTE  $42 ; B
D408 30		      .BYTE  $30 ; 0
D409 0F		      .BYTE   $F ;
D40A 1B		      .BYTE  $1B ;
D40B 18		      .BYTE  $18 ;
D40C 42		      .BYTE  $42 ; B
D40D 30		      .BYTE  $30 ; 0
D40E 18	      byte_0_D40E:.BYTE	$18		  ; Sound+34↑w
D40F 17	      byte_0_D40F:.BYTE	$17		  ; Sound+37↑w
D410 0E		      .BYTE   $E ;
D411 30		      .BYTE  $30 ; 0
D412 18	      byte_0_D412:.BYTE	$18		  ; Sound+42↑w
D413 0F	      byte_0_D413:.BYTE	$F		  ; Sound+3A↑w
D414 30	      byte_0_D414:.BYTE	$30		  ; Sound+3D↑w
D415 1D		      .BYTE  $1D ;
D416 11		      .BYTE  $11 ;
D417 0E		      .BYTE   $E ;
D418 30	      byte_0_D418:.BYTE	$30		  ; Sound+22↑w Sound+2F↑w
D418						  ; AdjustVolume+3C↑w
D419 0A		      .BYTE   $A ;
D41A 1C		      .BYTE  $1C ;
D41B 1D	      byte_0_D41B:.BYTE	$1D		  ; Sound+54↑r Sound+85↑r
D41B						  ; TitleLoop+CD↑r
D41B						  ; StartGame+74↑r GameLoop+AD↑r
D41B						  ; GameLoop+BE↑r NextLevel+3A↑r
D41B						  ; NextLevel+55↑r
D41B						  ; dMd1_bullet+38↑r
D41B						  ; GetNewDir+39↑r
D41B						  ; xfer_GetMove+35↑r
D41B						  ; doSubGame+2A↑r
D41B						  ; Disruptor+80↑r
D41B						  ; Disruptor+90↑r
D41B						  ; SetIntroColors+8↑r
D41B						  ; MovePlyFire+5A↑r
D41B						  ; DoEnemyFire+1F↑r
D41B						  ; DoEnemyFire+51↑r
D41B						  ; AddBullet+5B↑r EndGame+E↑r
D41B						  ; xfer_PutRandom+8↓r
D41B						  ; xfer_PutRandom+2A↓r
D41C 0E		      .BYTE   $E ;
D41D 1B		      .BYTE  $1B ;
D41E 18		      .BYTE  $18 ;
D41F 12		      .BYTE  $12 ;
D420 0D		      .BYTE   $D ;
D421 1C		      .BYTE  $1C ;
D422 28		      .BYTE  $28 ; (
D423 FF		      .BYTE  $FF ;
D424 98		      .BYTE  $98 ; ˜
D425 2B		      .BYTE  $2B ; +
D426 3A		      .BYTE  $3A ; :
D427 15		      .BYTE  $15 ;
D428 15		      .BYTE  $15 ;
D429 30		      .BYTE  $30 ; 0
D42A 30		      .BYTE  $30 ; 0
D42B 18		      .BYTE  $18 ;
D42C 0F		      .BYTE   $F ;
D42D 30		      .BYTE  $30 ; 0
D42E 1D		      .BYTE  $1D ;
D42F 11		      .BYTE  $11 ;
D430 0E		      .BYTE   $E ;
D431 30		      .BYTE  $30 ; 0
D432 30		      .BYTE  $30 ; 0
D433 1B		      .BYTE  $1B ;
D434 18		      .BYTE  $18 ;
D435 0B		      .BYTE   $B ;
D436 18		      .BYTE  $18 ;
D437 1D		      .BYTE  $1D ;
D438 1C		      .BYTE  $1C ;
D439 30		      .BYTE  $30 ; 0
D43A 18		      .BYTE  $18 ;
D43B 17		      .BYTE  $17 ;
D43C 30		      .BYTE  $30 ; 0
D43D 30		      .BYTE  $30 ; 0
D43E 1D		      .BYTE  $1D ;
D43F 11		      .BYTE  $11 ;
D440 0E		      .BYTE   $E ;
D441 30		      .BYTE  $30 ; 0
D442 1C		      .BYTE  $1C ;
D443 11		      .BYTE  $11 ;
D444 12		      .BYTE  $12 ;
D445 19		      .BYTE  $19 ;
D446 1C		      .BYTE  $1C ;
D447 29		      .BYTE  $29 ; )
D448 FF		      .BYTE  $FF ;
D449 9A		      .BYTE  $9A ; š
D44A 2A		      .BYTE  $2A ; *
D44B 12		      .BYTE  $12 ;
D44C 17		      .BYTE  $17 ;
D44D 0C		      .BYTE   $C ;
D44E 15		      .BYTE  $15 ;
D44F 1E		      .BYTE  $1E ;
D450 0D		      .BYTE   $D ;
D451 12		      .BYTE  $12 ;
D452 17		      .BYTE  $17 ;
D453 10		      .BYTE  $10 ;
D454 30		      .BYTE  $30 ; 0
D455 1D		      .BYTE  $1D ;
D456 11		      .BYTE  $11 ;
D457 18		      .BYTE  $18 ;
D458 1C		      .BYTE  $1C ;
D459 0E		      .BYTE   $E ;
D45A 30		      .BYTE  $30 ; 0
D45B 12		      .BYTE  $12 ;
D45C 17		      .BYTE  $17 ;
D45D 30		      .BYTE  $30 ; 0
D45E 1C		      .BYTE  $1C ;
D45F 1D		      .BYTE  $1D ;
D460 18		      .BYTE  $18 ;
D461 1B		      .BYTE  $1B ;
D462 0A		      .BYTE   $A ;
D463 10		      .BYTE  $10 ;
D464 0E		      .BYTE   $E ;
D465 29		      .BYTE  $29 ; )
D466 30		      .BYTE  $30 ; 0
D467 30		      .BYTE  $30 ; 0
D468 0B		      .BYTE   $B ;
D469 0E		      .BYTE   $E ;
D46A 0C		      .BYTE   $C ;
D46B 0A		      .BYTE   $A ;
D46C 42		      .BYTE  $42 ; B
D46D 0E		      .BYTE   $E ;
D46E FF		      .BYTE  $FF ;
D46F 9C		      .BYTE  $9C ; œ
D470 2A		      .BYTE  $2A ; *
D471 11		      .BYTE  $11 ;
D472 22		      .BYTE  $22 ; "
D473 19		      .BYTE  $19 ;
D474 0E		      .BYTE   $E ;
D475 1B		      .BYTE  $1B ;
D476 2E		      .BYTE  $2E ; .
D477 0A		      .BYTE   $A ;
D478 0C		      .BYTE   $C ;
D479 1D		      .BYTE  $1D ;
D47A 12		      .BYTE  $12 ;
D47B 1F		      .BYTE  $1F ;
D47C 0E		      .BYTE   $E ;
D47D 28		      .BYTE  $28 ; (
D47E 30		      .BYTE  $30 ; 0
D47F 4D		      .BYTE  $4D ; M
D480 11		      .BYTE  $11 ;
D481 0E		      .BYTE   $E ;
D482 30		      .BYTE  $30 ; 0
D483 0C		      .BYTE   $C ;
D484 1B		      .BYTE  $1B ;
D485 0E		      .BYTE   $E ;
D486 54		      .BYTE  $54 ; T
D487 1C		      .BYTE  $1C ;
D488 30		      .BYTE  $30 ; 0
D489 1B		      .BYTE  $1B ;
D48A 0E		      .BYTE   $E ;
D48B 19		      .BYTE  $19 ;
D48C 18		      .BYTE  $18 ;
D48D 1B		      .BYTE  $1B ;
D48E 1D		      .BYTE  $1D ;
D48F 30		      .BYTE  $30 ; 0
D490 30		      .BYTE  $30 ; 0
D491 0A		      .BYTE   $A ;
D492 17		      .BYTE  $17 ;
D493 FF		      .BYTE  $FF ;
D494 9E		      .BYTE  $9E ; ž
D495 2A		      .BYTE  $2A ; *
D496 0A		      .BYTE   $A ;
D497 1D		      .BYTE  $1D ;
D498 1D		      .BYTE  $1D ;
D499 0A		      .BYTE   $A ;
D49A 0C		      .BYTE   $C ;
D49B 14		      .BYTE  $14 ;
D49C 30		      .BYTE  $30 ; 0
D49D 0B		      .BYTE   $B ;
D49E 22		      .BYTE  $22 ; "
D49F 30		      .BYTE  $30 ; 0
D4A0 0D		      .BYTE   $D ;
D4A1 1B		      .BYTE  $1B ;
D4A2 18		      .BYTE  $18 ;
D4A3 12		      .BYTE  $12 ;
D4A4 0D		      .BYTE   $D ;
D4A5 1C		      .BYTE  $1C ;
D4A6 29		      .BYTE  $29 ; )
D4A7 30		      .BYTE  $30 ; 0
D4A8 12		      .BYTE  $12 ;
D4A9 1C		      .BYTE  $1C ;
D4AA 18		      .BYTE  $18 ;
D4AB 15		      .BYTE  $15 ;
D4AC 0A		      .BYTE   $A ;
D4AD 1D		      .BYTE  $1D ;
D4AE 12		      .BYTE  $12 ;
D4AF 17		      .BYTE  $17 ;
D4B0 10		      .BYTE  $10 ;
D4B1 30		      .BYTE  $30 ; 0
D4B2 1D		      .BYTE  $1D ;
D4B3 11		      .BYTE  $11 ;
D4B4 0E		      .BYTE   $E ;
D4B5 42		      .BYTE  $42 ; B
D4B6 30		      .BYTE  $30 ; 0
D4B7 18		      .BYTE  $18 ;
D4B8 17		      .BYTE  $17 ;
D4B9 FF		      .BYTE  $FF ;
D4BA A0		      .BYTE  $A0 ;  
D4BB 2A		      .BYTE  $2A ; *
D4BC 1D		      .BYTE  $1D ;
D4BD 11		      .BYTE  $11 ;
D4BE 0E		      .BYTE   $E ;
D4BF 30		      .BYTE  $30 ; 0
D4C0 0B		      .BYTE   $B ;
D4C1 1B		      .BYTE  $1B ;
D4C2 12		      .BYTE  $12 ;
D4C3 0D		      .BYTE   $D ;
D4C4 10		      .BYTE  $10 ;
D4C5 0E		      .BYTE   $E ;
D4C6 28		      .BYTE  $28 ; (
D4C7 30		      .BYTE  $30 ; 0
D4C8 4D		      .BYTE  $4D ; M
D4C9 11		      .BYTE  $11 ;
D4CA 0E		      .BYTE   $E ;
D4CB 22		      .BYTE  $22 ; "
D4CC 30		      .BYTE  $30 ; 0
D4CD 30		      .BYTE  $30 ; 0
D4CE 0C		      .BYTE   $C ;
D4CF 0A		      .BYTE   $A ;
D4D0 17		      .BYTE  $17 ;
D4D1 17		      .BYTE  $17 ;
D4D2 18		      .BYTE  $18 ;
D4D3 1D		      .BYTE  $1D ;
D4D4 30		      .BYTE  $30 ; 0
D4D5 30		      .BYTE  $30 ; 0
D4D6 1B		      .BYTE  $1B ;
D4D7 0E		      .BYTE   $E ;
D4D8 0A		      .BYTE   $A ;
D4D9 0C		      .BYTE   $C ;
D4DA 11		      .BYTE  $11 ;
D4DB 30		      .BYTE  $30 ; 0
D4DC 1D		      .BYTE  $1D ;
D4DD 11		      .BYTE  $11 ;
D4DE 0E		      .BYTE   $E ;
D4DF FF		      .BYTE  $FF ;
D4E0 A2		      .BYTE  $A2 ; ¢
D4E1 2A		      .BYTE  $2A ; *
D4E2 1C		      .BYTE  $1C ;
D4E3 11		      .BYTE  $11 ;
D4E4 1E		      .BYTE  $1E ;
D4E5 1D		      .BYTE  $1D ;
D4E6 1D		      .BYTE  $1D ;
D4E7 15		      .BYTE  $15 ;
D4E8 0E		      .BYTE   $E ;
D4E9 30		      .BYTE  $30 ; 0
D4EA 30		      .BYTE  $30 ; 0
D4EB 0A		      .BYTE   $A ;
D4EC 17		      .BYTE  $17 ;
D4ED 0D		      .BYTE   $D ;
D4EE 30		      .BYTE  $30 ; 0
D4EF 0C		      .BYTE   $C ;
D4F0 0A		      .BYTE   $A ;
D4F1 17		      .BYTE  $17 ;
D4F2 30		      .BYTE  $30 ; 0
D4F3 11		      .BYTE  $11 ;
D4F4 18		      .BYTE  $18 ;
D4F5 15		      .BYTE  $15 ;
D4F6 0D		      .BYTE   $D ;
D4F7 30		      .BYTE  $30 ; 0
D4F8 18		      .BYTE  $18 ;
D4F9 1E		      .BYTE  $1E ;
D4FA 1D		      .BYTE  $1D ;
D4FB 30		      .BYTE  $30 ; 0
D4FC 0F		      .BYTE   $F ;
D4FD 18		      .BYTE  $18 ;
D4FE 1B		      .BYTE  $1B ;
D4FF 30		      .BYTE  $30 ; 0
D500 18		      .BYTE  $18 ;
D501 17		      .BYTE  $17 ;
D502 15		      .BYTE  $15 ;
D503 22		      .BYTE  $22 ; "
D504 30		      .BYTE  $30 ; 0
D505 0A		      .BYTE   $A ;
D506 FF		      .BYTE  $FF ;
D507 A4		      .BYTE  $A4 ; ¤
D508 2A		      .BYTE  $2A ; *
D509 0C		      .BYTE   $C ;
D50A 18		      .BYTE  $18 ;
D50B 1E		      .BYTE  $1E ;
D50C 19		      .BYTE  $19 ;
D50D 15		      .BYTE  $15 ;
D50E 0E		      .BYTE   $E ;
D50F 30		      .BYTE  $30 ; 0
D510 42		      .BYTE  $42 ; B
D511 18		      .BYTE  $18 ;
D512 1B		      .BYTE  $1B ;
D513 0E		      .BYTE   $E ;
D514 30		      .BYTE  $30 ; 0
D515 11		      .BYTE  $11 ;
D516 18		      .BYTE  $18 ;
D517 1E		      .BYTE  $1E ;
D518 1B		      .BYTE  $1B ;
D519 1C		      .BYTE  $1C ;
D51A 28		      .BYTE  $28 ; (
D51B FF		      .BYTE  $FF ;
D51C A6		      .BYTE  $A6 ; ¦
D51D 2B		      .BYTE  $2B ; +
D51E 4C		      .BYTE  $4C ; L
D51F 12		      .BYTE  $12 ;
D520 17		      .BYTE  $17 ;
D521 0C		      .BYTE   $C ;
D522 0E		      .BYTE   $E ;
D523 30		      .BYTE  $30 ; 0
D524 1D		      .BYTE  $1D ;
D525 11		      .BYTE  $11 ;
D526 0E		      .BYTE   $E ;
D527 1C		      .BYTE  $1C ;
D528 0E		      .BYTE   $E ;
D529 30		      .BYTE  $30 ; 0
D52A 0B		      .BYTE   $B ;
D52B 0E		      .BYTE   $E ;
D52C 0A		      .BYTE   $A ;
D52D 0C		      .BYTE   $C ;
D52E 18		      .BYTE  $18 ;
D52F 17		      .BYTE  $17 ;
D530 1C		      .BYTE  $1C ;
D531 30		      .BYTE  $30 ; 0
D532 54		      .BYTE  $54 ; T
D533 0E		      .BYTE   $E ;
D534 1B		      .BYTE  $1B ;
D535 0E		      .BYTE   $E ;
D536 30		      .BYTE  $30 ; 0
D537 30		      .BYTE  $30 ; 0
D538 15		      .BYTE  $15 ;
D539 18		      .BYTE  $18 ;
D53A 0C		      .BYTE   $C ;
D53B 0A		      .BYTE   $A ;
D53C 1D		      .BYTE  $1D ;
D53D 0E		      .BYTE   $E ;
D53E 0D		      .BYTE   $D ;
D53F FF		      .BYTE  $FF ;
D540 A8		      .BYTE  $A8 ; ¨
D541 2A		      .BYTE  $2A ; *
D542 1D		      .BYTE  $1D ;
D543 54		      .BYTE  $54 ; T
D544 18		      .BYTE  $18 ;
D545 30		      .BYTE  $30 ; 0
D546 0D		      .BYTE   $D ;
D547 0A		      .BYTE   $A ;
D548 22		      .BYTE  $22 ; "
D549 1C		      .BYTE  $1C ;
D54A 30		      .BYTE  $30 ; 0
D54B 0A		      .BYTE   $A ;
D54C 10		      .BYTE  $10 ;
D54D 18		      .BYTE  $18 ;
D54E 29		      .BYTE  $29 ; )
D54F 30		      .BYTE  $30 ; 0
D550 54		      .BYTE  $54 ; T
D551 0E		      .BYTE   $E ;
D552 30		      .BYTE  $30 ; 0
D553 0C		      .BYTE   $C ;
D554 0A		      .BYTE   $A ;
D555 17		      .BYTE  $17 ;
D556 30		      .BYTE  $30 ; 0
D557 18		      .BYTE  $18 ;
D558 17		      .BYTE  $17 ;
D559 15		      .BYTE  $15 ;
D55A 22		      .BYTE  $22 ; "
D55B 30		      .BYTE  $30 ; 0
D55C 0F		      .BYTE   $F ;
D55D 0E		      .BYTE   $E ;
D55E 0A		      .BYTE   $A ;
D55F 1B		      .BYTE  $1B ;
D560 30		      .BYTE  $30 ; 0
D561 1D		      .BYTE  $1D ;
D562 11		      .BYTE  $11 ;
D563 0E		      .BYTE   $E ;
D564 FF		      .BYTE  $FF ;
D565 AA		      .BYTE  $AA ; ª
D566 2A		      .BYTE  $2A ; *
D567 54		      .BYTE  $54 ; T
D568 18		      .BYTE  $18 ;
D569 1B		      .BYTE  $1B ;
D56A 1C		      .BYTE  $1C ;
D56B 1D		      .BYTE  $1D ;
D56C 28		      .BYTE  $28 ; (
D56D FF		      .BYTE  $FF ;
D56E AC		      .BYTE  $AC ; ¬
D56F 2B		      .BYTE  $2B ; +
D570 4C		      .BYTE  $4C ; L
D571 18		      .BYTE  $18 ;
D572 42		      .BYTE  $42 ; B
D573 0E		      .BYTE   $E ;
D574 30		      .BYTE  $30 ; 0
D575 18		      .BYTE  $18 ;
D576 0F		      .BYTE   $F ;
D577 30		      .BYTE  $30 ; 0
D578 1D		      .BYTE  $1D ;
D579 11		      .BYTE  $11 ;
D57A 0E		      .BYTE   $E ;
D57B 30		      .BYTE  $30 ; 0
D57C 30		      .BYTE  $30 ; 0
D57D 0F		      .BYTE   $F ;
D57E 15		      .BYTE  $15 ;
D57F 0E		      .BYTE   $E ;
D580 0E		      .BYTE   $E ;
D581 1D		      .BYTE  $1D ;
D582 30		      .BYTE  $30 ; 0
D583 54		      .BYTE  $54 ; T
D584 0A		      .BYTE   $A ;
D585 1C		      .BYTE  $1C ;
D586 30		      .BYTE  $30 ; 0
D587 15		      .BYTE  $15 ;
D588 0A		      .BYTE   $A ;
D589 1C		      .BYTE  $1C ;
D58A 1D		      .BYTE  $1D ;
D58B 30		      .BYTE  $30 ; 0
D58C 1C		      .BYTE  $1C ;
D58D 0E		      .BYTE   $E ;
D58E 0E		      .BYTE   $E ;
D58F 17		      .BYTE  $17 ;
D590 FF		      .BYTE  $FF ;
D591 AE		      .BYTE  $AE ; ®
D592 2A		      .BYTE  $2A ; *
D593 11		      .BYTE  $11 ;
D594 0E		      .BYTE   $E ;
D595 0A		      .BYTE   $A ;
D596 0D		      .BYTE   $D ;
D597 12		      .BYTE  $12 ;
D598 17		      .BYTE  $17 ;
D599 10		      .BYTE  $10 ;
D59A 30		      .BYTE  $30 ; 0
D59B 0F		      .BYTE   $F ;
D59C 18		      .BYTE  $18 ;
D59D 1B		      .BYTE  $1B ;
D59E 30		      .BYTE  $30 ; 0
D59F 0E		      .BYTE   $E ;
D5A0 17		      .BYTE  $17 ;
D5A1 0E		      .BYTE   $E ;
D5A2 42		      .BYTE  $42 ; B
D5A3 22		      .BYTE  $22 ; "
D5A4 30		      .BYTE  $30 ; 0
D5A5 1C		      .BYTE  $1C ;
D5A6 19		      .BYTE  $19 ;
D5A7 0A		      .BYTE   $A ;
D5A8 0C		      .BYTE   $C ;
D5A9 0E		      .BYTE   $E ;
D5AA 28		      .BYTE  $28 ; (
D5AB 30		      .BYTE  $30 ; 0
D5AC 30		      .BYTE  $30 ; 0
D5AD 16		      .BYTE  $16 ;
D5AE 17		      .BYTE  $17 ;
D5AF 30		      .BYTE  $30 ; 0
D5B0 0E		      .BYTE   $E ;
D5B1 17		      .BYTE  $17 ;
D5B2 0E		      .BYTE   $E ;
D5B3 42		      .BYTE  $42 ; B
D5B4 22		      .BYTE  $22 ; "
D5B5 FF		      .BYTE  $FF ;
D5B6 B0		      .BYTE  $B0 ; °
D5B7 2A		      .BYTE  $2A ; *
D5B8 11		      .BYTE  $11 ;
D5B9 0A		      .BYTE   $A ;
D5BA 17		      .BYTE  $17 ;
D5BB 0D		      .BYTE   $D ;
D5BC 1C		      .BYTE  $1C ;
D5BD 30		      .BYTE  $30 ; 0
D5BE 1D		      .BYTE  $1D ;
D5BF 11		      .BYTE  $11 ;
D5C0 0E		      .BYTE   $E ;
D5C1 30		      .BYTE  $30 ; 0
D5C2 0D		      .BYTE   $D ;
D5C3 1B		      .BYTE  $1B ;
D5C4 18		      .BYTE  $18 ;
D5C5 12		      .BYTE  $12 ;
D5C6 0D		      .BYTE   $D ;
D5C7 1C		      .BYTE  $1C ;
D5C8 30		      .BYTE  $30 ; 0
D5C9 0C		      .BYTE   $C ;
D5CA 0A		      .BYTE   $A ;
D5CB 17		      .BYTE  $17 ;
D5CC 30		      .BYTE  $30 ; 0
D5CD 0B		      .BYTE   $B ;
D5CE 0E		      .BYTE   $E ;
D5CF 30		      .BYTE  $30 ; 0
D5D0 1E		      .BYTE  $1E ;
D5D1 1C		      .BYTE  $1C ;
D5D2 0E		      .BYTE   $E ;
D5D3 0D		      .BYTE   $D ;
D5D4 30		      .BYTE  $30 ; 0
D5D5 0A		      .BYTE   $A ;
D5D6 10		      .BYTE  $10 ;
D5D7 0A		      .BYTE   $A ;
D5D8 12		      .BYTE  $12 ;
D5D9 17		      .BYTE  $17 ;
D5DA 1C		      .BYTE  $1C ;
D5DB 1D		      .BYTE  $1D ;
D5DC FF		      .BYTE  $FF ;
D5DD B2		      .BYTE  $B2 ; ²
D5DE 2A		      .BYTE  $2A ; *
D5DF 18		      .BYTE  $18 ;
D5E0 1E		      .BYTE  $1E ;
D5E1 1B		      .BYTE  $1B ;
D5E2 30		      .BYTE  $30 ; 0
D5E3 0F		      .BYTE   $F ;
D5E4 18		      .BYTE  $18 ;
D5E5 1B		      .BYTE  $1B ;
D5E6 0C		      .BYTE   $C ;
D5E7 0E		      .BYTE   $E ;
D5E8 1C		      .BYTE  $1C ;
D5E9 28		      .BYTE  $28 ; (
D5EA FF		      .BYTE  $FF ;
D5EB B4		      .BYTE  $B4 ; ´
D5EC 2B		      .BYTE  $2B ; +
D5ED 3D		      .BYTE  $3D ; =
D5EE 18		      .BYTE  $18 ;
D5EF 0C		      .BYTE   $C ;
D5F0 14		      .BYTE  $14 ;
D5F1 12		      .BYTE  $12 ;
D5F2 17		      .BYTE  $17 ;
D5F3 10		      .BYTE  $10 ;
D5F4 30		      .BYTE  $30 ; 0
D5F5 54		      .BYTE  $54 ; T
D5F6 18		      .BYTE  $18 ;
D5F7 1E		      .BYTE  $1E ;
D5F8 15		      .BYTE  $15 ;
D5F9 0D		      .BYTE   $D ;
D5FA 30		      .BYTE  $30 ; 0
D5FB 30		      .BYTE  $30 ; 0
D5FC 0B		      .BYTE   $B ;
D5FD 0E		      .BYTE   $E ;
D5FE 30		      .BYTE  $30 ; 0
D5FF 12		      .BYTE  $12 ;
D600 42		      .BYTE  $42 ; B
D601 19		      .BYTE  $19 ;
D602 18		      .BYTE  $18 ;
D603 1C		      .BYTE  $1C ;
D604 1C		      .BYTE  $1C ;
D605 12		      .BYTE  $12 ;
D606 0B		      .BYTE   $B ;
D607 15		      .BYTE  $15 ;
D608 0E		      .BYTE   $E ;
D609 30		      .BYTE  $30 ; 0
D60A 0B		      .BYTE   $B ;
D60B 1E		      .BYTE  $1E ;
D60C 1D		      .BYTE  $1D ;
D60D FF		      .BYTE  $FF ;
D60E B6		      .BYTE  $B6 ; ¶
D60F 2A		      .BYTE  $2A ; *
D610 54		      .BYTE  $54 ; T
D611 0E		      .BYTE   $E ;
D612 30		      .BYTE  $30 ; 0
D613 30		      .BYTE  $30 ; 0
D614 0C		      .BYTE   $C ;
D615 0A		      .BYTE   $A ;
D616 17		      .BYTE  $17 ;
D617 30		      .BYTE  $30 ; 0
D618 0B		      .BYTE   $B ;
D619 0E		      .BYTE   $E ;
D61A 0A		      .BYTE   $A ;
D61B 42		      .BYTE  $42 ; B
D61C 30		      .BYTE  $30 ; 0
D61D 30		      .BYTE  $30 ; 0
D61E 0A		      .BYTE   $A ;
D61F 0B		      .BYTE   $B ;
D620 18		      .BYTE  $18 ;
D621 0A		      .BYTE   $A ;
D622 1B		      .BYTE  $1B ;
D623 0D		      .BYTE   $D ;
D624 30		      .BYTE  $30 ; 0
D625 30		      .BYTE  $30 ; 0
D626 0A		      .BYTE   $A ;
D627 30		      .BYTE  $30 ; 0
D628 30		      .BYTE  $30 ; 0
D629 19		      .BYTE  $19 ;
D62A 1B		      .BYTE  $1B ;
D62B 18		      .BYTE  $18 ;
D62C 1D		      .BYTE  $1D ;
D62D 18		      .BYTE  $18 ;
D62E 1D		      .BYTE  $1D ;
D62F 22		      .BYTE  $22 ; "
D630 19		      .BYTE  $19 ;
D631 0E		      .BYTE   $E ;
D632 FF		      .BYTE  $FF ;
D633 B8		      .BYTE  $B8 ; ¸
D634 2A		      .BYTE  $2A ; *
D635 16		      .BYTE  $16 ;
D636 17		      .BYTE  $17 ;
D637 0F		      .BYTE   $F ;
D638 15		      .BYTE  $15 ;
D639 1E		      .BYTE  $1E ;
D63A 0E		      .BYTE   $E ;
D63B 17		      .BYTE  $17 ;
D63C 0C		      .BYTE   $C ;
D63D 0E		      .BYTE   $E ;
D63E 30		      .BYTE  $30 ; 0
D63F 3D		      .BYTE  $3D ; =
D640 0E		      .BYTE   $E ;
D641 1F		      .BYTE  $1F ;
D642 12		      .BYTE  $12 ;
D643 0C		      .BYTE   $C ;
D644 0E		      .BYTE   $E ;
D645 28		      .BYTE  $28 ; (
D646 FF		      .BYTE  $FF ;
D647 82		      .BYTE  $82 ; ‚
D648 53		      .BYTE  $53 ; S
D649 4D		      .BYTE  $4D ; M
D64A 11		      .BYTE  $11 ;
D64B 0E		      .BYTE   $E ;
D64C 30		      .BYTE  $30 ; 0
D64D 00		      .BYTE    0 ;
D64E 00		      .BYTE    0 ;
D64F 01		      .BYTE    1 ;
D650 30		      .BYTE  $30 ; 0
D651 16		      .BYTE  $16 ;
D652 17		      .BYTE  $17 ;
D653 0F		      .BYTE   $F ;
D654 15		      .BYTE  $15 ;
D655 1E		      .BYTE  $1E ;
D656 0E		      .BYTE   $E ;
D657 17		      .BYTE  $17 ;
D658 0C		      .BYTE   $C ;
D659 0E		      .BYTE   $E ;
D65A 30		      .BYTE  $30 ; 0
D65B 3D		      .BYTE  $3D ; =
D65C 0E		      .BYTE   $E ;
D65D 1F		      .BYTE  $1F ;
D65E 12		      .BYTE  $12 ;
D65F 0C		      .BYTE   $C ;
D660 0E		      .BYTE   $E ;
D661 30		      .BYTE  $30 ; 0
D662 0C		      .BYTE   $C ;
D663 18		      .BYTE  $18 ;
D664 17		      .BYTE  $17 ;
D665 1C		      .BYTE  $1C ;
D666 12		      .BYTE  $12 ;
D667 1C		      .BYTE  $1C ;
D668 1D		      .BYTE  $1D ;
D669 1C		      .BYTE  $1C ;
D66A FF		      .BYTE  $FF ;
D66B 84		      .BYTE  $84 ; „
D66C 52		      .BYTE  $52 ; R
D66D 18		      .BYTE  $18 ;
D66E 0F		      .BYTE   $F ;
D66F 30		      .BYTE  $30 ; 0
D670 0A		      .BYTE   $A ;
D671 30		      .BYTE  $30 ; 0
D672 30		      .BYTE  $30 ; 0
D673 11		      .BYTE  $11 ;
D674 0E		      .BYTE   $E ;
D675 15		      .BYTE  $15 ;
D676 42		      .BYTE  $42 ; B
D677 0E		      .BYTE   $E ;
D678 1D		      .BYTE  $1D ;
D679 29		      .BYTE  $29 ; )
D67A 30		      .BYTE  $30 ; 0
D67B 54		      .BYTE  $54 ; T
D67C 11		      .BYTE  $11 ;
D67D 12		      .BYTE  $12 ;
D67E 0C		      .BYTE   $C ;
D67F 11		      .BYTE  $11 ;
D680 29		      .BYTE  $29 ; )
D681 30		      .BYTE  $30 ; 0
D682 54		      .BYTE  $54 ; T
D683 11		      .BYTE  $11 ;
D684 0E		      .BYTE   $E ;
D685 17		      .BYTE  $17 ;
D686 30		      .BYTE  $30 ; 0
D687 30		      .BYTE  $30 ; 0
D688 19		      .BYTE  $19 ;
D689 15		      .BYTE  $15 ;
D68A 0A		      .BYTE   $A ;
D68B 0C		      .BYTE   $C ;
D68C 0E		      .BYTE   $E ;
D68D 0D		      .BYTE   $D ;
D68E FF		      .BYTE  $FF ;
D68F 86		      .BYTE  $86 ; †
D690 52		      .BYTE  $52 ; R
D691 18		      .BYTE  $18 ;
D692 1F		      .BYTE  $1F ;
D693 0E		      .BYTE   $E ;
D694 1B		      .BYTE  $1B ;
D695 30		      .BYTE  $30 ; 0
D696 0A		      .BYTE   $A ;
D697 30		      .BYTE  $30 ; 0
D698 1B		      .BYTE  $1B ;
D699 18		      .BYTE  $18 ;
D69A 0B		      .BYTE   $B ;
D69B 18		      .BYTE  $18 ;
D69C 1D		      .BYTE  $1D ;
D69D 2D		      .BYTE  $2D ; -
D69E 1C		      .BYTE  $1C ;
D69F 30		      .BYTE  $30 ; 0
D6A0 0C		      .BYTE   $C ;
D6A1 18		      .BYTE  $18 ;
D6A2 17		      .BYTE  $17 ;
D6A3 1D		      .BYTE  $1D ;
D6A4 1B		      .BYTE  $1B ;
D6A5 18		      .BYTE  $18 ;
D6A6 15		      .BYTE  $15 ;
D6A7 30		      .BYTE  $30 ; 0
D6A8 1E		      .BYTE  $1E ;
D6A9 17		      .BYTE  $17 ;
D6AA 12		      .BYTE  $12 ;
D6AB 1D		      .BYTE  $1D ;
D6AC 30		      .BYTE  $30 ; 0
D6AD 0C		      .BYTE   $C ;
D6AE 0A		      .BYTE   $A ;
D6AF 17		      .BYTE  $17 ;
D6B0 30		      .BYTE  $30 ; 0
D6B1 11		      .BYTE  $11 ;
D6B2 0A		      .BYTE   $A ;
D6B3 15		      .BYTE  $15 ;
D6B4 1D		      .BYTE  $1D ;
D6B5 FF		      .BYTE  $FF ;
D6B6 88		      .BYTE  $88 ; ˆ
D6B7 52		      .BYTE  $52 ; R
D6B8 1D		      .BYTE  $1D ;
D6B9 11		      .BYTE  $11 ;
D6BA 0E		      .BYTE   $E ;
D6BB 30		      .BYTE  $30 ; 0
D6BC 17		      .BYTE  $17 ;
D6BD 18		      .BYTE  $18 ;
D6BE 1B		      .BYTE  $1B ;
D6BF 42		      .BYTE  $42 ; B
D6C0 0A		      .BYTE   $A ;
D6C1 15		      .BYTE  $15 ;
D6C2 30		      .BYTE  $30 ; 0
D6C3 0A		      .BYTE   $A ;
D6C4 0C		      .BYTE   $C ;
D6C5 1D		      .BYTE  $1D ;
D6C6 12		      .BYTE  $12 ;
D6C7 1F		      .BYTE  $1F ;
D6C8 12		      .BYTE  $12 ;
D6C9 1D		      .BYTE  $1D ;
D6CA 12		      .BYTE  $12 ;
D6CB 0E		      .BYTE   $E ;
D6CC 1C		      .BYTE  $1C ;
D6CD 30		      .BYTE  $30 ; 0
D6CE 18		      .BYTE  $18 ;
D6CF 0F		      .BYTE   $F ;
D6D0 30		      .BYTE  $30 ; 0
D6D1 1D		      .BYTE  $1D ;
D6D2 11		      .BYTE  $11 ;
D6D3 0A		      .BYTE   $A ;
D6D4 1D		      .BYTE  $1D ;
D6D5 30		      .BYTE  $30 ; 0
D6D6 1B		      .BYTE  $1B ;
D6D7 18		      .BYTE  $18 ;
D6D8 0B		      .BYTE   $B ;
D6D9 18		      .BYTE  $18 ;
D6DA 1D		      .BYTE  $1D ;
D6DB FF		      .BYTE  $FF ;
D6DC 8A		      .BYTE  $8A ; Š
D6DD 52		      .BYTE  $52 ; R
D6DE 0F		      .BYTE   $F ;
D6DF 18		      .BYTE  $18 ;
D6E0 1B		      .BYTE  $1B ;
D6E1 30		      .BYTE  $30 ; 0
D6E2 0A		      .BYTE   $A ;
D6E3 30		      .BYTE  $30 ; 0
D6E4 1C		      .BYTE  $1C ;
D6E5 11		      .BYTE  $11 ;
D6E6 18		      .BYTE  $18 ;
D6E7 1B		      .BYTE  $1B ;
D6E8 1D		      .BYTE  $1D ;
D6E9 30		      .BYTE  $30 ; 0
D6EA 1D		      .BYTE  $1D ;
D6EB 12		      .BYTE  $12 ;
D6EC 42		      .BYTE  $42 ; B
D6ED 0E		      .BYTE   $E ;
D6EE 28		      .BYTE  $28 ; (
D6EF 30		      .BYTE  $30 ; 0
D6F0 4D		      .BYTE  $4D ; M
D6F1 11		      .BYTE  $11 ;
D6F2 0E		      .BYTE   $E ;
D6F3 30		      .BYTE  $30 ; 0
D6F4 11		      .BYTE  $11 ;
D6F5 0E		      .BYTE   $E ;
D6F6 15		      .BYTE  $15 ;
D6F7 42		      .BYTE  $42 ; B
D6F8 0E		      .BYTE   $E ;
D6F9 1D		      .BYTE  $1D ;
D6FA 30		      .BYTE  $30 ; 0
D6FB 30		      .BYTE  $30 ; 0
D6FC 11		      .BYTE  $11 ;
D6FD 0A		      .BYTE   $A ;
D6FE 1C		      .BYTE  $1C ;
D6FF FF		      .BYTE  $FF ;
D700 8C		      .BYTE  $8C ; Œ
D701 52		      .BYTE  $52 ; R
D702 12		      .BYTE  $12 ;
D703 1D		      .BYTE  $1D ;
D704 1C		      .BYTE  $1C ;
D705 30		      .BYTE  $30 ; 0
D706 30		      .BYTE  $30 ; 0
D707 18		      .BYTE  $18 ;
D708 54		      .BYTE  $54 ; T
D709 17		      .BYTE  $17 ;
D70A 30		      .BYTE  $30 ; 0
D70B 0E		      .BYTE   $E ;
D70C 17		      .BYTE  $17 ;
D70D 0E		      .BYTE   $E ;
D70E 1B		      .BYTE  $1B ;
D70F 10		      .BYTE  $10 ;
D710 22		      .BYTE  $22 ; "
D711 30		      .BYTE  $30 ; 0
D712 1C		      .BYTE  $1C ;
D713 1E		      .BYTE  $1E ;
D714 19		      .BYTE  $19 ;
D715 19		      .BYTE  $19 ;
D716 15		      .BYTE  $15 ;
D717 22		      .BYTE  $22 ; "
D718 30		      .BYTE  $30 ; 0
D719 30		      .BYTE  $30 ; 0
D71A 0A		      .BYTE   $A ;
D71B 17		      .BYTE  $17 ;
D71C 0D		      .BYTE   $D ;
D71D 30		      .BYTE  $30 ; 0
D71E 19		      .BYTE  $19 ;
D71F 18		      .BYTE  $18 ;
D720 54		      .BYTE  $54 ; T
D721 0E		      .BYTE   $E ;
D722 1B		      .BYTE  $1B ;
D723 1C		      .BYTE  $1C ;
D724 FF		      .BYTE  $FF ;
D725 8E		      .BYTE  $8E ; Ž
D726 52		      .BYTE  $52 ; R
D727 1D		      .BYTE  $1D ;
D728 11		      .BYTE  $11 ;
D729 0E		      .BYTE   $E ;
D72A 30		      .BYTE  $30 ; 0
D72B 30		      .BYTE  $30 ; 0
D72C 1B		      .BYTE  $1B ;
D72D 18		      .BYTE  $18 ;
D72E 0B		      .BYTE   $B ;
D72F 18		      .BYTE  $18 ;
D730 1D		      .BYTE  $1D ;
D731 30		      .BYTE  $30 ; 0
D732 12		      .BYTE  $12 ;
D733 1D		      .BYTE  $1D ;
D734 1C		      .BYTE  $1C ;
D735 0E		      .BYTE   $E ;
D736 15		      .BYTE  $15 ;
D737 0F		      .BYTE   $F ;
D738 29		      .BYTE  $29 ; )
D739 30		      .BYTE  $30 ; 0
D73A 30		      .BYTE  $30 ; 0
D73B 0A		      .BYTE   $A ;
D73C 1D		      .BYTE  $1D ;
D73D 30		      .BYTE  $30 ; 0
D73E 30		      .BYTE  $30 ; 0
D73F 0A		      .BYTE   $A ;
D740 17		      .BYTE  $17 ;
D741 30		      .BYTE  $30 ; 0
D742 30		      .BYTE  $30 ; 0
D743 1E		      .BYTE  $1E ;
D744 19		      .BYTE  $19 ;
D745 10		      .BYTE  $10 ;
D746 1B		      .BYTE  $1B ;
D747 0A		      .BYTE   $A ;
D748 0D		      .BYTE   $D ;
D749 0E		      .BYTE   $E ;
D74A 0D		      .BYTE   $D ;
D74B FF		      .BYTE  $FF ;
D74C 90		      .BYTE  $90 ; 
D74D 52		      .BYTE  $52 ; R
D74E 0C		      .BYTE   $C ;
D74F 0A		      .BYTE   $A ;
D750 19		      .BYTE  $19 ;
D751 0A		      .BYTE   $A ;
D752 0B		      .BYTE   $B ;
D753 12		      .BYTE  $12 ;
D754 15		      .BYTE  $15 ;
D755 12		      .BYTE  $12 ;
D756 1D		      .BYTE  $1D ;
D757 22		      .BYTE  $22 ; "
D758 28		      .BYTE  $28 ; (
D759 30		      .BYTE  $30 ; 0
D75A 4D		      .BYTE  $4D ; M
D75B 11		      .BYTE  $11 ;
D75C 0E		      .BYTE   $E ;
D75D 30		      .BYTE  $30 ; 0
D75E 30		      .BYTE  $30 ; 0
D75F 11		      .BYTE  $11 ;
D760 0E		      .BYTE   $E ;
D761 15		      .BYTE  $15 ;
D762 42		      .BYTE  $42 ; B
D763 0E		      .BYTE   $E ;
D764 1D		      .BYTE  $1D ;
D765 30		      .BYTE  $30 ; 0
D766 0A		      .BYTE   $A ;
D767 15		      .BYTE  $15 ;
D768 1C		      .BYTE  $1C ;
D769 18		      .BYTE  $18 ;
D76A 30		      .BYTE  $30 ; 0
D76B 30		      .BYTE  $30 ; 0
D76C 1E		      .BYTE  $1E ;
D76D 1C		      .BYTE  $1C ;
D76E 0E		      .BYTE   $E ;
D76F 1C		      .BYTE  $1C ;
D770 FF		      .BYTE  $FF ;
D771 92		      .BYTE  $92 ; ’
D772 52		      .BYTE  $52 ; R
D773 0A		      .BYTE   $A ;
D774 17		      .BYTE  $17 ;
D775 30		      .BYTE  $30 ; 0
D776 0E		      .BYTE   $E ;
D777 17		      .BYTE  $17 ;
D778 0E		      .BYTE   $E ;
D779 1B		      .BYTE  $1B ;
D77A 10		      .BYTE  $10 ;
D77B 22		      .BYTE  $22 ; "
D77C 30		      .BYTE  $30 ; 0
D77D 30		      .BYTE  $30 ; 0
D77E 0C		      .BYTE   $C ;
D77F 15		      .BYTE  $15 ;
D780 18		      .BYTE  $18 ;
D781 0A		      .BYTE   $A ;
D782 14		      .BYTE  $14 ;
D783 30		      .BYTE  $30 ; 0
D784 0F		      .BYTE   $F ;
D785 18		      .BYTE  $18 ;
D786 1B		      .BYTE  $1B ;
D787 30		      .BYTE  $30 ; 0
D788 30		      .BYTE  $30 ; 0
D789 19		      .BYTE  $19 ;
D78A 1B		      .BYTE  $1B ;
D78B 18		      .BYTE  $18 ;
D78C 1D		      .BYTE  $1D ;
D78D 0E		      .BYTE   $E ;
D78E 0C		      .BYTE   $C ;
D78F 1D		      .BYTE  $1D ;
D790 12		      .BYTE  $12 ;
D791 18		      .BYTE  $18 ;
D792 17		      .BYTE  $17 ;
D793 30		      .BYTE  $30 ; 0
D794 30		      .BYTE  $30 ; 0
D795 18		      .BYTE  $18 ;
D796 0F		      .BYTE   $F ;
D797 FF		      .BYTE  $FF ;
D798 94		      .BYTE  $94 ; ”
D799 52		      .BYTE  $52 ; R
D79A 1D		      .BYTE  $1D ;
D79B 11		      .BYTE  $11 ;
D79C 0E		      .BYTE   $E ;
D79D 30		      .BYTE  $30 ; 0
D79E 11		      .BYTE  $11 ;
D79F 18		      .BYTE  $18 ;
D7A0 1C		      .BYTE  $1C ;
D7A1 1D		      .BYTE  $1D ;
D7A2 28		      .BYTE  $28 ; (
D7A3 FF		      .BYTE  $FF ;
D7A4 96		      .BYTE  $96 ; –
D7A5 53		      .BYTE  $53 ; S
D7A6 4D		      .BYTE  $4D ; M
D7A7 11		      .BYTE  $11 ;
D7A8 0E		      .BYTE   $E ;
D7A9 30		      .BYTE  $30 ; 0
D7AA 11		      .BYTE  $11 ;
D7AB 0E		      .BYTE   $E ;
D7AC 15		      .BYTE  $15 ;
D7AD 42		      .BYTE  $42 ; B
D7AE 0E		      .BYTE   $E ;
D7AF 1D		      .BYTE  $1D ;
D7B0 30		      .BYTE  $30 ; 0
D7B1 12		      .BYTE  $12 ;
D7B2 1C		      .BYTE  $1C ;
D7B3 30		      .BYTE  $30 ; 0
D7B4 30		      .BYTE  $30 ; 0
D7B5 0F		      .BYTE   $F ;
D7B6 12		      .BYTE  $12 ;
D7B7 1D		      .BYTE  $1D ;
D7B8 1D		      .BYTE  $1D ;
D7B9 0E		      .BYTE   $E ;
D7BA 0D		      .BYTE   $D ;
D7BB 30		      .BYTE  $30 ; 0
D7BC 54		      .BYTE  $54 ; T
D7BD 12		      .BYTE  $12 ;
D7BE 1D		      .BYTE  $1D ;
D7BF 11		      .BYTE  $11 ;
D7C0 30		      .BYTE  $30 ; 0
D7C1 1D		      .BYTE  $1D ;
D7C2 54		      .BYTE  $54 ; T
D7C3 12		      .BYTE  $12 ;
D7C4 17		      .BYTE  $17 ;
D7C5 FF		      .BYTE  $FF ;
D7C6 98		      .BYTE  $98 ; ˜
D7C7 52		      .BYTE  $52 ; R
D7C8 15		      .BYTE  $15 ;
D7C9 0A		      .BYTE   $A ;
D7CA 1C		      .BYTE  $1C ;
D7CB 0E		      .BYTE   $E ;
D7CC 1B		      .BYTE  $1B ;
D7CD 1C		      .BYTE  $1C ;
D7CE 30		      .BYTE  $30 ; 0
D7CF 42		      .BYTE  $42 ; B
D7D0 18		      .BYTE  $18 ;
D7D1 1E		      .BYTE  $1E ;
D7D2 17		      .BYTE  $17 ;
D7D3 1D		      .BYTE  $1D ;
D7D4 0E		      .BYTE   $E ;
D7D5 0D		      .BYTE   $D ;
D7D6 30		      .BYTE  $30 ; 0
D7D7 30		      .BYTE  $30 ; 0
D7D8 12		      .BYTE  $12 ;
D7D9 17		      .BYTE  $17 ;
D7DA 30		      .BYTE  $30 ; 0
D7DB 0A		      .BYTE   $A ;
D7DC 30		      .BYTE  $30 ; 0
D7DD 1D		      .BYTE  $1D ;
D7DE 1E		      .BYTE  $1E ;
D7DF 1B		      .BYTE  $1B ;
D7E0 1B		      .BYTE  $1B ;
D7E1 0E		      .BYTE   $E ;
D7E2 1D		      .BYTE  $1D ;
D7E3 28		      .BYTE  $28 ; (
D7E4 30		      .BYTE  $30 ; 0
D7E5 4D		      .BYTE  $4D ; M
D7E6 11		      .BYTE  $11 ;
D7E7 0E		      .BYTE   $E ;
D7E8 1C		      .BYTE  $1C ;
D7E9 0E		      .BYTE   $E ;
D7EA FF		      .BYTE  $FF ;
D7EB 9A		      .BYTE  $9A ; š
D7EC 52		      .BYTE  $52 ; R
D7ED 0A		      .BYTE   $A ;
D7EE 1B		      .BYTE  $1B ;
D7EF 0E		      .BYTE   $E ;
D7F0 30		      .BYTE  $30 ; 0
D7F1 15		      .BYTE  $15 ;
D7F2 18		      .BYTE  $18 ;
D7F3 54		      .BYTE  $54 ; T
D7F4 30		      .BYTE  $30 ; 0
D7F5 19		      .BYTE  $19 ;
D7F6 18		      .BYTE  $18 ;
D7F7 54		      .BYTE  $54 ; T
D7F8 0E		      .BYTE   $E ;
D7F9 1B		      .BYTE  $1B ;
D7FA 0E		      .BYTE   $E ;
D7FB 0D		      .BYTE   $D ;
D7FC 30		      .BYTE  $30 ; 0
D7FD 30		      .BYTE  $30 ; 0
D7FE 0A		      .BYTE   $A ;
D7FF 17		      .BYTE  $17 ;
D800 0D		      .BYTE   $D ;
D801 30		      .BYTE  $30 ; 0
D802 11		      .BYTE  $11 ;
D803 0A		      .BYTE   $A ;
D804 1F		      .BYTE  $1F ;
D805 0E		      .BYTE   $E ;
D806 30		      .BYTE  $30 ; 0
D807 30		      .BYTE  $30 ; 0
D808 0A		      .BYTE   $A ;
D809 30		      .BYTE  $30 ; 0
D80A 1C		      .BYTE  $1C ;
D80B 15		      .BYTE  $15 ;
D80C 18		      .BYTE  $18 ;
D80D 54		      .BYTE  $54 ; T
D80E FF		      .BYTE  $FF ;
D80F 9C		      .BYTE  $9C ; œ
D810 52		      .BYTE  $52 ; R
D811 1B		      .BYTE  $1B ;
D812 0E		      .BYTE   $E ;
D813 0C		      .BYTE   $C ;
D814 22		      .BYTE  $22 ; "
D815 0C		      .BYTE   $C ;
D816 15		      .BYTE  $15 ;
D817 0E		      .BYTE   $E ;
D818 30		      .BYTE  $30 ; 0
D819 1B		      .BYTE  $1B ;
D81A 0A		      .BYTE   $A ;
D81B 1D		      .BYTE  $1D ;
D81C 0E		      .BYTE   $E ;
D81D 28		      .BYTE  $28 ; (
D81E FF		      .BYTE  $FF ;
D81F 9E		      .BYTE  $9E ; ž
D820 53		      .BYTE  $53 ; S
D821 46		      .BYTE  $46 ; F
D822 18		      .BYTE  $18 ;
D823 1C		      .BYTE  $1C ;
D824 1D		      .BYTE  $1D ;
D825 30		      .BYTE  $30 ; 0
D826 18		      .BYTE  $18 ;
D827 0F		      .BYTE   $F ;
D828 30		      .BYTE  $30 ; 0
D829 1D		      .BYTE  $1D ;
D82A 11		      .BYTE  $11 ;
D82B 0E		      .BYTE   $E ;
D82C 30		      .BYTE  $30 ; 0
D82D 0D		      .BYTE   $D ;
D82E 0E		      .BYTE   $E ;
D82F 1F		      .BYTE  $1F ;
D830 12		      .BYTE  $12 ;
D831 0C		      .BYTE   $C ;
D832 0E		      .BYTE   $E ;
D833 2D		      .BYTE  $2D ; -
D834 1C		      .BYTE  $1C ;
D835 30		      .BYTE  $30 ; 0
D836 1B		      .BYTE  $1B ;
D837 0E		      .BYTE   $E ;
D838 1C		      .BYTE  $1C ;
D839 18		      .BYTE  $18 ;
D83A 1E		      .BYTE  $1E ;
D83B 1B		      .BYTE  $1B ;
D83C 0C		      .BYTE   $C ;
D83D 0E		      .BYTE   $E ;
D83E 1C		      .BYTE  $1C ;
D83F 30		      .BYTE  $30 ; 0
D840 0A		      .BYTE   $A ;
D841 1B		      .BYTE  $1B ;
D842 0E		      .BYTE   $E ;
D843 FF		      .BYTE  $FF ;
D844 A0		      .BYTE  $A0 ;  
D845 52		      .BYTE  $52 ; R
D846 0C		      .BYTE   $C ;
D847 11		      .BYTE  $11 ;
D848 0A		      .BYTE   $A ;
D849 17		      .BYTE  $17 ;
D84A 17		      .BYTE  $17 ;
D84B 0E		      .BYTE   $E ;
D84C 15		      .BYTE  $15 ;
D84D 15		      .BYTE  $15 ;
D84E 0E		      .BYTE   $E ;
D84F 0D		      .BYTE   $D ;
D850 30		      .BYTE  $30 ; 0
D851 1D		      .BYTE  $1D ;
D852 18		      .BYTE  $18 ;
D853 54		      .BYTE  $54 ; T
D854 0A		      .BYTE   $A ;
D855 1B		      .BYTE  $1B ;
D856 0D		      .BYTE   $D ;
D857 1C		      .BYTE  $1C ;
D858 30		      .BYTE  $30 ; 0
D859 11		      .BYTE  $11 ;
D85A 18		      .BYTE  $18 ;
D85B 15		      .BYTE  $15 ;
D85C 0D		      .BYTE   $D ;
D85D 12		      .BYTE  $12 ;
D85E 17		      .BYTE  $17 ;
D85F 10		      .BYTE  $10 ;
D860 30		      .BYTE  $30 ; 0
D861 30		      .BYTE  $30 ; 0
D862 0C		      .BYTE   $C ;
D863 18		      .BYTE  $18 ;
D864 17		      .BYTE  $17 ;
D865 1D		      .BYTE  $1D ;
D866 1B		      .BYTE  $1B ;
D867 18		      .BYTE  $18 ;
D868 15		      .BYTE  $15 ;
D869 FF		      .BYTE  $FF ;
D86A A2		      .BYTE  $A2 ; ¢
D86B 52		      .BYTE  $52 ; R
D86C 18		      .BYTE  $18 ;
D86D 0F		      .BYTE   $F ;
D86E 30		      .BYTE  $30 ; 0
D86F 1D		      .BYTE  $1D ;
D870 11		      .BYTE  $11 ;
D871 0E		      .BYTE   $E ;
D872 30		      .BYTE  $30 ; 0
D873 11		      .BYTE  $11 ;
D874 18		      .BYTE  $18 ;
D875 1C		      .BYTE  $1C ;
D876 1D		      .BYTE  $1D ;
D877 30		      .BYTE  $30 ; 0
D878 30		      .BYTE  $30 ; 0
D879 1B		      .BYTE  $1B ;
D87A 18		      .BYTE  $18 ;
D87B 0B		      .BYTE   $B ;
D87C 18		      .BYTE  $18 ;
D87D 1D		      .BYTE  $1D ;
D87E 29		      .BYTE  $29 ; )
D87F 30		      .BYTE  $30 ; 0
D880 0A		      .BYTE   $A ;
D881 1C		      .BYTE  $1C ;
D882 30		      .BYTE  $30 ; 0
D883 12		      .BYTE  $12 ;
D884 1D		      .BYTE  $1D ;
D885 30		      .BYTE  $30 ; 0
D886 30		      .BYTE  $30 ; 0
D887 0A		      .BYTE   $A ;
D888 1D		      .BYTE  $1D ;
D889 1D		      .BYTE  $1D ;
D88A 0E		      .BYTE   $E ;
D88B 42		      .BYTE  $42 ; B
D88C 19		      .BYTE  $19 ;
D88D 1D		      .BYTE  $1D ;
D88E 1C		      .BYTE  $1C ;
D88F FF		      .BYTE  $FF ;
D890 A4		      .BYTE  $A4 ; ¤
D891 52		      .BYTE  $52 ; R
D892 1D		      .BYTE  $1D ;
D893 18		      .BYTE  $18 ;
D894 30		      .BYTE  $30 ; 0
D895 1B		      .BYTE  $1B ;
D896 0E		      .BYTE   $E ;
D897 1C		      .BYTE  $1C ;
D898 1E		      .BYTE  $1E ;
D899 42		      .BYTE  $42 ; B
D89A 0E		      .BYTE   $E ;
D89B 30		      .BYTE  $30 ; 0
D89C 2D		      .BYTE  $2D ; -
D89D 17		      .BYTE  $17 ;
D89E 18		      .BYTE  $18 ;
D89F 1B		      .BYTE  $1B ;
D8A0 42		      .BYTE  $42 ; B
D8A1 0A		      .BYTE   $A ;
D8A2 15		      .BYTE  $15 ;
D8A3 2D		      .BYTE  $2D ; -
D8A4 30		      .BYTE  $30 ; 0
D8A5 18		      .BYTE  $18 ;
D8A6 19		      .BYTE  $19 ;
D8A7 0E		      .BYTE   $E ;
D8A8 1B		      .BYTE  $1B ;
D8A9 0A		      .BYTE   $A ;
D8AA 1D		      .BYTE  $1D ;
D8AB 12		      .BYTE  $12 ;
D8AC 18		      .BYTE  $18 ;
D8AD 17		      .BYTE  $17 ;
D8AE 28		      .BYTE  $28 ; (
D8AF FF		      .BYTE  $FF ;
D8B0 A6		      .BYTE  $A6 ; ¦
D8B1 53		      .BYTE  $53 ; S
D8B2 16		      .BYTE  $16 ;
D8B3 1D		      .BYTE  $1D ;
D8B4 30		      .BYTE  $30 ; 0
D8B5 12		      .BYTE  $12 ;
D8B6 1C		      .BYTE  $1C ;
D8B7 30		      .BYTE  $30 ; 0
D8B8 1D		      .BYTE  $1D ;
D8B9 11		      .BYTE  $11 ;
D8BA 0E		      .BYTE   $E ;
D8BB 1B		      .BYTE  $1B ;
D8BC 0E		      .BYTE   $E ;
D8BD 0F		      .BYTE   $F ;
D8BE 18		      .BYTE  $18 ;
D8BF 1B		      .BYTE  $1B ;
D8C0 0E		      .BYTE   $E ;
D8C1 30		      .BYTE  $30 ; 0
D8C2 17		      .BYTE  $17 ;
D8C3 0E		      .BYTE   $E ;
D8C4 0C		      .BYTE   $C ;
D8C5 0E		      .BYTE   $E ;
D8C6 1C		      .BYTE  $1C ;
D8C7 1C		      .BYTE  $1C ;
D8C8 0A		      .BYTE   $A ;
D8C9 1B		      .BYTE  $1B ;
D8CA 22		      .BYTE  $22 ; "
D8CB 30		      .BYTE  $30 ; 0
D8CC 1D		      .BYTE  $1D ;
D8CD 18		      .BYTE  $18 ;
D8CE 30		      .BYTE  $30 ; 0
D8CF 0C		      .BYTE   $C ;
D8D0 11		      .BYTE  $11 ;
D8D1 0A		      .BYTE   $A ;
D8D2 17		      .BYTE  $17 ;
D8D3 10		      .BYTE  $10 ;
D8D4 0E		      .BYTE   $E ;
D8D5 FF		      .BYTE  $FF ;
D8D6 A8		      .BYTE  $A8 ; ¨
D8D7 52		      .BYTE  $52 ; R
D8D8 1D		      .BYTE  $1D ;
D8D9 11		      .BYTE  $11 ;
D8DA 0E		      .BYTE   $E ;
D8DB 30		      .BYTE  $30 ; 0
D8DC 11		      .BYTE  $11 ;
D8DD 18		      .BYTE  $18 ;
D8DE 1C		      .BYTE  $1C ;
D8DF 1D		      .BYTE  $1D ;
D8E0 30		      .BYTE  $30 ; 0
D8E1 1B		      .BYTE  $1B ;
D8E2 18		      .BYTE  $18 ;
D8E3 0B		      .BYTE   $B ;
D8E4 18		      .BYTE  $18 ;
D8E5 1D		      .BYTE  $1D ;
D8E6 30		      .BYTE  $30 ; 0
D8E7 18		      .BYTE  $18 ;
D8E8 0F		      .BYTE   $F ;
D8E9 1D		      .BYTE  $1D ;
D8EA 0E		      .BYTE   $E ;
D8EB 17		      .BYTE  $17 ;
D8EC 30		      .BYTE  $30 ; 0
D8ED 30		      .BYTE  $30 ; 0
D8EE 1D		      .BYTE  $1D ;
D8EF 18		      .BYTE  $18 ;
D8F0 30		      .BYTE  $30 ; 0
D8F1 19		      .BYTE  $19 ;
D8F2 1B		      .BYTE  $1B ;
D8F3 0E		      .BYTE   $E ;
D8F4 1F		      .BYTE  $1F ;
D8F5 0E		      .BYTE   $E ;
D8F6 17		      .BYTE  $17 ;
D8F7 1D		      .BYTE  $1D ;
D8F8 30		      .BYTE  $30 ; 0
D8F9 1D		      .BYTE  $1D ;
D8FA 11		      .BYTE  $11 ;
D8FB 0E		      .BYTE   $E ;
D8FC FF		      .BYTE  $FF ;
D8FD AA		      .BYTE  $AA ; ª
D8FE 52		      .BYTE  $52 ; R
D8FF 0D		      .BYTE   $D ;
D900 0E		      .BYTE   $E ;
D901 1F		      .BYTE  $1F ;
D902 12		      .BYTE  $12 ;
D903 0C		      .BYTE   $C ;
D904 0E		      .BYTE   $E ;
D905 30		      .BYTE  $30 ; 0
D906 30		      .BYTE  $30 ; 0
D907 0F		      .BYTE   $F ;
D908 1B		      .BYTE  $1B ;
D909 18		      .BYTE  $18 ;
D90A 42		      .BYTE  $42 ; B
D90B 30		      .BYTE  $30 ; 0
D90C 0B		      .BYTE   $B ;
D90D 1E		      .BYTE  $1E ;
D90E 1B		      .BYTE  $1B ;
D90F 17		      .BYTE  $17 ;
D910 12		      .BYTE  $12 ;
D911 17		      .BYTE  $17 ;
D912 10		      .BYTE  $10 ;
D913 30		      .BYTE  $30 ; 0
D914 18		      .BYTE  $18 ;
D915 1E		      .BYTE  $1E ;
D916 1D		      .BYTE  $1D ;
D917 28		      .BYTE  $28 ; (
D918 30		      .BYTE  $30 ; 0
D919 4D		      .BYTE  $4D ; M
D91A 1B		      .BYTE  $1B ;
D91B 0A		      .BYTE   $A ;
D91C 17		      .BYTE  $17 ;
D91D 1C		      .BYTE  $1C ;
D91E 0F		      .BYTE   $F ;
D91F 0E		      .BYTE   $E ;
D920 1B		      .BYTE  $1B ;
D921 FF		      .BYTE  $FF ;
D922 AC		      .BYTE  $AC ; ¬
D923 52		      .BYTE  $52 ; R
D924 1D		      .BYTE  $1D ;
D925 18		      .BYTE  $18 ;
D926 30		      .BYTE  $30 ; 0
D927 0A		      .BYTE   $A ;
D928 30		      .BYTE  $30 ; 0
D929 17		      .BYTE  $17 ;
D92A 0E		      .BYTE   $E ;
D92B 54		      .BYTE  $54 ; T
D92C 30		      .BYTE  $30 ; 0
D92D 1B		      .BYTE  $1B ;
D92E 18		      .BYTE  $18 ;
D92F 0B		      .BYTE   $B ;
D930 18		      .BYTE  $18 ;
D931 1D		      .BYTE  $1D ;
D932 30		      .BYTE  $30 ; 0
D933 30		      .BYTE  $30 ; 0
D934 1B		      .BYTE  $1B ;
D935 0E		      .BYTE   $E ;
D936 1A		      .BYTE  $1A ;
D937 1E		      .BYTE  $1E ;
D938 12		      .BYTE  $12 ;
D939 1B		      .BYTE  $1B ;
D93A 0E		      .BYTE   $E ;
D93B 1C		      .BYTE  $1C ;
D93C 30		      .BYTE  $30 ; 0
D93D 1D		      .BYTE  $1D ;
D93E 11		      .BYTE  $11 ;
D93F 0E		      .BYTE   $E ;
D940 30		      .BYTE  $30 ; 0
D941 0D		      .BYTE   $D ;
D942 0E		      .BYTE   $E ;
D943 1F		      .BYTE  $1F ;
D944 12		      .BYTE  $12 ;
D945 0C		      .BYTE   $C ;
D946 0E		      .BYTE   $E ;
D947 FF		      .BYTE  $FF ;
D948 AE		      .BYTE  $AE ; ®
D949 52		      .BYTE  $52 ; R
D94A 1D		      .BYTE  $1D ;
D94B 18		      .BYTE  $18 ;
D94C 30		      .BYTE  $30 ; 0
D94D 0D		      .BYTE   $D ;
D94E 1B		      .BYTE  $1B ;
D94F 0A		      .BYTE   $A ;
D950 12		      .BYTE  $12 ;
D951 17		      .BYTE  $17 ;
D952 30		      .BYTE  $30 ; 0
D953 12		      .BYTE  $12 ;
D954 1D		      .BYTE  $1D ;
D955 1C		      .BYTE  $1C ;
D956 30		      .BYTE  $30 ; 0
D957 11		      .BYTE  $11 ;
D958 18		      .BYTE  $18 ;
D959 1C		      .BYTE  $1C ;
D95A 1D		      .BYTE  $1D ;
D95B 30		      .BYTE  $30 ; 0
D95C 18		      .BYTE  $18 ;
D95D 0F		      .BYTE   $F ;
D95E 30		      .BYTE  $30 ; 0
D95F 0E		      .BYTE   $E ;
D960 17		      .BYTE  $17 ;
D961 0E		      .BYTE   $E ;
D962 1B		      .BYTE  $1B ;
D963 10		      .BYTE  $10 ;
D964 22		      .BYTE  $22 ; "
D965 30		      .BYTE  $30 ; 0
D966 12		      .BYTE  $12 ;
D967 17		      .BYTE  $17 ;
D968 30		      .BYTE  $30 ; 0
D969 18		      .BYTE  $18 ;
D96A 1B		      .BYTE  $1B ;
D96B 0D		      .BYTE   $D ;
D96C 0E		      .BYTE   $E ;
D96D 1B		      .BYTE  $1B ;
D96E FF		      .BYTE  $FF ;
D96F B0		      .BYTE  $B0 ; °
D970 52		      .BYTE  $52 ; R
D971 1D		      .BYTE  $1D ;
D972 18		      .BYTE  $18 ;
D973 30		      .BYTE  $30 ; 0
D974 1D		      .BYTE  $1D ;
D975 0A		      .BYTE   $A ;
D976 14		      .BYTE  $14 ;
D977 0E		      .BYTE   $E ;
D978 30		      .BYTE  $30 ; 0
D979 12		      .BYTE  $12 ;
D97A 1D		      .BYTE  $1D ;
D97B 30		      .BYTE  $30 ; 0
D97C 18		      .BYTE  $18 ;
D97D 1F		      .BYTE  $1F ;
D97E 0E		      .BYTE   $E ;
D97F 1B		      .BYTE  $1B ;
D980 28		      .BYTE  $28 ; (
D981 30		      .BYTE  $30 ; 0
D982 3F		      .BYTE  $3F ; ?
D983 0A		      .BYTE   $A ;
D984 12		      .BYTE  $12 ;
D985 15		      .BYTE  $15 ;
D986 1E		      .BYTE  $1E ;
D987 1B		      .BYTE  $1B ;
D988 0E		      .BYTE   $E ;
D989 30		      .BYTE  $30 ; 0
D98A 1D		      .BYTE  $1D ;
D98B 18		      .BYTE  $18 ;
D98C 30		      .BYTE  $30 ; 0
D98D 0A		      .BYTE   $A ;
D98E 0C		      .BYTE   $C ;
D98F 11		      .BYTE  $11 ;
D990 12		      .BYTE  $12 ;
D991 0E		      .BYTE   $E ;
D992 1F		      .BYTE  $1F ;
D993 0E		      .BYTE   $E ;
D994 FF		      .BYTE  $FF ;
D995 B2		      .BYTE  $B2 ; ²
D996 52		      .BYTE  $52 ; R
D997 1D		      .BYTE  $1D ;
D998 1B		      .BYTE  $1B ;
D999 0A		      .BYTE   $A ;
D99A 17		      .BYTE  $17 ;
D99B 1C		      .BYTE  $1C ;
D99C 0F		      .BYTE   $F ;
D99D 0E		      .BYTE   $E ;
D99E 1B		      .BYTE  $1B ;
D99F 30		      .BYTE  $30 ; 0
D9A0 1B		      .BYTE  $1B ;
D9A1 0E		      .BYTE   $E ;
D9A2 1C		      .BYTE  $1C ;
D9A3 1E		      .BYTE  $1E ;
D9A4 15		      .BYTE  $15 ;
D9A5 1D		      .BYTE  $1D ;
D9A6 1C		      .BYTE  $1C ;
D9A7 30		      .BYTE  $30 ; 0
D9A8 12		      .BYTE  $12 ;
D9A9 17		      .BYTE  $17 ;
D9AA 30		      .BYTE  $30 ; 0
D9AB 1D		      .BYTE  $1D ;
D9AC 11		      .BYTE  $11 ;
D9AD 0E		      .BYTE   $E ;
D9AE 30		      .BYTE  $30 ; 0
D9AF 0D		      .BYTE   $D ;
D9B0 0E		      .BYTE   $E ;
D9B1 1F		      .BYTE  $1F ;
D9B2 12		      .BYTE  $12 ;
D9B3 0C		      .BYTE   $C ;
D9B4 0E		      .BYTE   $E ;
D9B5 30		      .BYTE  $30 ; 0
D9B6 0B		      .BYTE   $B ;
D9B7 0E		      .BYTE   $E ;
D9B8 12		      .BYTE  $12 ;
D9B9 17		      .BYTE  $17 ;
D9BA 10		      .BYTE  $10 ;
D9BB FF		      .BYTE  $FF ;
D9BC B4		      .BYTE  $B4 ; ´
D9BD 52		      .BYTE  $52 ; R
D9BE 0A		      .BYTE   $A ;
D9BF 30		      .BYTE  $30 ; 0
D9C0 0F		      .BYTE   $F ;
D9C1 1B		      .BYTE  $1B ;
D9C2 0E		      .BYTE   $E ;
D9C3 0E		      .BYTE   $E ;
D9C4 30		      .BYTE  $30 ; 0
D9C5 0A		      .BYTE   $A ;
D9C6 10		      .BYTE  $10 ;
D9C7 0E		      .BYTE   $E ;
D9C8 17		      .BYTE  $17 ;
D9C9 1D		      .BYTE  $1D ;
D9CA 30		      .BYTE  $30 ; 0
D9CB 18		      .BYTE  $18 ;
D9CC 17		      .BYTE  $17 ;
D9CD 0C		      .BYTE   $C ;
D9CE 0E		      .BYTE   $E ;
D9CF 30		      .BYTE  $30 ; 0
D9D0 42		      .BYTE  $42 ; B
D9D1 18		      .BYTE  $18 ;
D9D2 1B		      .BYTE  $1B ;
D9D3 0E		      .BYTE   $E ;
D9D4 28		      .BYTE  $28 ; (
D9D5 FF		      .BYTE  $FF ;
D9D6 B8		      .BYTE  $B8 ; ¸
D9D7 5A		      .BYTE  $5A ; Z
D9D8 49		      .BYTE  $49 ; I
D9D9 1B		      .BYTE  $1B ;
D9DA 0E		      .BYTE   $E ;
D9DB 1C		      .BYTE  $1C ;
D9DC 1C		      .BYTE  $1C ;
D9DD 30		      .BYTE  $30 ; 0
D9DE 0F		      .BYTE   $F ;
D9DF 12		      .BYTE  $12 ;
D9E0 1B		      .BYTE  $1B ;
D9E1 0E		      .BYTE   $E ;
D9E2 30		      .BYTE  $30 ; 0
D9E3 1D		      .BYTE  $1D ;
D9E4 18		      .BYTE  $18 ;
D9E5 30		      .BYTE  $30 ; 0
D9E6 19		      .BYTE  $19 ;
D9E7 15		      .BYTE  $15 ;
D9E8 0A		      .BYTE   $A ;
D9E9 22		      .BYTE  $22 ; "
D9EA FF		      .BYTE  $FF ;
D9EB 82		      .BYTE  $82 ; ‚
D9EC 7B		      .BYTE  $7B ; {
D9ED 3A		      .BYTE  $3A ; :
D9EE 17		      .BYTE  $17 ;
D9EF 30		      .BYTE  $30 ; 0
D9F0 16		      .BYTE  $16 ;
D9F1 17		      .BYTE  $17 ;
D9F2 0F		      .BYTE   $F ;
D9F3 15		      .BYTE  $15 ;
D9F4 1E		      .BYTE  $1E ;
D9F5 0E		      .BYTE   $E ;
D9F6 17		      .BYTE  $17 ;
D9F7 0C		      .BYTE   $C ;
D9F8 0E		      .BYTE   $E ;
D9F9 30		      .BYTE  $30 ; 0
D9FA 3D		      .BYTE  $3D ; =
D9FB 0E		      .BYTE   $E ;
D9FC 1F		      .BYTE  $1F ;
D9FD 12		      .BYTE  $12 ;
D9FE 0C		      .BYTE   $C ;
D9FF 0E		      .BYTE   $E ;
DA00 30		      .BYTE  $30 ; 0
DA01 0C		      .BYTE   $C ;
DA02 0A		      .BYTE   $A ;
DA03 17		      .BYTE  $17 ;
DA04 30		      .BYTE  $30 ; 0
DA05 1D		      .BYTE  $1D ;
DA06 1B		      .BYTE  $1B ;
DA07 0A		      .BYTE   $A ;
DA08 17		      .BYTE  $17 ;
DA09 1C		      .BYTE  $1C ;
DA0A 42		      .BYTE  $42 ; B
DA0B 12		      .BYTE  $12 ;
DA0C 1D		      .BYTE  $1D ;
DA0D FF		      .BYTE  $FF ;
DA0E 84		      .BYTE  $84 ; „
DA0F 7A		      .BYTE  $7A ; z
DA10 18		      .BYTE  $18 ;
DA11 17		      .BYTE  $17 ;
DA12 15		      .BYTE  $15 ;
DA13 22		      .BYTE  $22 ; "
DA14 30		      .BYTE  $30 ; 0
DA15 0C		      .BYTE   $C ;
DA16 0E		      .BYTE   $E ;
DA17 1B		      .BYTE  $1B ;
DA18 1D		      .BYTE  $1D ;
DA19 0A		      .BYTE   $A ;
DA1A 12		      .BYTE  $12 ;
DA1B 17		      .BYTE  $17 ;
DA1C 30		      .BYTE  $30 ; 0
DA1D 0D		      .BYTE   $D ;
DA1E 0A		      .BYTE   $A ;
DA1F 1D		      .BYTE  $1D ;
DA20 0A		      .BYTE   $A ;
DA21 29		      .BYTE  $29 ; )
DA22 30		      .BYTE  $30 ; 0
DA23 17		      .BYTE  $17 ;
DA24 0A		      .BYTE   $A ;
DA25 42		      .BYTE  $42 ; B
DA26 0E		      .BYTE   $E ;
DA27 15		      .BYTE  $15 ;
DA28 22		      .BYTE  $22 ; "
DA29 30		      .BYTE  $30 ; 0
DA2A 12		      .BYTE  $12 ;
DA2B 1D		      .BYTE  $1D ;
DA2C 1C		      .BYTE  $1C ;
DA2D 30		      .BYTE  $30 ; 0
DA2E 30		      .BYTE  $30 ; 0
DA2F 18		      .BYTE  $18 ;
DA30 54		      .BYTE  $54 ; T
DA31 17		      .BYTE  $17 ;
DA32 FF		      .BYTE  $FF ;
DA33 86		      .BYTE  $86 ; †
DA34 7A		      .BYTE  $7A ; z
DA35 15		      .BYTE  $15 ;
DA36 18		      .BYTE  $18 ;
DA37 0C		      .BYTE   $C ;
DA38 0A		      .BYTE   $A ;
DA39 1D		      .BYTE  $1D ;
DA3A 12		      .BYTE  $12 ;
DA3B 18		      .BYTE  $18 ;
DA3C 17		      .BYTE  $17 ;
DA3D 30		      .BYTE  $30 ; 0
DA3E 30		      .BYTE  $30 ; 0
DA3F 0A		      .BYTE   $A ;
DA40 17		      .BYTE  $17 ;
DA41 0D		      .BYTE   $D ;
DA42 30		      .BYTE  $30 ; 0
DA43 1D		      .BYTE  $1D ;
DA44 11		      .BYTE  $11 ;
DA45 0E		      .BYTE   $E ;
DA46 30		      .BYTE  $30 ; 0
DA47 30		      .BYTE  $30 ; 0
DA48 15		      .BYTE  $15 ;
DA49 18		      .BYTE  $18 ;
DA4A 0C		      .BYTE   $C ;
DA4B 0A		      .BYTE   $A ;
DA4C 1D		      .BYTE  $1D ;
DA4D 12		      .BYTE  $12 ;
DA4E 18		      .BYTE  $18 ;
DA4F 17		      .BYTE  $17 ;
DA50 30		      .BYTE  $30 ; 0
DA51 18		      .BYTE  $18 ;
DA52 0F		      .BYTE   $F ;
DA53 30		      .BYTE  $30 ; 0
DA54 18		      .BYTE  $18 ;
DA55 1D		      .BYTE  $1D ;
DA56 11		      .BYTE  $11 ;
DA57 0E		      .BYTE   $E ;
DA58 1B		      .BYTE  $1B ;
DA59 FF		      .BYTE  $FF ;
DA5A 88		      .BYTE  $88 ; ˆ
DA5B 7A		      .BYTE  $7A ; z
DA5C 1B		      .BYTE  $1B ;
DA5D 18		      .BYTE  $18 ;
DA5E 0B		      .BYTE   $B ;
DA5F 18		      .BYTE  $18 ;
DA60 1D		      .BYTE  $1D ;
DA61 1C		      .BYTE  $1C ;
DA62 30		      .BYTE  $30 ; 0
DA63 12		      .BYTE  $12 ;
DA64 17		      .BYTE  $17 ;
DA65 30		      .BYTE  $30 ; 0
DA66 1F		      .BYTE  $1F ;
DA67 12		      .BYTE  $12 ;
DA68 1C		      .BYTE  $1C ;
DA69 1E		      .BYTE  $1E ;
DA6A 0A		      .BYTE   $A ;
DA6B 15		      .BYTE  $15 ;
DA6C 30		      .BYTE  $30 ; 0
DA6D 1B		      .BYTE  $1B ;
DA6E 0A		      .BYTE   $A ;
DA6F 17		      .BYTE  $17 ;
DA70 10		      .BYTE  $10 ;
DA71 0E		      .BYTE   $E ;
DA72 28		      .BYTE  $28 ; (
DA73 4D		      .BYTE  $4D ; M
DA74 11		      .BYTE  $11 ;
DA75 12		      .BYTE  $12 ;
DA76 1C		      .BYTE  $1C ;
DA77 30		      .BYTE  $30 ; 0
DA78 0D		      .BYTE   $D ;
DA79 0A		      .BYTE   $A ;
DA7A 1D		      .BYTE  $1D ;
DA7B 0A		      .BYTE   $A ;
DA7C 30		      .BYTE  $30 ; 0
DA7D 12		      .BYTE  $12 ;
DA7E 1C		      .BYTE  $1C ;
DA7F FF		      .BYTE  $FF ;
DA80 8A		      .BYTE  $8A ; Š
DA81 7A		      .BYTE  $7A ; z
DA82 42		      .BYTE  $42 ; B
DA83 0E		      .BYTE   $E ;
DA84 1B		      .BYTE  $1B ;
DA85 10		      .BYTE  $10 ;
DA86 0E		      .BYTE   $E ;
DA87 0D		      .BYTE   $D ;
DA88 30		      .BYTE  $30 ; 0
DA89 54		      .BYTE  $54 ; T
DA8A 12		      .BYTE  $12 ;
DA8B 1D		      .BYTE  $1D ;
DA8C 11		      .BYTE  $11 ;
DA8D 30		      .BYTE  $30 ; 0
DA8E 14		      .BYTE  $14 ;
DA8F 17		      .BYTE  $17 ;
DA90 18		      .BYTE  $18 ;
DA91 54		      .BYTE  $54 ; T
DA92 17		      .BYTE  $17 ;
DA93 30		      .BYTE  $30 ; 0
DA94 1C		      .BYTE  $1C ;
DA95 11		      .BYTE  $11 ;
DA96 12		      .BYTE  $12 ;
DA97 19		      .BYTE  $19 ;
DA98 30		      .BYTE  $30 ; 0
DA99 15		      .BYTE  $15 ;
DA9A 0A		      .BYTE   $A ;
DA9B 22		      .BYTE  $22 ; "
DA9C 18		      .BYTE  $18 ;
DA9D 1E		      .BYTE  $1E ;
DA9E 1D		      .BYTE  $1D ;
DA9F 1C		      .BYTE  $1C ;
DAA0 30		      .BYTE  $30 ; 0
DAA1 0A		      .BYTE   $A ;
DAA2 1D		      .BYTE  $1D ;
DAA3 FF		      .BYTE  $FF ;
DAA4 8C		      .BYTE  $8C ; Œ
DAA5 7A		      .BYTE  $7A ; z
DAA6 22		      .BYTE  $22 ; "
DAA7 18		      .BYTE  $18 ;
DAA8 1E		      .BYTE  $1E ;
DAA9 1B		      .BYTE  $1B ;
DAAA 30		      .BYTE  $30 ; 0
DAAB 3C		      .BYTE  $3C ; <
DAAC 06		      .BYTE    6 ;
DAAD 04		      .BYTE    4 ;
DAAE 30		      .BYTE  $30 ; 0
DAAF 1B		      .BYTE  $1B ;
DAB0 0E		      .BYTE   $E ;
DAB1 42		      .BYTE  $42 ; B
DAB2 18		      .BYTE  $18 ;
DAB3 1D		      .BYTE  $1D ;
DAB4 0E		      .BYTE   $E ;
DAB5 30		      .BYTE  $30 ; 0
DAB6 1D		      .BYTE  $1D ;
DAB7 0E		      .BYTE   $E ;
DAB8 1B		      .BYTE  $1B ;
DAB9 42		      .BYTE  $42 ; B
DABA 12		      .BYTE  $12 ;
DABB 17		      .BYTE  $17 ;
DABC 0A		      .BYTE   $A ;
DABD 15		      .BYTE  $15 ;
DABE 28		      .BYTE  $28 ; (
DABF FF		      .BYTE  $FF ;
DAC0 8E		      .BYTE  $8E ; Ž
DAC1 7B		      .BYTE  $7B ; {
DAC2 3A		      .BYTE  $3A ; :
DAC3 0D		      .BYTE   $D ;
DAC4 0D		      .BYTE   $D ;
DAC5 12		      .BYTE  $12 ;
DAC6 1D		      .BYTE  $1D ;
DAC7 12		      .BYTE  $12 ;
DAC8 18		      .BYTE  $18 ;
DAC9 17		      .BYTE  $17 ;
DACA 0A		      .BYTE   $A ;
DACB 15		      .BYTE  $15 ;
DACC 30		      .BYTE  $30 ; 0
DACD 12		      .BYTE  $12 ;
DACE 17		      .BYTE  $17 ;
DACF 0F		      .BYTE   $F ;
DAD0 18		      .BYTE  $18 ;
DAD1 1B		      .BYTE  $1B ;
DAD2 42		      .BYTE  $42 ; B
DAD3 0A		      .BYTE   $A ;
DAD4 1D		      .BYTE  $1D ;
DAD5 12		      .BYTE  $12 ;
DAD6 18		      .BYTE  $18 ;
DAD7 17		      .BYTE  $17 ;
DAD8 30		      .BYTE  $30 ; 0
DAD9 30		      .BYTE  $30 ; 0
DADA 0A		      .BYTE   $A ;
DADB 0B		      .BYTE   $B ;
DADC 18		      .BYTE  $18 ;
DADD 1E		      .BYTE  $1E ;
DADE 1D		      .BYTE  $1D ;
DADF 30		      .BYTE  $30 ; 0
DAE0 1D		      .BYTE  $1D ;
DAE1 11		      .BYTE  $11 ;
DAE2 0E		      .BYTE   $E ;
DAE3 FF		      .BYTE  $FF ;
DAE4 90		      .BYTE  $90 ; 
DAE5 7A		      .BYTE  $7A ; z
DAE6 1C		      .BYTE  $1C ;
DAE7 11		      .BYTE  $11 ;
DAE8 12		      .BYTE  $12 ;
DAE9 19		      .BYTE  $19 ;
DAEA 30		      .BYTE  $30 ; 0
DAEB 0A		      .BYTE   $A ;
DAEC 17		      .BYTE  $17 ;
DAED 0D		      .BYTE   $D ;
DAEE 30		      .BYTE  $30 ; 0
DAEF 1B		      .BYTE  $1B ;
DAF0 18		      .BYTE  $18 ;
DAF1 0B		      .BYTE   $B ;
DAF2 18		      .BYTE  $18 ;
DAF3 1D		      .BYTE  $1D ;
DAF4 1C		      .BYTE  $1C ;
DAF5 30		      .BYTE  $30 ; 0
DAF6 42		      .BYTE  $42 ; B
DAF7 0A		      .BYTE   $A ;
DAF8 22		      .BYTE  $22 ; "
DAF9 30		      .BYTE  $30 ; 0
DAFA 0B		      .BYTE   $B ;
DAFB 0E		      .BYTE   $E ;
DAFC 30		      .BYTE  $30 ; 0
DAFD 18		      .BYTE  $18 ;
DAFE 0B		      .BYTE   $B ;
DAFF 1D		      .BYTE  $1D ;
DB00 0A		      .BYTE   $A ;
DB01 12		      .BYTE  $12 ;
DB02 17		      .BYTE  $17 ;
DB03 0E		      .BYTE   $E ;
DB04 0D		      .BYTE   $D ;
DB05 30		      .BYTE  $30 ; 0
DB06 30		      .BYTE  $30 ; 0
DB07 0B		      .BYTE   $B ;
DB08 22		      .BYTE  $22 ; "
DB09 FF		      .BYTE  $FF ;
DB0A 92		      .BYTE  $92 ; ’
DB0B 7A		      .BYTE  $7A ; z
DB0C 0A		      .BYTE   $A ;
DB0D 0C		      .BYTE   $C ;
DB0E 0C		      .BYTE   $C ;
DB0F 0E		      .BYTE   $E ;
DB10 1C		      .BYTE  $1C ;
DB11 1C		      .BYTE  $1C ;
DB12 12		      .BYTE  $12 ;
DB13 17		      .BYTE  $17 ;
DB14 10		      .BYTE  $10 ;
DB15 30		      .BYTE  $30 ; 0
DB16 1D		      .BYTE  $1D ;
DB17 11		      .BYTE  $11 ;
DB18 0E		      .BYTE   $E ;
DB19 30		      .BYTE  $30 ; 0
DB1A 30		      .BYTE  $30 ; 0
DB1B 1C		      .BYTE  $1C ;
DB1C 11		      .BYTE  $11 ;
DB1D 12		      .BYTE  $12 ;
DB1E 19		      .BYTE  $19 ;
DB1F 2D		      .BYTE  $2D ; -
DB20 1C		      .BYTE  $1C ;
DB21 30		      .BYTE  $30 ; 0
DB22 0C		      .BYTE   $C ;
DB23 18		      .BYTE  $18 ;
DB24 42		      .BYTE  $42 ; B
DB25 19		      .BYTE  $19 ;
DB26 1E		      .BYTE  $1E ;
DB27 1D		      .BYTE  $1D ;
DB28 0E		      .BYTE   $E ;
DB29 1B		      .BYTE  $1B ;
DB2A 30		      .BYTE  $30 ; 0
DB2B 0A		      .BYTE   $A ;
DB2C 1D		      .BYTE  $1D ;
DB2D 30		      .BYTE  $30 ; 0
DB2E 0A		      .BYTE   $A ;
DB2F FF		      .BYTE  $FF ;
DB30 94		      .BYTE  $94 ; ”
DB31 7A		      .BYTE  $7A ; z
DB32 0C		      .BYTE   $C ;
DB33 18		      .BYTE  $18 ;
DB34 17		      .BYTE  $17 ;
DB35 1C		      .BYTE  $1C ;
DB36 18		      .BYTE  $18 ;
DB37 15		      .BYTE  $15 ;
DB38 0E		      .BYTE   $E ;
DB39 28		      .BYTE  $28 ; (
DB3A 30		      .BYTE  $30 ; 0
DB3B 3A		      .BYTE  $3A ; :
DB3C 30		      .BYTE  $30 ; 0
DB3D 1C		      .BYTE  $1C ;
DB3E 42		      .BYTE  $42 ; B
DB3F 0A		      .BYTE   $A ;
DB40 15		      .BYTE  $15 ;
DB41 15		      .BYTE  $15 ;
DB42 2E		      .BYTE  $2E ; .
DB43 1C		      .BYTE  $1C ;
DB44 0C		      .BYTE   $C ;
DB45 0A		      .BYTE   $A ;
DB46 15		      .BYTE  $15 ;
DB47 0E		      .BYTE   $E ;
DB48 30		      .BYTE  $30 ; 0
DB49 19		      .BYTE  $19 ;
DB4A 15		      .BYTE  $15 ;
DB4B 0A		      .BYTE   $A ;
DB4C 17		      .BYTE  $17 ;
DB4D 30		      .BYTE  $30 ; 0
DB4E 18		      .BYTE  $18 ;
DB4F 0F		      .BYTE   $F ;
DB50 30		      .BYTE  $30 ; 0
DB51 1D		      .BYTE  $1D ;
DB52 11		      .BYTE  $11 ;
DB53 0E		      .BYTE   $E ;
DB54 FF		      .BYTE  $FF ;
DB55 96		      .BYTE  $96 ; –
DB56 7A		      .BYTE  $7A ; z
DB57 54		      .BYTE  $54 ; T
DB58 11		      .BYTE  $11 ;
DB59 18		      .BYTE  $18 ;
DB5A 15		      .BYTE  $15 ;
DB5B 0E		      .BYTE   $E ;
DB5C 30		      .BYTE  $30 ; 0
DB5D 0D		      .BYTE   $D ;
DB5E 0E		      .BYTE   $E ;
DB5F 0C		      .BYTE   $C ;
DB60 14		      .BYTE  $14 ;
DB61 30		      .BYTE  $30 ; 0
DB62 30		      .BYTE  $30 ; 0
DB63 12		      .BYTE  $12 ;
DB64 1C		      .BYTE  $1C ;
DB65 30		      .BYTE  $30 ; 0
DB66 0A		      .BYTE   $A ;
DB67 1F		      .BYTE  $1F ;
DB68 0A		      .BYTE   $A ;
DB69 12		      .BYTE  $12 ;
DB6A 15		      .BYTE  $15 ;
DB6B 0A		      .BYTE   $A ;
DB6C 0B		      .BYTE   $B ;
DB6D 15		      .BYTE  $15 ;
DB6E 0E		      .BYTE   $E ;
DB6F 29		      .BYTE  $29 ; )
DB70 30		      .BYTE  $30 ; 0
DB71 0A		      .BYTE   $A ;
DB72 1C		      .BYTE  $1C ;
DB73 30		      .BYTE  $30 ; 0
DB74 30		      .BYTE  $30 ; 0
DB75 54		      .BYTE  $54 ; T
DB76 0E		      .BYTE   $E ;
DB77 15		      .BYTE  $15 ;
DB78 15		      .BYTE  $15 ;
DB79 FF		      .BYTE  $FF ;
DB7A 98		      .BYTE  $98 ; ˜
DB7B 7A		      .BYTE  $7A ; z
DB7C 0A		      .BYTE   $A ;
DB7D 1C		      .BYTE  $1C ;
DB7E 30		      .BYTE  $30 ; 0
DB7F 0A		      .BYTE   $A ;
DB80 30		      .BYTE  $30 ; 0
DB81 1C		      .BYTE  $1C ;
DB82 12		      .BYTE  $12 ;
DB83 0D		      .BYTE   $D ;
DB84 0E		      .BYTE   $E ;
DB85 30		      .BYTE  $30 ; 0
DB86 0E		      .BYTE   $E ;
DB87 15		      .BYTE  $15 ;
DB88 0E		      .BYTE   $E ;
DB89 1F		      .BYTE  $1F ;
DB8A 0A		      .BYTE   $A ;
DB8B 1D		      .BYTE  $1D ;
DB8C 12		      .BYTE  $12 ;
DB8D 18		      .BYTE  $18 ;
DB8E 17		      .BYTE  $17 ;
DB8F 30		      .BYTE  $30 ; 0
DB90 18		      .BYTE  $18 ;
DB91 0F		      .BYTE   $F ;
DB92 30		      .BYTE  $30 ; 0
DB93 1D		      .BYTE  $1D ;
DB94 11		      .BYTE  $11 ;
DB95 0E		      .BYTE   $E ;
DB96 30		      .BYTE  $30 ; 0
DB97 1C		      .BYTE  $1C ;
DB98 11		      .BYTE  $11 ;
DB99 12		      .BYTE  $12 ;
DB9A 19		      .BYTE  $19 ;
DB9B 28		      .BYTE  $28 ; (
DB9C FF		      .BYTE  $FF ;
DB9D 9A		      .BYTE  $9A ; š
DB9E 7B		      .BYTE  $7B ; {
DB9F 4B		      .BYTE  $4B ; K
DBA0 18		      .BYTE  $18 ;
DBA1 0B		      .BYTE   $B ;
DBA2 18		      .BYTE  $18 ;
DBA3 1D		      .BYTE  $1D ;
DBA4 1C		      .BYTE  $1C ;
DBA5 30		      .BYTE  $30 ; 0
DBA6 0A		      .BYTE   $A ;
DBA7 1B		      .BYTE  $1B ;
DBA8 0E		      .BYTE   $E ;
DBA9 30		      .BYTE  $30 ; 0
DBAA 30		      .BYTE  $30 ; 0
DBAB 1B		      .BYTE  $1B ;
DBAC 0E		      .BYTE   $E ;
DBAD 19		      .BYTE  $19 ;
DBAE 1B		      .BYTE  $1B ;
DBAF 0E		      .BYTE   $E ;
DBB0 1C		      .BYTE  $1C ;
DBB1 0E		      .BYTE   $E ;
DBB2 17		      .BYTE  $17 ;
DBB3 1D		      .BYTE  $1D ;
DBB4 0E		      .BYTE   $E ;
DBB5 0D		      .BYTE   $D ;
DBB6 30		      .BYTE  $30 ; 0
DBB7 30		      .BYTE  $30 ; 0
DBB8 18		      .BYTE  $18 ;
DBB9 17		      .BYTE  $17 ;
DBBA 2E		      .BYTE  $2E ; .
DBBB 1C		      .BYTE  $1C ;
DBBC 0C		      .BYTE   $C ;
DBBD 1B		      .BYTE  $1B ;
DBBE 0E		      .BYTE   $E ;
DBBF 0E		      .BYTE   $E ;
DBC0 17		      .BYTE  $17 ;
DBC1 FF		      .BYTE  $FF ;
DBC2 9C		      .BYTE  $9C ; œ
DBC3 7A		      .BYTE  $7A ; z
DBC4 0A		      .BYTE   $A ;
DBC5 1C		      .BYTE  $1C ;
DBC6 30		      .BYTE  $30 ; 0
DBC7 0A		      .BYTE   $A ;
DBC8 30		      .BYTE  $30 ; 0
DBC9 1C		      .BYTE  $1C ;
DBCA 22		      .BYTE  $22 ; "
DBCB 42		      .BYTE  $42 ; B
DBCC 0B		      .BYTE   $B ;
DBCD 18		      .BYTE  $18 ;
DBCE 15		      .BYTE  $15 ;
DBCF 30		      .BYTE  $30 ; 0
DBD0 30		      .BYTE  $30 ; 0
DBD1 1C		      .BYTE  $1C ;
DBD2 11		      .BYTE  $11 ;
DBD3 18		      .BYTE  $18 ;
DBD4 54		      .BYTE  $54 ; T
DBD5 12		      .BYTE  $12 ;
DBD6 17		      .BYTE  $17 ;
DBD7 10		      .BYTE  $10 ;
DBD8 30		      .BYTE  $30 ; 0
DBD9 0A		      .BYTE   $A ;
DBDA 30		      .BYTE  $30 ; 0
DBDB 1D		      .BYTE  $1D ;
DBDC 11		      .BYTE  $11 ;
DBDD 1B		      .BYTE  $1B ;
DBDE 0E		      .BYTE   $E ;
DBDF 0E		      .BYTE   $E ;
DBE0 2E		      .BYTE  $2E ; .
DBE1 0D		      .BYTE   $D ;
DBE2 12		      .BYTE  $12 ;
DBE3 10		      .BYTE  $10 ;
DBE4 12		      .BYTE  $12 ;
DBE5 1D		      .BYTE  $1D ;
DBE6 FF		      .BYTE  $FF ;
DBE7 9E		      .BYTE  $9E ; ž
DBE8 7A		      .BYTE  $7A ; z
DBE9 17		      .BYTE  $17 ;
DBEA 1E		      .BYTE  $1E ;
DBEB 42		      .BYTE  $42 ; B
DBEC 0B		      .BYTE   $B ;
DBED 0E		      .BYTE   $E ;
DBEE 1B		      .BYTE  $1B ;
DBEF 28		      .BYTE  $28 ; (
DBF0 30		      .BYTE  $30 ; 0
DBF1 4D		      .BYTE  $4D ; M
DBF2 11		      .BYTE  $11 ;
DBF3 0E		      .BYTE   $E ;
DBF4 30		      .BYTE  $30 ; 0
DBF5 0F		      .BYTE   $F ;
DBF6 12		      .BYTE  $12 ;
DBF7 1B		      .BYTE  $1B ;
DBF8 1C		      .BYTE  $1C ;
DBF9 1D		      .BYTE  $1D ;
DBFA 30		      .BYTE  $30 ; 0
DBFB 0D		      .BYTE   $D ;
DBFC 12		      .BYTE  $12 ;
DBFD 10		      .BYTE  $10 ;
DBFE 12		      .BYTE  $12 ;
DBFF 1D		      .BYTE  $1D ;
DC00 30	      byte_0_DC00:.BYTE	$30		  ; ReadJoystick+8↑w
DC00						  ; ReadJoystick+B↑r
DC00						  ; ReadFKeys+C↑w ReadFKeys+18↑w
DC00						  ; ReadFKeys+26↑w
DC00						  ; ReadFKeys+38↑w DoCheese+19↑w
DC00						  ; DoCheese+25↑w DbgRdKeys+5↑w
DC00						  ; DoPause+2↑w	DoPause+19↑w
DC00						  ; DoPause+29↑w DoPause+5B↑w
DC00						  ; DoPause+77↑w
DC01 1C	      byte_0_DC01:.BYTE	$1C		  ; ReadFKeys+F↑r ReadFKeys+1B↑r
DC01						  ; ReadFKeys+29↑r
DC01						  ; ReadFKeys+3B↑r DoCheese+1C↑r
DC01						  ; DoCheese+28↑r DbgRdKeys+8↑r
DC01						  ; DoPause+5↑r	DoPause+1C↑r
DC01						  ; DoPause+2C↑r DoPause+5E↑r
DC01						  ; DoPause+7A↑r
DC02 11	      byte_0_DC02:.BYTE	$11		  ; ReadFKeys+2↑w
DC03 18	      byte_0_DC03:.BYTE	$18		  ; ReadFKeys+7↑w
DC04 54		      .BYTE  $54 ; T
DC05 17		      .BYTE  $17 ;
DC06 30		      .BYTE  $30 ; 0
DC07 30		      .BYTE  $30 ; 0
DC08 12		      .BYTE  $12 ;
DC09 1C		      .BYTE  $1C ;
DC0A FF		      .BYTE  $FF ;
DC0B A0		      .BYTE  $A0 ;  
DC0C 7A		      .BYTE  $7A ; z
DC0D 1D	      byte_0_DC0D:.BYTE	$1D		  ; Restart0+49↑w Restart0+4F↑r
DC0E 11		      .BYTE  $11 ;
DC0F 0E		      .BYTE   $E ;
DC10 30		      .BYTE  $30 ; 0
DC11 12		      .BYTE  $12 ;
DC12 42		      .BYTE  $42 ; B
DC13 19		      .BYTE  $19 ;
DC14 18		      .BYTE  $18 ;
DC15 1B		      .BYTE  $1B ;
DC16 1D		      .BYTE  $1D ;
DC17 0A		      .BYTE   $A ;
DC18 17		      .BYTE  $17 ;
DC19 1D		      .BYTE  $1D ;
DC1A 30		      .BYTE  $30 ; 0
DC1B 18		      .BYTE  $18 ;
DC1C 17		      .BYTE  $17 ;
DC1D 0E		      .BYTE   $E ;
DC1E 29		      .BYTE  $29 ; )
DC1F 30		      .BYTE  $30 ; 0
DC20 1D		      .BYTE  $1D ;
DC21 11		      .BYTE  $11 ;
DC22 0E		      .BYTE   $E ;
DC23 30		      .BYTE  $30 ; 0
DC24 0C		      .BYTE   $C ;
DC25 15		      .BYTE  $15 ;
DC26 0A		      .BYTE   $A ;
DC27 1C		      .BYTE  $1C ;
DC28 1C		      .BYTE  $1C ;
DC29 30		      .BYTE  $30 ; 0
DC2A 18		      .BYTE  $18 ;
DC2B 0F		      .BYTE   $F ;
DC2C 30		      .BYTE  $30 ; 0
DC2D 1D		      .BYTE  $1D ;
DC2E 11		      .BYTE  $11 ;
DC2F 0E		      .BYTE   $E ;
DC30 FF		      .BYTE  $FF ;
DC31 A2		      .BYTE  $A2 ; ¢
DC32 7A		      .BYTE  $7A ; z
DC33 1B		      .BYTE  $1B ;
DC34 18		      .BYTE  $18 ;
DC35 0B		      .BYTE   $B ;
DC36 18		      .BYTE  $18 ;
DC37 1D		      .BYTE  $1D ;
DC38 28		      .BYTE  $28 ; (
DC39 30		      .BYTE  $30 ; 0
DC3A 16		      .BYTE  $16 ;
DC3B 1D		      .BYTE  $1D ;
DC3C 30		      .BYTE  $30 ; 0
DC3D 0D		      .BYTE   $D ;
DC3E 0E		      .BYTE   $E ;
DC3F 17		      .BYTE  $17 ;
DC40 18		      .BYTE  $18 ;
DC41 1D		      .BYTE  $1D ;
DC42 0E		      .BYTE   $E ;
DC43 1C		      .BYTE  $1C ;
DC44 30		      .BYTE  $30 ; 0
DC45 1D		      .BYTE  $1D ;
DC46 11		      .BYTE  $11 ;
DC47 0E		      .BYTE   $E ;
DC48 30		      .BYTE  $30 ; 0
DC49 1C		      .BYTE  $1C ;
DC4A 1D		      .BYTE  $1D ;
DC4B 1B		      .BYTE  $1B ;
DC4C 0E		      .BYTE   $E ;
DC4D 17		      .BYTE  $17 ;
DC4E 10		      .BYTE  $10 ;
DC4F 1D		      .BYTE  $1D ;
DC50 11		      .BYTE  $11 ;
DC51 30		      .BYTE  $30 ; 0
DC52 0A		      .BYTE   $A ;
DC53 15		      .BYTE  $15 ;
DC54 1C		      .BYTE  $1C ;
DC55 18		      .BYTE  $18 ;
DC56 28		      .BYTE  $28 ; (
DC57 FF		      .BYTE  $FF ;
DC58 A4		      .BYTE  $A4 ; ¤
DC59 7A		      .BYTE  $7A ; z
DC5A 4D		      .BYTE  $4D ; M
DC5B 18		      .BYTE  $18 ;
DC5C 30		      .BYTE  $30 ; 0
DC5D 0F		      .BYTE   $F ;
DC5E 12		      .BYTE  $12 ;
DC5F 17		      .BYTE  $17 ;
DC60 0D		      .BYTE   $D ;
DC61 30		      .BYTE  $30 ; 0
DC62 18		      .BYTE  $18 ;
DC63 1E		      .BYTE  $1E ;
DC64 1D		      .BYTE  $1D ;
DC65 30		      .BYTE  $30 ; 0
DC66 42		      .BYTE  $42 ; B
DC67 18		      .BYTE  $18 ;
DC68 1B		      .BYTE  $1B ;
DC69 0E		      .BYTE   $E ;
DC6A 30		      .BYTE  $30 ; 0
DC6B 30		      .BYTE  $30 ; 0
DC6C 0A		      .BYTE   $A ;
DC6D 0B		      .BYTE   $B ;
DC6E 18		      .BYTE  $18 ;
DC6F 1E		      .BYTE  $1E ;
DC70 1D		      .BYTE  $1D ;
DC71 30		      .BYTE  $30 ; 0
DC72 0A		      .BYTE   $A ;
DC73 17		      .BYTE  $17 ;
DC74 22		      .BYTE  $22 ; "
DC75 30		      .BYTE  $30 ; 0
DC76 30		      .BYTE  $30 ; 0
DC77 10		      .BYTE  $10 ;
DC78 12		      .BYTE  $12 ;
DC79 1F		      .BYTE  $1F ;
DC7A 0E		      .BYTE   $E ;
DC7B 17		      .BYTE  $17 ;
DC7C FF		      .BYTE  $FF ;
DC7D A6		      .BYTE  $A6 ; ¦
DC7E 7A		      .BYTE  $7A ; z
DC7F 1B		      .BYTE  $1B ;
DC80 18		      .BYTE  $18 ;
DC81 0B		      .BYTE   $B ;
DC82 18		      .BYTE  $18 ;
DC83 1D		      .BYTE  $1D ;
DC84 29		      .BYTE  $29 ; )
DC85 30		      .BYTE  $30 ; 0
DC86 1E		      .BYTE  $1E ;
DC87 1C		      .BYTE  $1C ;
DC88 0E		      .BYTE   $E ;
DC89 30		      .BYTE  $30 ; 0
DC8A 1D		      .BYTE  $1D ;
DC8B 11		      .BYTE  $11 ;
DC8C 0E		      .BYTE   $E ;
DC8D 30		      .BYTE  $30 ; 0
DC8E 1B		      .BYTE  $1B ;
DC8F 18		      .BYTE  $18 ;
DC90 0B		      .BYTE   $B ;
DC91 18		      .BYTE  $18 ;
DC92 1D		      .BYTE  $1D ;
DC93 30		      .BYTE  $30 ; 0
DC94 0E		      .BYTE   $E ;
DC95 17		      .BYTE  $17 ;
DC96 1A		      .BYTE  $1A ;
DC97 1E		      .BYTE  $1E ;
DC98 12		      .BYTE  $12 ;
DC99 1B		      .BYTE  $1B ;
DC9A 22		      .BYTE  $22 ; "
DC9B 30		      .BYTE  $30 ; 0
DC9C 1C		      .BYTE  $1C ;
DC9D 22		      .BYTE  $22 ; "
DC9E 1C		      .BYTE  $1C ;
DC9F 1D		      .BYTE  $1D ;
DCA0 0E		      .BYTE   $E ;
DCA1 42		      .BYTE  $42 ; B
DCA2 FF		      .BYTE  $FF ;
DCA3 A8		      .BYTE  $A8 ; ¨
DCA4 7A		      .BYTE  $7A ; z
DCA5 0A		      .BYTE   $A ;
DCA6 1D		      .BYTE  $1D ;
DCA7 30		      .BYTE  $30 ; 0
DCA8 0A		      .BYTE   $A ;
DCA9 30		      .BYTE  $30 ; 0
DCAA 0C		      .BYTE   $C ;
DCAB 18		      .BYTE  $18 ;
DCAC 17		      .BYTE  $17 ;
DCAD 1C		      .BYTE  $1C ;
DCAE 18		      .BYTE  $18 ;
DCAF 15		      .BYTE  $15 ;
DCB0 0E		      .BYTE   $E ;
DCB1 28		      .BYTE  $28 ; (
DCB2 30		      .BYTE  $30 ; 0
DCB3 48		      .BYTE  $48 ; H
DCB4 17		      .BYTE  $17 ;
DCB5 15		      .BYTE  $15 ;
DCB6 22		      .BYTE  $22 ; "
DCB7 30		      .BYTE  $30 ; 0
DCB8 0D		      .BYTE   $D ;
DCB9 0A		      .BYTE   $A ;
DCBA 1D		      .BYTE  $1D ;
DCBB 0A		      .BYTE   $A ;
DCBC 30		      .BYTE  $30 ; 0
DCBD 0A		      .BYTE   $A ;
DCBE 0B		      .BYTE   $B ;
DCBF 18		      .BYTE  $18 ;
DCC0 1E		      .BYTE  $1E ;
DCC1 1D		      .BYTE  $1D ;
DCC2 30		      .BYTE  $30 ; 0
DCC3 1E		      .BYTE  $1E ;
DCC4 17		      .BYTE  $17 ;
DCC5 12		      .BYTE  $12 ;
DCC6 1D		      .BYTE  $1D ;
DCC7 1C		      .BYTE  $1C ;
DCC8 FF		      .BYTE  $FF ;
DCC9 AA		      .BYTE  $AA ; ª
DCCA 7A		      .BYTE  $7A ; z
DCCB 18		      .BYTE  $18 ;
DCCC 0F		      .BYTE   $F ;
DCCD 30		      .BYTE  $30 ; 0
DCCE 0A		      .BYTE   $A ;
DCCF 30		      .BYTE  $30 ; 0
DCD0 15		      .BYTE  $15 ;
DCD1 18		      .BYTE  $18 ;
DCD2 54		      .BYTE  $54 ; T
DCD3 0E		      .BYTE   $E ;
DCD4 1B		      .BYTE  $1B ;
DCD5 30		      .BYTE  $30 ; 0
DCD6 0C		      .BYTE   $C ;
DCD7 15		      .BYTE  $15 ;
DCD8 0A		      .BYTE   $A ;
DCD9 1C		      .BYTE  $1C ;
DCDA 1C		      .BYTE  $1C ;
DCDB 30		      .BYTE  $30 ; 0
DCDC 30		      .BYTE  $30 ; 0
DCDD 1D		      .BYTE  $1D ;
DCDE 11		      .BYTE  $11 ;
DCDF 0A		      .BYTE   $A ;
DCE0 17		      .BYTE  $17 ;
DCE1 30		      .BYTE  $30 ; 0
DCE2 22		      .BYTE  $22 ; "
DCE3 18		      .BYTE  $18 ;
DCE4 1E		      .BYTE  $1E ;
DCE5 1B		      .BYTE  $1B ;
DCE6 30		      .BYTE  $30 ; 0
DCE7 0C		      .BYTE   $C ;
DCE8 1E		      .BYTE  $1E ;
DCE9 1B		      .BYTE  $1B ;
DCEA 1B		      .BYTE  $1B ;
DCEB 0E		      .BYTE   $E ;
DCEC 17		      .BYTE  $17 ;
DCED 1D		      .BYTE  $1D ;
DCEE FF		      .BYTE  $FF ;
DCEF AC		      .BYTE  $AC ; ¬
DCF0 7A		      .BYTE  $7A ; z
DCF1 11		      .BYTE  $11 ;
DCF2 18		      .BYTE  $18 ;
DCF3 1C		      .BYTE  $1C ;
DCF4 1D		      .BYTE  $1D ;
DCF5 30		      .BYTE  $30 ; 0
DCF6 12		      .BYTE  $12 ;
DCF7 1C		      .BYTE  $1C ;
DCF8 30		      .BYTE  $30 ; 0
DCF9 0A		      .BYTE   $A ;
DCFA 1F		      .BYTE  $1F ;
DCFB 0A		      .BYTE   $A ;
DCFC 12		      .BYTE  $12 ;
DCFD 15		      .BYTE  $15 ;
DCFE 0A		      .BYTE   $A ;
DCFF 0B		      .BYTE   $B ;
DD00 15	      byte_0_DD00:.BYTE	$15		  ; Restart0+D↑r Restart0+14↑w
DD01 0E		      .BYTE   $E ;
DD02 29	      byte_0_DD02:.BYTE	$29		  ; Restart0+5↑r Restart0+A↑w
DD03 30		      .BYTE  $30 ; 0
DD04 1C		      .BYTE  $1C ;
DD05 12		      .BYTE  $12 ;
DD06 17		      .BYTE  $17 ;
DD07 0C		      .BYTE   $C ;
DD08 0E		      .BYTE   $E ;
DD09 30		      .BYTE  $30 ; 0
DD0A 30		      .BYTE  $30 ; 0
DD0B 12		      .BYTE  $12 ;
DD0C 1D		      .BYTE  $1D ;
DD0D 30	      byte_0_DD0D:.BYTE	$30		  ; Restart0+4C↑w Restart0+52↑r
DD0E 12		      .BYTE  $12 ;
DD0F 1C		      .BYTE  $1C ;
DD10 30		      .BYTE  $30 ; 0
DD11 30		      .BYTE  $30 ; 0
DD12 1D		      .BYTE  $1D ;
DD13 11		      .BYTE  $11 ;
DD14 0E		      .BYTE   $E ;
DD15 FF		      .BYTE  $FF ;
DD16 AE		      .BYTE  $AE ; ®
DD17 7A		      .BYTE  $7A ; z
DD18 11		      .BYTE  $11 ;
DD19 18		      .BYTE  $18 ;
DD1A 1C		      .BYTE  $1C ;
DD1B 1D		      .BYTE  $1D ;
DD1C 2D		      .BYTE  $2D ; -
DD1D 1C		      .BYTE  $1C ;
DD1E 30		      .BYTE  $30 ; 0
DD1F 1C		      .BYTE  $1C ;
DD20 0E		      .BYTE   $E ;
DD21 0C		      .BYTE   $C ;
DD22 1E		      .BYTE  $1E ;
DD23 1B		      .BYTE  $1B ;
DD24 12		      .BYTE  $12 ;
DD25 1D		      .BYTE  $1D ;
DD26 22		      .BYTE  $22 ; "
DD27 30		      .BYTE  $30 ; 0
DD28 0C		      .BYTE   $C ;
DD29 15		      .BYTE  $15 ;
DD2A 0E		      .BYTE   $E ;
DD2B 0A		      .BYTE   $A ;
DD2C 1B		      .BYTE  $1B ;
DD2D 0A		      .BYTE   $A ;
DD2E 17		      .BYTE  $17 ;
DD2F 0C		      .BYTE   $C ;
DD30 0E		      .BYTE   $E ;
DD31 30		      .BYTE  $30 ; 0
DD32 30		      .BYTE  $30 ; 0
DD33 54		      .BYTE  $54 ; T
DD34 11		      .BYTE  $11 ;
DD35 12		      .BYTE  $12 ;
DD36 0C		      .BYTE   $C ;
DD37 11		      .BYTE  $11 ;
DD38 30		      .BYTE  $30 ; 0
DD39 12		      .BYTE  $12 ;
DD3A 1C		      .BYTE  $1C ;
DD3B FF		      .BYTE  $FF ;
DD3C B0		      .BYTE  $B0 ; °
DD3D 7A		      .BYTE  $7A ; z
DD3E 1E		      .BYTE  $1E ;
DD3F 1C		      .BYTE  $1C ;
DD40 0E		      .BYTE   $E ;
DD41 0D		      .BYTE   $D ;
DD42 30		      .BYTE  $30 ; 0
DD43 1D		      .BYTE  $1D ;
DD44 18		      .BYTE  $18 ;
DD45 30		      .BYTE  $30 ; 0
DD46 0A		      .BYTE   $A ;
DD47 0C		      .BYTE   $C ;
DD48 0C		      .BYTE   $C ;
DD49 0E		      .BYTE   $E ;
DD4A 1C		      .BYTE  $1C ;
DD4B 1C		      .BYTE  $1C ;
DD4C 30		      .BYTE  $30 ; 0
DD4D 1D		      .BYTE  $1D ;
DD4E 11		      .BYTE  $11 ;
DD4F 0E		      .BYTE   $E ;
DD50 30		      .BYTE  $30 ; 0
DD51 0C		      .BYTE   $C ;
DD52 18		      .BYTE  $18 ;
DD53 17		      .BYTE  $17 ;
DD54 1C		      .BYTE  $1C ;
DD55 18		      .BYTE  $18 ;
DD56 15		      .BYTE  $15 ;
DD57 0E		      .BYTE   $E ;
DD58 28		      .BYTE  $28 ; (
DD59 FF		      .BYTE  $FF ;
DD5A B8		      .BYTE  $B8 ; ¸
DD5B 82		      .BYTE  $82 ; ‚
DD5C 49		      .BYTE  $49 ; I
DD5D 1B		      .BYTE  $1B ;
DD5E 0E		      .BYTE   $E ;
DD5F 1C		      .BYTE  $1C ;
DD60 1C		      .BYTE  $1C ;
DD61 30		      .BYTE  $30 ; 0
DD62 0F		      .BYTE   $F ;
DD63 12		      .BYTE  $12 ;
DD64 1B		      .BYTE  $1B ;
DD65 0E		      .BYTE   $E ;
DD66 30		      .BYTE  $30 ; 0
DD67 1D		      .BYTE  $1D ;
DD68 18		      .BYTE  $18 ;
DD69 30		      .BYTE  $30 ; 0
DD6A 19		      .BYTE  $19 ;
DD6B 15		      .BYTE  $15 ;
DD6C 0A		      .BYTE   $A ;
DD6D 22		      .BYTE  $22 ; "
DD6E FF		      .BYTE  $FF ;
DD6F 82		      .BYTE  $82 ; ‚
DD70 AD		      .BYTE  $AD ; ­
DD71 4D		      .BYTE  $4D ; M
DD72 18		      .BYTE  $18 ;
DD73 19		      .BYTE  $19 ;
DD74 30		      .BYTE  $30 ; 0
DD75 1C		      .BYTE  $1C ;
DD76 0C		      .BYTE   $C ;
DD77 18		      .BYTE  $18 ;
DD78 1B		      .BYTE  $1B ;
DD79 0E		      .BYTE   $E ;
DD7A 30		      .BYTE  $30 ; 0
DD7B 18		      .BYTE  $18 ;
DD7C 0F		      .BYTE   $F ;
DD7D 30		      .BYTE  $30 ; 0
DD7E 1D		      .BYTE  $1D ;
DD7F 11		      .BYTE  $11 ;
DD80 0E		      .BYTE   $E ;
DD81 30		      .BYTE  $30 ; 0
DD82 0D		      .BYTE   $D ;
DD83 0A		      .BYTE   $A ;
DD84 22		      .BYTE  $22 ; "
DD85 2A		      .BYTE  $2A ; *
DD86 FF		      .BYTE  $FF ;
DD87 85		      .BYTE  $85 ; …
DD88 AF		      .BYTE  $AF ; ¯
DD89 30		      .BYTE  $30 ; 0
DD8A 30		      .BYTE  $30 ; 0
DD8B 30		      .BYTE  $30 ; 0
DD8C 30		      .BYTE  $30 ; 0
DD8D 06		      .BYTE    6 ;
DD8E 08		      .BYTE    8 ;
DD8F 00		      .BYTE    0 ;
DD90 09		      .BYTE    9 ;
DD91 30		      .BYTE  $30 ; 0
DD92 2E		      .BYTE  $2E ; .
DD93 30		      .BYTE  $30 ; 0
DD94 3A		      .BYTE  $3A ; :
DD95 3E		      .BYTE  $3E ; >
DD96 3B		      .BYTE  $3B ; ;
DD97 FF		      .BYTE  $FF ;
DD98 8A		      .BYTE  $8A ; Š
DD99 AC		      .BYTE  $AC ; ¬
DD9A 50		      .BYTE  $50 ; P
DD9B 18		      .BYTE  $18 ;
DD9C 1B		      .BYTE  $1B ;
DD9D 1C		      .BYTE  $1C ;
DD9E 1D		      .BYTE  $1D ;
DD9F 30		      .BYTE  $30 ; 0
DDA0 1C		      .BYTE  $1C ;
DDA1 0C		      .BYTE   $C ;
DDA2 18		      .BYTE  $18 ;
DDA3 1B		      .BYTE  $1B ;
DDA4 0E		      .BYTE   $E ;
DDA5 30		      .BYTE  $30 ; 0
DDA6 18		      .BYTE  $18 ;
DDA7 0F		      .BYTE   $F ;
DDA8 30		      .BYTE  $30 ; 0
DDA9 1D		      .BYTE  $1D ;
DDAA 11		      .BYTE  $11 ;
DDAB 0E		      .BYTE   $E ;
DDAC 30		      .BYTE  $30 ; 0
DDAD 0D		      .BYTE   $D ;
DDAE 0A		      .BYTE   $A ;
DDAF 22		      .BYTE  $22 ; "
DDB0 2A		      .BYTE  $2A ; *
DDB1 FF		      .BYTE  $FF ;
DDB2 8D		      .BYTE  $8D ; 
DDB3 AF		      .BYTE  $AF ; ¯
DDB4 30		      .BYTE  $30 ; 0
DDB5 30		      .BYTE  $30 ; 0
DDB6 30		      .BYTE  $30 ; 0
DDB7 30		      .BYTE  $30 ; 0
DDB8 06		      .BYTE    6 ;
DDB9 05		      .BYTE    5 ;
DDBA 00		      .BYTE    0 ;
DDBB 02		      .BYTE    2 ;
DDBC 30		      .BYTE  $30 ; 0
DDBD 2E		      .BYTE  $2E ; .
DDBE 30		      .BYTE  $30 ; 0
DDBF 3B		      .BYTE  $3B ; ;
DDC0 3A		      .BYTE  $3A ; :
DDC1 3D		      .BYTE  $3D ; =
DDC2 FF		      .BYTE  $FF ;
DDC3 96		      .BYTE  $96 ; –
DDC4 AA		      .BYTE  $AA ; ª
DDC5 4D		      .BYTE  $4D ; M
DDC6 18		      .BYTE  $18 ;
DDC7 30		      .BYTE  $30 ; 0
DDC8 19		      .BYTE  $19 ;
DDC9 0A		      .BYTE   $A ;
DDCA 1E		      .BYTE  $1E ;
DDCB 1C		      .BYTE  $1C ;
DDCC 0E		      .BYTE   $E ;
DDCD 2A		      .BYTE  $2A ; *
DDCE 30		      .BYTE  $30 ; 0
DDCF 19		      .BYTE  $19 ;
DDD0 1B		      .BYTE  $1B ;
DDD1 0E		      .BYTE   $E ;
DDD2 1C		      .BYTE  $1C ;
DDD3 1C		      .BYTE  $1C ;
DDD4 30		      .BYTE  $30 ; 0
DDD5 1B		      .BYTE  $1B ;
DDD6 1E		      .BYTE  $1E ;
DDD7 17		      .BYTE  $17 ;
DDD8 2E		      .BYTE  $2E ; .
DDD9 1C		      .BYTE  $1C ;
DDDA 1D		      .BYTE  $1D ;
DDDB 18		      .BYTE  $18 ;
DDDC 19		      .BYTE  $19 ;
DDDD 28		      .BYTE  $28 ; (
DDDE FF		      .BYTE  $FF ;
DDDF 9A		      .BYTE  $9A ; š
DDE0 AC		      .BYTE  $AC ; ¬
DDE1 3F		      .BYTE  $3F ; ?
DDE2 1B		      .BYTE  $1B ;
DDE3 18		      .BYTE  $18 ;
DDE4 42		      .BYTE  $42 ; B
DDE5 30		      .BYTE  $30 ; 0
DDE6 19		      .BYTE  $19 ;
DDE7 0A		      .BYTE   $A ;
DDE8 1E		      .BYTE  $1E ;
DDE9 1C		      .BYTE  $1C ;
DDEA 0E		      .BYTE   $E ;
DDEB 30		      .BYTE  $30 ; 0
DDEC 42		      .BYTE  $42 ; B
DDED 18		      .BYTE  $18 ;
DDEE 0D		      .BYTE   $D ;
DDEF 0E		      .BYTE   $E ;
DDF0 30		      .BYTE  $30 ; 0
DDF1 18		      .BYTE  $18 ;
DDF2 17		      .BYTE  $17 ;
DDF3 15		      .BYTE  $15 ;
DDF4 22		      .BYTE  $22 ; "
DDF5 2A		      .BYTE  $2A ; *
DDF6 FF		      .BYTE  $FF ;
DDF7 9E		      .BYTE  $9E ; ž
DDF8 AE		      .BYTE  $AE ; ®
DDF9 0F		      .BYTE   $F ;
DDFA 12		      .BYTE  $12 ;
DDFB 1B		      .BYTE  $1B ;
DDFC 0E		      .BYTE   $E ;
DDFD 30		      .BYTE  $30 ; 0
DDFE 30		      .BYTE  $30 ; 0
DDFF 30		      .BYTE  $30 ; 0
DE00 30		      .BYTE  $30 ; 0
DE01 30		      .BYTE  $30 ; 0
DE02 30		      .BYTE  $30 ; 0
DE03 2E		      .BYTE  $2E ; .
DE04 30		      .BYTE  $30 ; 0
DE05 1B		      .BYTE  $1B ;
DE06 0E		      .BYTE   $E ;
DE07 1C		      .BYTE  $1C ;
DE08 1D		      .BYTE  $1D ;
DE09 0A		      .BYTE   $A ;
DE0A 1B		      .BYTE  $1B ;
DE0B 1D		      .BYTE  $1D ;
DE0C 1C		      .BYTE  $1C ;
DE0D 29		      .BYTE  $29 ; )
DE0E FF		      .BYTE  $FF ;
DE0F A0		      .BYTE  $A0 ;  
DE10 AE		      .BYTE  $AE ; ®
DE11 1B		      .BYTE  $1B ;
DE12 1E		      .BYTE  $1E ;
DE13 17		      .BYTE  $17 ;
DE14 2E		      .BYTE  $2E ; .
DE15 1C		      .BYTE  $1C ;
DE16 1D		      .BYTE  $1D ;
DE17 18		      .BYTE  $18 ;
DE18 19		      .BYTE  $19 ;
DE19 30		      .BYTE  $30 ; 0
DE1A 30		      .BYTE  $30 ; 0
DE1B 2E		      .BYTE  $2E ; .
DE1C 30		      .BYTE  $30 ; 0
DE1D 1B		      .BYTE  $1B ;
DE1E 0E		      .BYTE   $E ;
DE1F 1C		      .BYTE  $1C ;
DE20 1D		      .BYTE  $1D ;
DE21 0A		      .BYTE   $A ;
DE22 1B		      .BYTE  $1B ;
DE23 1D		      .BYTE  $1D ;
DE24 1C		      .BYTE  $1C ;
DE25 29		      .BYTE  $29 ; )
DE26 FF		      .BYTE  $FF ;
DE27 A2		      .BYTE  $A2 ; ¢
DE28 AE		      .BYTE  $AE ; ®
DE29 0C		      .BYTE   $C ;
DE2A 15		      .BYTE  $15 ;
DE2B 1B		      .BYTE  $1B ;
DE2C 2E		      .BYTE  $2E ; .
DE2D 11		      .BYTE  $11 ;
DE2E 18		      .BYTE  $18 ;
DE2F 42		      .BYTE  $42 ; B
DE30 0E		      .BYTE   $E ;
DE31 30		      .BYTE  $30 ; 0
DE32 2E		      .BYTE  $2E ; .
DE33 30		      .BYTE  $30 ; 0
DE34 1A		      .BYTE  $1A ;
DE35 1E		      .BYTE  $1E ;
DE36 12		      .BYTE  $12 ;
DE37 1D		      .BYTE  $1D ;
DE38 1C		      .BYTE  $1C ;
DE39 30		      .BYTE  $30 ; 0
DE3A 10		      .BYTE  $10 ;
DE3B 0A		      .BYTE   $A ;
DE3C 42		      .BYTE  $42 ; B
DE3D 0E		      .BYTE   $E ;
DE3E 29		      .BYTE  $29 ; )
DE3F FF		      .BYTE  $FF ;
DE40 A4		      .BYTE  $A4 ; ¤
DE41 AE		      .BYTE  $AE ; ®
DE42 0F		      .BYTE   $F ;
DE43 07		      .BYTE    7 ;
DE44 30		      .BYTE  $30 ; 0
DE45 30		      .BYTE  $30 ; 0
DE46 30		      .BYTE  $30 ; 0
DE47 30		      .BYTE  $30 ; 0
DE48 30		      .BYTE  $30 ; 0
DE49 30		      .BYTE  $30 ; 0
DE4A 30		      .BYTE  $30 ; 0
DE4B 30		      .BYTE  $30 ; 0
DE4C 2E		      .BYTE  $2E ; .
DE4D 30		      .BYTE  $30 ; 0
DE4E 0C		      .BYTE   $C ;
DE4F 11		      .BYTE  $11 ;
DE50 0E		      .BYTE   $E ;
DE51 0E		      .BYTE   $E ;
DE52 1C		      .BYTE  $1C ;
DE53 0E		      .BYTE   $E ;
DE54 29		      .BYTE  $29 ; )
DE55 FF		      .BYTE  $FF ;
DE56 A6		      .BYTE  $A6 ; ¦
DE57 AE		      .BYTE  $AE ; ®
DE58 0F		      .BYTE   $F ;
DE59 08		      .BYTE    8 ;
DE5A 30		      .BYTE  $30 ; 0
DE5B 30		      .BYTE  $30 ; 0
DE5C 30		      .BYTE  $30 ; 0
DE5D 30		      .BYTE  $30 ; 0
DE5E 30		      .BYTE  $30 ; 0
DE5F 30		      .BYTE  $30 ; 0
DE60 30		      .BYTE  $30 ; 0
DE61 30		      .BYTE  $30 ; 0
DE62 2E		      .BYTE  $2E ; .
DE63 30		      .BYTE  $30 ; 0
DE64 19		      .BYTE  $19 ;
DE65 0A		      .BYTE   $A ;
DE66 1E		      .BYTE  $1E ;
DE67 1C		      .BYTE  $1C ;
DE68 0E		      .BYTE   $E ;
DE69 28		      .BYTE  $28 ; (
DE6A FF		      .BYTE  $FF ;
DE6B B9		      .BYTE  $B9 ; ¹
DE6C AD		      .BYTE  $AD ; ­
DE6D 49		      .BYTE  $49 ; I
DE6E 1B		      .BYTE  $1B ;
DE6F 0E		      .BYTE   $E ;
DE70 1C		      .BYTE  $1C ;
DE71 1C		      .BYTE  $1C ;
DE72 30		      .BYTE  $30 ; 0
DE73 0F		      .BYTE   $F ;
DE74 12		      .BYTE  $12 ;
DE75 1B		      .BYTE  $1B ;
DE76 0E		      .BYTE   $E ;
DE77 30		      .BYTE  $30 ; 0
DE78 1D		      .BYTE  $1D ;
DE79 18		      .BYTE  $18 ;
DE7A 30		      .BYTE  $30 ; 0
DE7B 19		      .BYTE  $19 ;
DE7C 15		      .BYTE  $15 ;
DE7D 0A		      .BYTE   $A ;
DE7E 22		      .BYTE  $22 ; "
DE7F FF		      .BYTE  $FF ;
DE80 AE		      .BYTE  $AE ; ®
DE81 AB		      .BYTE  $AB ; «
DE82 49		      .BYTE  $49 ; I
DE83 0A		      .BYTE   $A ;
DE84 1B		      .BYTE  $1B ;
DE85 0A		      .BYTE   $A ;
DE86 0D		      .BYTE   $D ;
DE87 1B		      .BYTE  $1B ;
DE88 18		      .BYTE  $18 ;
DE89 12		      .BYTE  $12 ;
DE8A 0D		      .BYTE   $D ;
DE8B 30		      .BYTE  $30 ; 0
DE8C 19		      .BYTE  $19 ;
DE8D 1B		      .BYTE  $1B ;
DE8E 18		      .BYTE  $18 ;
DE8F 10		      .BYTE  $10 ;
DE90 1B		      .BYTE  $1B ;
DE91 0A		      .BYTE   $A ;
DE92 42		      .BYTE  $42 ; B
DE93 42		      .BYTE  $42 ; B
DE94 0E		      .BYTE   $E ;
DE95 0D		      .BYTE   $D ;
DE96 30		      .BYTE  $30 ; 0
DE97 0B		      .BYTE   $B ;
DE98 22		      .BYTE  $22 ; "
DE99 FF		      .BYTE  $FF ;
DE9A B0		      .BYTE  $B0 ; °
DE9B AE		      .BYTE  $AE ; ®
DE9C 3A		      .BYTE  $3A ; :
DE9D 17		      .BYTE  $17 ;
DE9E 0D		      .BYTE   $D ;
DE9F 1B		      .BYTE  $1B ;
DEA0 0E		      .BYTE   $E ;
DEA1 54		      .BYTE  $54 ; T
DEA2 30		      .BYTE  $30 ; 0
DEA3 3B		      .BYTE  $3B ; ;
DEA4 1B		      .BYTE  $1B ;
DEA5 0A		      .BYTE   $A ;
DEA6 22		      .BYTE  $22 ; "
DEA7 0B		      .BYTE   $B ;
DEA8 1B		      .BYTE  $1B ;
DEA9 18		      .BYTE  $18 ;
DEAA 18		      .BYTE  $18 ;
DEAB 14		      .BYTE  $14 ;
DEAC 28		      .BYTE  $28 ; (
DEAD FF		      .BYTE  $FF ;
DEAE B2		      .BYTE  $B2 ; ²
DEAF B0		      .BYTE  $B0 ; °
DEB0 4C		      .BYTE  $4C ; L
DEB1 18		      .BYTE  $18 ;
DEB2 1E		      .BYTE  $1E ;
DEB3 17		      .BYTE  $17 ;
DEB4 0D		      .BYTE   $D ;
DEB5 30		      .BYTE  $30 ; 0
DEB6 0A		      .BYTE   $A ;
DEB7 0D		      .BYTE   $D ;
DEB8 1F		      .BYTE  $1F ;
DEB9 12		      .BYTE  $12 ;
DEBA 0C		      .BYTE   $C ;
DEBB 0E		      .BYTE   $E ;
DEBC 30		      .BYTE  $30 ; 0
DEBD 0B		      .BYTE   $B ;
DEBE 22		      .BYTE  $22 ; "
DEBF FF		      .BYTE  $FF ;
DEC0 B4		      .BYTE  $B4 ; ´
DEC1 B0		      .BYTE  $B0 ; °
DEC2 4C		      .BYTE  $4C ; L
DEC3 1D		      .BYTE  $1D ;
DEC4 0E		      .BYTE   $E ;
DEC5 1F		      .BYTE  $1F ;
DEC6 0E		      .BYTE   $E ;
DEC7 30		      .BYTE  $30 ; 0
DEC8 4D		      .BYTE  $4D ; M
DEC9 1E		      .BYTE  $1E ;
DECA 1B		      .BYTE  $1B ;
DECB 17		      .BYTE  $17 ;
DECC 0E		      .BYTE   $E ;
DECD 1B		      .BYTE  $1B ;
DECE 28		      .BYTE  $28 ; (
DECF FF		      .BYTE  $FF ;
DED0 80		      .BYTE  $80 ; €
DED1 00		      .BYTE    0 ;
DED2 FF		      .BYTE  $FF ;
DED3 00	00 00+	      .BYTE 0, 0, 0, 0,	0, 0, 0, 0, 0, 0, 0, 0,	0, 0, 0, 0, 0, 0, 0, 0,	0, 0, 0, 0, 0, 0, 0, 0
DED3 00	00 00+	      .BYTE 0, 0, 0, 0,	0, 0, 0, 0, 0, 0, 0, 0,	0, 0, 0, 0, 0, 0, 0, 0,	0, 0, 0, 0, 0, 0, 0, 0
DED3 00	00 00+	      .BYTE 0, 0, 0, 0,	0, 0, 0, 0, 0, 0, 0, 0,	0, 0, 0, 0, 0, 0, 0, 0,	0, 0, 0, 0, 0, 0, 0, 0
DED3 00	00 00+	      .BYTE 0, 0, 0, 0,	0, 0, 0, 0, 0, 0, 0, 0,	0, 0, 0, 0, 0, 0, 0, 0,	0, 0, 0, 0, 0, 0, 0, 0
DED3 00	00 00+	      .BYTE 0, 0, 0, 0,	0, 0, 0, 0, 0, 0, 0, 0,	0, 0, 0, 0, 0, 0, 0, 0,	0, 0, 0, 0, 0, 0, 0, 0
DED3 00	00 00+	      .BYTE 0, 0, 0, 0,	0, 0, 0, 0, 0, 0, 0, 0,	0, 0, 0, 0, 0, 0, 0, 0,	0, 0, 0, 0, 0, 0, 0, 0
DED3 00	00 00+	      .BYTE 0, 0, 0, 0,	0, 0, 0, 0, 0, 0, 0, 0,	0, 0, 0, 0, 0, 0, 0, 0,	0, 0, 0, 0, 0, 0, 0, 0
DED3 00	00 00+	      .BYTE 0, 0, 0, 0,	0, 0, 0, 0, 0, 0, 0, 0,	0, 0, 0, 0, 0, 0, 0, 0,	0, 0, 0, 0, 0, 0, 0, 0
DED3 00	00 00+	      .BYTE 0, 0, 0, 0,	0, 0, 0, 0, 0, 0, 0, 0,	0, 0, 0, 0, 0, 0, 0, 0,	0, 0, 0, 0, 0, 0, 0, 0
DED3 00	00 00+	      .BYTE 0, 0, 0, 0,	0, 0, 0, 0, 0, 0, 0, 0,	0, 0, 0, 0, 0, 0, 0, 0,	0, 0, 0, 0, 0, 0, 0, 0
DED3 00	00 00+	      .BYTE 0, 0, 0, 0,	0, 0, 0, 0, 0, 0, 0, 0,	0, 0, 0, 0, 0, 0, 0, 0,	0
E000 00	10	      .WORD $1000
E002 00	10	      .WORD $1000
E004 C3	C2 CD+	      .BYTE $C3, $C2, $CD, $38,	$30, 0,	0, 0, 0, 0, 0, 0
E010	      ;	---------------	S U B R	O U T I	N E ---------------------------------------
E010	      j_SubGameSelectSide:		  ; Capture+26↑p
E010 4C	16 E0	      JMP     SubGameSelectSide
E010	      ;	End of function	j_SubGameSelectSide
E013	      ;	---------------	S U B R	O U T I	N E ---------------------------------------
E013	      ;	Attributes: thunk
E013	      j_DoHighScore:			  ; EndGame+87↑p
E013 4C	E5 E4	      JMP     DoHighScore
E013	      ;	End of function	j_DoHighScore
E016	      ;	---------------	S U B R	O U T I	N E ---------------------------------------
E016	      SubGameSelectSide:		  ; j_SubGameSelectSide↑j
E016 A9	F2	      LDA     #$F2
E018 85	2C	      STA     Irq1bgColor
E01A A9	F0	      LDA     #$F0
E01C 8D	23 D0	      STA     byte_0_D022+1
E01F A2	40	      LDX     #$40		  ; 4940
E021 A0	49	      LDY     #$49
E023 86	1C	      STX     dest
E025 84	1D	      STY     dest+1
E027 A9	00	      LDA     #0		  ; clear one line
E029 A0	27	      LDY     #39
E02B	      _1:				  ; SubGameSelectSide+18↓j
E02B 91	1C	      STA     (dest),Y
E02D 88		      DEY
E02E 10	FB	      BPL     _1
E030 18		      CLC
E031 A5	1C	      LDA     dest
E033 69	28	      ADC     #40
E035 85	1C	      STA     dest
E037 90	02	      BCC     _2
E039 E6	1D	      INC     dest+1
E03B	      _2:				  ; SubGameSelectSide+21↑j
E03B A0	77	      LDY     #119		  ; copy three lines
E03D	      _3:				  ; SubGameSelectSide+2D↓j
E03D B9	13 E6	      LDA     SubGameTopLines_dat,Y
E040 91	1C	      STA     (dest),Y
E042 88		      DEY
E043 10	F8	      BPL     _3
E045 18		      CLC
E046 A5	1C	      LDA     dest
E048 69	78	      ADC     #120
E04A 85	1C	      STA     dest
E04C 90	02	      BCC     _4
E04E E6	1D	      INC     dest+1
E050	      _4:				  ; SubGameSelectSide+36↑j
E050 A9	0C	      LDA     #12		  ; copy 12 lines
E052 85	20	      STA     tmp2
E054	      _5:				  ; SubGameSelectSide+55↓j
E054 A0	27	      LDY     #39		  ; copy one line
E056	      _6:				  ; SubGameSelectSide+46↓j
E056 B9	8B E6	      LDA     SubGameLine_dat,Y
E059 91	1C	      STA     (dest),Y
E05B 88		      DEY
E05C 10	F8	      BPL     _6
E05E 18		      CLC
E05F A5	1C	      LDA     dest
E061 69	28	      ADC     #40
E063 85	1C	      STA     dest
E065 90	02	      BCC     _7
E067 E6	1D	      INC     dest+1
E069	      _7:				  ; SubGameSelectSide+4F↑j
E069 C6	20	      DEC     tmp2
E06B D0	E7	      BNE     _5
E06D A0	27	      LDY     #39		  ; one	more line
E06F	      _8:				  ; SubGameSelectSide+5F↓j
E06F B9	B3 E6	      LDA     SubGameBottomLine_dat,Y
E072 91	1C	      STA     (dest),Y
E074 88		      DEY
E075 10	F8	      BPL     _8
E077 A9	FF	      LDA     #$FF		  ; yellow
E079 85	7F	      STA     xfer_PlyColor
E07B A9	FC	      LDA     #$FC		  ; purple
E07D 85	87	      STA     xfer_CpuColor
E07F A2	68	      LDX     #$68		  ; d968
E081 A0	D9	      LDY     #$D9
E083 86	1C	      STX     dest
E085 84	1D	      STY     dest+1
E087 A9	F8	      LDA     #$F8
E089 A2	10	      LDX     #16
E08B 20	52 0A	      JSR     FillCRAM
E08E A2	68	      LDX     #$68		  ; d968
E090 A0	D9	      LDY     #$D9
E092 86	1C	      STX     dest
E094 84	1D	      STY     dest+1
E096 A9	10	      LDA     #16		  ; 16 lines
E098 85	20	      STA     tmp2
E09A	      _9:				  ; SubGameSelectSide+B7↓j
E09A A5	7F	      LDA     xfer_PlyColor
E09C A0	03	      LDY     #3		  ; left vbar
E09E 91	1C	      STA     (dest),Y
E0A0 A0	12	      LDY     #18		  ; central bar	left
E0A2 91	1C	      STA     (dest),Y
E0A4 A0	15	      LDY     #21		  ; central bar	right
E0A6 A5	87	      LDA     xfer_CpuColor
E0A8 91	1C	      STA     (dest),Y
E0AA A0	24	      LDY     #36		  ; right vbar
E0AC 91	1C	      STA     (dest),Y
E0AE A6	7F	      LDX     xfer_PlyColor
E0B0 A5	20	      LDA     tmp2		  ; alternating	color for result
E0B2 29	01	      AND     #1
E0B4 D0	02	      BNE     _10
E0B6 A6	87	      LDX     xfer_CpuColor
E0B8	      _10:				  ; SubGameSelectSide+9E↑j
E0B8 8A		      TXA
E0B9 A0	13	      LDY     #19
E0BB 91	1C	      STA     (dest),Y
E0BD C8		      INY
E0BE 91	1C	      STA     (dest),Y
E0C0 18		      CLC
E0C1 A5	1C	      LDA     dest
E0C3 69	28	      ADC     #40
E0C5 85	1C	      STA     dest
E0C7 90	02	      BCC     _11
E0C9 E6	1D	      INC     dest+1
E0CB	      _11:				  ; SubGameSelectSide+B1↑j
E0CB C6	20	      DEC     tmp2
E0CD D0	CB	      BNE     _9
E0CF A2	EA	      LDX     #$EA		  ; 49ea
E0D1 A0	49	      LDY     #$49
E0D3 86	1C	      STX     dest
E0D5 84	1D	      STY     dest+1
E0D7 20	E2 E3	      JSR     GetCRAMptr
E0DA A9	0C	      LDA     #12		  ; 12 lines
E0DC 85	20	      STA     tmp2
E0DE A9	FD	      LDA     #$FD		  ; left pulser
E0E0 85	82	      STA     xfer_PlyPulserChar
E0E2 A9	F3	      LDA     #$F3		  ; right pulser
E0E4 85	7D	      STA     xfer_CpuPulserChar
E0E6 A9	F1	      LDA     #$F1
E0E8 85	8C	      STA     xfer_PlyWireChar
E0EA A9	F2	      LDA     #$F2
E0EC 85	8D	      STA     xfer_CpuWireChar
E0EE A2	01	      LDX     #1
E0F0 A0	00	      LDY     #0
E0F2 86	7A	      STX     xfer_DeltaX
E0F4 84	7B	      STY     xfer_DeltaX+1
E0F6	      _12:				  ; SubGameSelectSide+10B↓j
E0F6 A0	00	      LDY     #0
E0F8 20	22 E2	      JSR     xfer_PutRandom
E0FB A0	04	      LDY     #4
E0FD 20	22 E2	      JSR     xfer_PutRandom
E100 20	13 E4	      JSR     xfer_SwitchSides
E103 A0	13	      LDY     #19
E105 20	22 E2	      JSR     xfer_PutRandom
E108 A0	0F	      LDY     #15
E10A 20	22 E2	      JSR     xfer_PutRandom
E10D 20	13 E4	      JSR     xfer_SwitchSides
E110 A5	1C	      LDA     dest
E112 18		      CLC
E113 69	28	      ADC     #40
E115 85	1C	      STA     dest
E117 85	1E	      STA     dest2
E119 90	04	      BCC     _13
E11B E6	1D	      INC     dest+1
E11D E6	1F	      INC     dest2+1
E11F	      _13:				  ; SubGameSelectSide+103↑j
E11F C6	20	      DEC     tmp2
E121 D0	D3	      BNE     _12
E123 A9	05	      LDA     #5
E125 85	8E	      STA     xfer_PlyX
E127 A9	22	      LDA     #$22
E129 85	86	      STA     xfer_CpuX
E12B A9	07	      LDA     #7
E12D 85	04	      STA     SpriteNum
E12F 20	66 09	      JSR     RdSpriteState
E132 A9	FF	      LDA     #$FF
E134 85	08	      STA     SpriteEna
E136 A9	58	      LDA     #88
E138 85	05	      STA     SpriteX
E13A A9	00	      LDA     #0
E13C 85	0B	      STA     SpriteMC
E13E 85	06	      STA     SpriteX+1
E140 A9	7A	      LDA     #122
E142 85	07	      STA     SpriteY
E144 A9	F1	      LDA     #$F1
E146 85	0D	      STA     SpriteColor
E148 A9	4F	      LDA     #$4F
E14A 85	0E	      STA     SpriteImage
E14C 20	B7 09	      JSR     WrSpriteState
E14F A6	6B	      LDX     xferDroid
E151 BD	50 03	      LDA     droidSprNum,X
E154 85	04	      STA     SpriteNum
E156 20	66 09	      JSR     RdSpriteState
E159 A9	FF	      LDA     #$FF
E15B 85	08	      STA     SpriteEna
E15D 85	05	      STA     SpriteX
E15F A9	00	      LDA     #0
E161 85	06	      STA     SpriteX+1
E163 85	0B	      STA     SpriteMC
E165 85	0D	      STA     SpriteColor
E167 A9	7A	      LDA     #122
E169 85	07	      STA     SpriteY
E16B A6	6B	      LDX     xferDroid
E16D BD	50 03	      LDA     droidSprNum,X
E170 18		      CLC
E171 69	48	      ADC     #$48
E173 85	0E	      STA     SpriteImage
E175 20	B7 09	      JSR     WrSpriteState
E178 A9	99	      LDA     #$99
E17A 85	8A	      STA     subGameTimeCount
E17C A9	55	      LDA     #$55
E17E 85	89	      STA     byte_0_89
E180 A9	00	      LDA     #0
E182 85	81	      STA     xfer_PlyY
E184 85	85	      STA     xfer_CpuY
E186 85	8F	      STA     xfer_yWant
E188 A5	7F	      LDA     xfer_PlyColor
E18A 85	7E	      STA     xfer_LeftColor
E18C AC	40 03	      LDY     droidType
E18F B9	00 EA	      LDA     DCent_t,Y
E192 85	88	      STA     xfer_PlyLevel
E194 A4	6B	      LDY     xferDroid
E196 BE	40 03	      LDX     droidType,Y
E199 BD	00 EA	      LDA     DCent_t,X
E19C 85	83	      STA     xfer_CpuLevel
E19E A5	7F	      LDA     xfer_PlyColor
E1A0 85	7E	      STA     xfer_LeftColor
E1A2 A9	58	      LDA     #$58
E1A4 85	78	      STA     xfer_plySpriteX
E1A6 A9	FF	      LDA     #$FF
E1A8 85	11	      STA     xfer_cpuSpriteX
E1AA	      _14:				  ; SubGameSelectSide+205↓j
E1AA 20	1A 09	      JSR     ReadJoystick
E1AD A6	7E	      LDX     xfer_LeftColor
E1AF A5	17	      LDA     joyXDir
E1B1 F0	16	      BEQ     _17
E1B3 30	08	      BMI     _15
E1B5 A9	FF	      LDA     #255
E1B7 A0	58	      LDY     #88
E1B9 A6	87	      LDX     xfer_CpuColor
E1BB D0	06	      BNE     _16
E1BD	      _15:				  ; SubGameSelectSide+19D↑j
E1BD A6	7F	      LDX     xfer_PlyColor
E1BF A9	58	      LDA     #88
E1C1 A0	FF	      LDY     #255
E1C3	      _16:				  ; SubGameSelectSide+1A5↑j
E1C3 86	7E	      STX     xfer_LeftColor
E1C5 85	78	      STA     xfer_plySpriteX
E1C7 84	11	      STY     xfer_cpuSpriteX
E1C9	      _17:				  ; SubGameSelectSide+19B↑j
E1C9 20	53 E4	      JSR     xfer_DrawResult
E1CC 20	6D E4	      JSR     xfer_DrawPulserCols
E1CF A5	18	      LDA     joyFire
E1D1 D0	04	      BNE     _18
E1D3 A9	01	      LDA     #1		  ; count to 0
E1D5 85	8A	      STA     subGameTimeCount
E1D7	      _18:				  ; SubGameSelectSide+1BB↑j
E1D7 F8		      SED
E1D8 A5	8A	      LDA     subGameTimeCount
E1DA 38		      SEC
E1DB E9	01	      SBC     #1
E1DD 85	8A	      STA     subGameTimeCount
E1DF D8		      CLD
E1E0 4A		      LSR     A
E1E1 4A		      LSR     A
E1E2 4A		      LSR     A
E1E3 4A		      LSR     A
E1E4 8D	E5 E6	      STA     Color_txt+$A
E1E7 A5	8A	      LDA     subGameTimeCount
E1E9 29	0F	      AND     #$F
E1EB 8D	E6 E6	      STA     Color_txt+$B
E1EE A2	DB	      LDX     #$DB		  ; e6db - Color_txt
E1F0 A0	E6	      LDY     #$E6
E1F2 20	2E 0C	      JSR     DrawString
E1F5 A9	07	      LDA     #7
E1F7 85	04	      STA     SpriteNum
E1F9 20	66 09	      JSR     RdSpriteState
E1FC A5	78	      LDA     xfer_plySpriteX
E1FE 85	05	      STA     SpriteX
E200 20	B7 09	      JSR     WrSpriteState
E203 A6	6B	      LDX     xferDroid
E205 BD	50 03	      LDA     droidSprNum,X
E208 85	04	      STA     SpriteNum
E20A 20	66 09	      JSR     RdSpriteState
E20D A5	11	      LDA     xfer_cpuSpriteX
E20F 85	05	      STA     SpriteX
E211 20	B7 09	      JSR     WrSpriteState
E214 A0	50	      LDY     #80
E216 20	62 0B	      JSR     DelayScore
E219 A5	8A	      LDA     subGameTimeCount
E21B D0	8D	      BNE     _14
E21D A9	99	      LDA     #$99
E21F 85	8A	      STA     subGameTimeCount
E221 60		      RTS
E221	      ;	End of function	SubGameSelectSide
E222	      ;	---------------	S U B R	O U T I	N E ---------------------------------------
E222	      xfer_PutRandom:			  ; SubGameSelectSide+E2↑p
E222						  ; SubGameSelectSide+E7↑p
E222						  ; SubGameSelectSide+EF↑p
E222						  ; SubGameSelectSide+F4↑p
E222 B1	1C	      LDA     (dest),Y
E224 F0	20	      BEQ     _3
E226 C9	F3	      CMP     #$F3
E228 B0	2E	      BCS     _x		  ; not	wire
E22A AD	1B D4	      LDA     byte_0_D41B
E22D 29	0F	      AND     #$F
E22F C9	05	      CMP     #5
E231 90	02	      BCC     _1
E233 A9	05	      LDA     #5
E235	      _1:				  ; xfer_PutRandom+F↑j
E235						  ; xfer_PutRandom+31↓j
E235 0A		      ASL     A
E236 AA		      TAX
E237 BD	07 E6	      LDA     xferWireJmp,X
E23A 8D	44 E2	      STA     _2+1
E23D BD	08 E6	      LDA     xferWireJmp+1,X
E240 8D	45 E2	      STA     _2+2
E243	      _2:				  ; xfer_PutRandom+18↑w
E243						  ; xfer_PutRandom+1E↑w
E243 4C	58 E2	      JMP     _x
E246	      _3:				  ; xfer_PutRandom+2↑j
E246 A5	20	      LDA     tmp2
E248 C9	03	      CMP     #3
E24A 90	09	      BCC     _4
E24C AD	1B D4	      LDA     byte_0_D41B
E24F 29	0F	      AND     #$F
E251 C9	03	      CMP     #3		  ; splitter
E253 F0	E0	      BEQ     _1
E255	      _4:				  ; xfer_PutRandom+28↑j
E255 20	55 E3	      JSR     xfer_ClearWire4
E258	      xfer_PutNOP:			  ; xfer_PutRandom+6↑j
E258						  ; xfer_PutRandom+21↑j
E258						  ; E611↓o
E258	      _x:
E258 60		      RTS
E258	      ;	End of function	xfer_PutRandom
E259	      ;	---------------	S U B R	O U T I	N E ---------------------------------------
E259	      xfer_PutAutoPulser:		  ; E607↓o
E259 A5	82	      LDA     xfer_PlyPulserChar
E25B 91	1C	      STA     (dest),Y
E25D A5	7F	      LDA     xfer_PlyColor
E25F 91	1E	      STA     (dest2),Y
E261 60		      RTS
E261	      ;	End of function	xfer_PutAutoPulser
E262	      ;	---------------	S U B R	O U T I	N E ---------------------------------------
E262	      xfer_PutTerminator:		  ; E609↓o
E262 C0	00	      CPY     #0
E264 F0	0F	      BEQ     locret_0_E275
E266 C0	13	      CPY     #19
E268 F0	0B	      BEQ     locret_0_E275
E26A A5	7D	      LDA     xfer_CpuPulserChar
E26C 91	1C	      STA     (dest),Y
E26E A5	7F	      LDA     xfer_PlyColor
E270 91	1E	      STA     (dest2),Y
E272 20	55 E3	      JSR     xfer_ClearWire4
E272	      ;	End of function	xfer_PutTerminator
E275	      locret_0_E275:			  ; xfer_PutTerminator+2↑j
E275						  ; xfer_PutTerminator+6↑j
E275						  ; xfer_PutSwitcher+2↓j
E275						  ; xfer_PutSwitcher+6↓j
E275 60		      RTS
E276	      ;	---------------	S U B R	O U T I	N E ---------------------------------------
E276	      xfer_PutSwitcher:			  ; E60B↓o
E276 C0	00	      CPY     #0
E278 F0	FB	      BEQ     locret_0_E275
E27A C0	13	      CPY     #19
E27C F0	F7	      BEQ     locret_0_E275
E27E A9	F4	      LDA     #$F4
E280 91	1C	      STA     (dest),Y
E282 A5	87	      LDA     xfer_CpuColor
E284 91	1E	      STA     (dest2),Y
E286 60		      RTS
E286	      ;	End of function	xfer_PutSwitcher
E287	      ;	---------------	S U B R	O U T I	N E ---------------------------------------
E287	      xfer_PutSplitter:			  ; E60D↓o
E287 84	11	      STY     xfer_cpuSpriteX
E289 A6	1C	      LDX     dest
E28B A4	1D	      LDY     dest+1
E28D 86	12	      STX     ptr_12
E28F 84	13	      STY     ptr_12+1
E291 A5	20	      LDA     tmp2
E293 C9	03	      CMP     #3
E295 90	54	      BCC     _4
E297 A4	11	      LDY     xfer_cpuSpriteX
E299 20	C6 E3	      JSR     AdvanceWire
E29C B1	1C	      LDA     (dest),Y
E29E C5	8C	      CMP     xfer_PlyWireChar
E2A0 D0	49	      BNE     _4
E2A2 20	D4 E3	      JSR     RetreatWire
E2A5 20	D4 E3	      JSR     RetreatWire
E2A8 B1	1C	      LDA     (dest),Y
E2AA F0	13	      BEQ     _1
E2AC 20	D4 E3	      JSR     RetreatWire
E2AF 20	D4 E3	      JSR     RetreatWire
E2B2 20	D4 E3	      JSR     RetreatWire
E2B5 B1	1C	      LDA     (dest),Y
E2B7 C9	F5	      CMP     #$F5		  ; [f5,f7] is vertical	bar
E2B9 90	04	      BCC     _1
E2BB C9	F8	      CMP     #$F8
E2BD 90	2C	      BCC     _4
E2BF	      _1:				  ; xfer_PutSplitter+23↑j
E2BF						  ; xfer_PutSplitter+32↑j
E2BF A6	12	      LDX     ptr_12
E2C1 A4	13	      LDY     ptr_12+1
E2C3 86	1C	      STX     dest
E2C5 84	1D	      STY     dest+1
E2C7 A4	11	      LDY     xfer_cpuSpriteX
E2C9 20	EE E3	      JSR     xfer_PutVBar
E2CC 20	85 E3	      JSR     sub_0_E385
E2CF 18		      CLC
E2D0 A5	1C	      LDA     dest
E2D2 69	28	      ADC     #40
E2D4 85	1C	      STA     dest
E2D6 90	02	      BCC     _2
E2D8 E6	1D	      INC     dest+1
E2DA	      _2:				  ; xfer_PutSplitter+4F↑j
E2DA 20	55 E3	      JSR     xfer_ClearWire4
E2DD 18		      CLC
E2DE A5	1C	      LDA     dest
E2E0 69	28	      ADC     #40
E2E2 85	1C	      STA     dest
E2E4 90	02	      BCC     _3
E2E6 E6	1D	      INC     dest+1
E2E8	      _3:				  ; xfer_PutSplitter+5D↑j
E2E8 20	85 E3	      JSR     sub_0_E385
E2EB	      _4:				  ; xfer_PutSplitter+E↑j
E2EB						  ; xfer_PutSplitter+19↑j
E2EB						  ; xfer_PutSplitter+36↑j
E2EB A6	12	      LDX     ptr_12
E2ED A4	13	      LDY     ptr_12+1
E2EF 86	1C	      STX     dest
E2F1 84	1D	      STY     dest+1
E2F3 60		      RTS
E2F3	      ;	End of function	xfer_PutSplitter
E2F4	      ;	---------------	S U B R	O U T I	N E ---------------------------------------
E2F4	      xfer_PutJoiner:			  ; E60F↓o
E2F4 84	11	      STY     xfer_cpuSpriteX
E2F6 A6	1C	      LDX     dest
E2F8 A4	1D	      LDY     dest+1
E2FA 86	12	      STX     ptr_12
E2FC 84	13	      STY     ptr_12+1
E2FE A5	20	      LDA     tmp2
E300 C9	03	      CMP     #3
E302 90	48	      BCC     _4
E304 A4	11	      LDY     xfer_cpuSpriteX
E306 20	C6 E3	      JSR     AdvanceWire
E309 B1	1C	      LDA     (dest),Y
E30B F0	13	      BEQ     _1
E30D 20	C6 E3	      JSR     AdvanceWire
E310 20	C6 E3	      JSR     AdvanceWire
E313 20	C6 E3	      JSR     AdvanceWire
E316 B1	1C	      LDA     (dest),Y
E318 C9	F5	      CMP     #$F5
E31A 90	04	      BCC     _1
E31C C9	F8	      CMP     #$F8
E31E 90	2C	      BCC     _4
E320	      _1:				  ; xfer_PutJoiner+17↑j
E320						  ; xfer_PutJoiner+26↑j
E320 A6	12	      LDX     ptr_12
E322 A4	13	      LDY     ptr_12+1
E324 86	1C	      STX     dest
E326 84	1D	      STY     dest+1
E328 A4	11	      LDY     xfer_cpuSpriteX
E32A 20	EE E3	      JSR     xfer_PutVBar
E32D 20	55 E3	      JSR     xfer_ClearWire4
E330 18		      CLC
E331 A5	1C	      LDA     dest
E333 69	28	      ADC     #40
E335 85	1C	      STA     dest
E337 90	02	      BCC     _2
E339 E6	1D	      INC     dest+1
E33B	      _2:				  ; xfer_PutJoiner+43↑j
E33B 20	85 E3	      JSR     sub_0_E385
E33E 18		      CLC
E33F A5	1C	      LDA     dest
E341 69	28	      ADC     #40
E343 85	1C	      STA     dest
E345 90	02	      BCC     _3
E347 E6	1D	      INC     dest+1
E349	      _3:				  ; xfer_PutJoiner+51↑j
E349 20	55 E3	      JSR     xfer_ClearWire4
E34C	      _4:				  ; xfer_PutJoiner+E↑j
E34C						  ; xfer_PutJoiner+2A↑j
E34C A6	12	      LDX     ptr_12
E34E A4	13	      LDY     ptr_12+1
E350 86	1C	      STX     dest
E352 84	1D	      STY     dest+1
E354 60		      RTS
E354	      ;	End of function	xfer_PutJoiner
E355	      ;	---------------	S U B R	O U T I	N E ---------------------------------------
E355	      xfer_ClearWire4:			  ; xfer_PutRandom+33↑p
E355						  ; xfer_PutTerminator+10↑p
E355						  ; xfer_PutSplitter+53↑p
E355						  ; xfer_PutJoiner+39↑p
E355						  ; xfer_PutJoiner+55↑p
E355 84	11	      STY     xfer_cpuSpriteX
E357 A6	1C	      LDX     dest
E359 A4	1D	      LDY     dest+1
E35B 86	1A	      STX     src
E35D 84	1B	      STY     src+1
E35F A4	11	      LDY     xfer_cpuSpriteX
E361 A2	03	      LDX     #3		  ;  clear 3 chars
E363	      _1:				  ; xfer_ClearWire4+16↓j
E363 20	C6 E3	      JSR     AdvanceWire
E366 A9	00	      LDA     #0
E368 91	1C	      STA     (dest),Y
E36A CA		      DEX
E36B D0	F6	      BNE     _1
E36D 20	C6 E3	      JSR     AdvanceWire
E370 B1	1C	      LDA     (dest),Y
E372 C5	8C	      CMP     xfer_PlyWireChar
E374 D0	04	      BNE     _2
E376 A9	00	      LDA     #0		  ;  clear one more if was wire
E378 91	1C	      STA     (dest),Y
E37A	      loc_0_E37A:			  ; xfer_ClearWire4+1F↑j
E37A						  ; sub_0_E385+1D↓j
E37A						  ; sub_0_E385+21↓j
E37A						  ; sub_0_E385+25↓j
E37A						  ; sub_0_E385+29↓j
E37A						  ; sub_0_E385+3E↓j
E37A	      _2:
E37A A6	1A	      LDX     src
E37C A4	1B	      LDY     src+1
E37E 86	1C	      STX     dest
E380 84	1D	      STY     dest+1
E382 A4	11	      LDY     xfer_cpuSpriteX
E384 60		      RTS
E384	      ;	End of function	xfer_ClearWire4
E385	      ;	---------------	S U B R	O U T I	N E ---------------------------------------
E385	      sub_0_E385:			  ; xfer_PutSplitter+45↑p
E385						  ; xfer_PutSplitter+61↑p
E385						  ; xfer_PutJoiner+47↑p
E385 84	11	      STY     xfer_cpuSpriteX
E387 A6	1C	      LDX     dest
E389 A4	1D	      LDY     dest+1
E38B 86	1A	      STX     src
E38D 84	1B	      STY     src+1
E38F A4	11	      LDY     xfer_cpuSpriteX
E391 A2	03	      LDX     #3
E393	      _1:				  ; sub_0_E385+16↓j
E393 20	D4 E3	      JSR     RetreatWire
E396 A9	00	      LDA     #0
E398 91	1C	      STA     (dest),Y
E39A CA		      DEX
E39B D0	F6	      BNE     _1
E39D 20	D4 E3	      JSR     RetreatWire
E3A0 B1	1C	      LDA     (dest),Y
E3A2 F0	D6	      BEQ     loc_0_E37A	  ; exit if empty or vertical bar
E3A4 C9	F5	      CMP     #$F5
E3A6 F0	D2	      BEQ     loc_0_E37A
E3A8 C9	F6	      CMP     #$F6
E3AA F0	CE	      BEQ     loc_0_E37A
E3AC C9	F7	      CMP     #$F7
E3AE F0	CA	      BEQ     loc_0_E37A
E3B0 A5	7D	      LDA     xfer_CpuPulserChar  ; put	terminator
E3B2 91	1C	      STA     (dest),Y
E3B4 A5	1C	      LDA     dest
E3B6 85	14	      STA     ptr_14
E3B8 A9	90	      LDA     #$90
E3BA 18		      CLC
E3BB 65	1D	      ADC     dest+1
E3BD 85	15	      STA     ptr_14+1
E3BF A5	7F	      LDA     xfer_PlyColor
E3C1 91	14	      STA     (ptr_14),Y
E3C3 4C	7A E3	      JMP     loc_0_E37A
E3C3	      ;	End of function	sub_0_E385
E3C6	      ;	---------------	S U B R	O U T I	N E ---------------------------------------
E3C6	      AdvanceWire:			  ; xfer_PutSplitter+12↑p
E3C6						  ; xfer_PutJoiner+12↑p
E3C6						  ; xfer_PutJoiner+19↑p
E3C6						  ; xfer_PutJoiner+1C↑p
E3C6						  ; xfer_PutJoiner+1F↑p
E3C6						  ; xfer_ClearWire4+E↑p
E3C6						  ; xfer_ClearWire4+18↑p
E3C6 A5	1C	      LDA     dest
E3C8 18		      CLC
E3C9 65	7A	      ADC     xfer_DeltaX
E3CB 85	1C	      STA     dest
E3CD A5	1D	      LDA     dest+1
E3CF 65	7B	      ADC     xfer_DeltaX+1
E3D1 85	1D	      STA     dest+1
E3D3 60		      RTS
E3D3	      ;	End of function	AdvanceWire
E3D4	      ;	---------------	S U B R	O U T I	N E ---------------------------------------
E3D4	      RetreatWire:			  ; xfer_PutSplitter+1B↑p
E3D4						  ; xfer_PutSplitter+1E↑p
E3D4						  ; xfer_PutSplitter+25↑p
E3D4						  ; xfer_PutSplitter+28↑p
E3D4						  ; xfer_PutSplitter+2B↑p
E3D4						  ; sub_0_E385+E↑p
E3D4						  ; sub_0_E385+18↑p
E3D4 A5	1C	      LDA     dest
E3D6 38		      SEC
E3D7 E5	7A	      SBC     xfer_DeltaX
E3D9 85	1C	      STA     dest
E3DB A5	1D	      LDA     dest+1
E3DD E5	7B	      SBC     xfer_DeltaX+1
E3DF 85	1D	      STA     dest+1
E3E1 60		      RTS
E3E1	      ;	End of function	RetreatWire
E3E2	      ;	---------------	S U B R	O U T I	N E ---------------------------------------
E3E2	      GetCRAMptr:			  ; SubGameSelectSide+C1↑p
E3E2						  ; xfer_DrawPulserCols+21↓p
E3E2						  ; xfer_GetLinePtr+E↓p
E3E2 A5	1C	      LDA     dest
E3E4 85	1E	      STA     dest2
E3E6 A5	1D	      LDA     dest+1
E3E8 18		      CLC
E3E9 69	90	      ADC     #$90
E3EB 85	1F	      STA     dest2+1
E3ED 60		      RTS
E3ED	      ;	End of function	GetCRAMptr
E3EE	      ;	---------------	S U B R	O U T I	N E ---------------------------------------
E3EE	      xfer_PutVBar:			  ; xfer_PutSplitter+42↑p
E3EE						  ; xfer_PutJoiner+36↑p
E3EE 98		      TYA
E3EF 18		      CLC
E3F0 69	28	      ADC     #40
E3F2 A8		      TAY
E3F3 A9	F6	      LDA     #$F6
E3F5 91	1C	      STA     (dest),Y
E3F7 A5	7F	      LDA     xfer_PlyColor
E3F9 91	1E	      STA     (dest2),Y
E3FB 98		      TYA
E3FC 18		      CLC
E3FD 69	28	      ADC     #40
E3FF A8		      TAY
E400 A9	F7	      LDA     #$F7
E402 91	1C	      STA     (dest),Y
E404 A5	7F	      LDA     xfer_PlyColor
E406 91	1E	      STA     (dest2),Y
E408 A4	11	      LDY     xfer_cpuSpriteX
E40A A9	F5	      LDA     #$F5
E40C 91	1C	      STA     (dest),Y
E40E A5	7F	      LDA     xfer_PlyColor
E410 91	1E	      STA     (dest2),Y
E412 60		      RTS
E412	      ;	End of function	xfer_PutVBar
E413	      ;	---------------	S U B R	O U T I	N E ---------------------------------------
E413	      xfer_SwitchSides:			  ; SubGameSelectSide+EA↑p
E413						  ; SubGameSelectSide+F7↑p
E413 A5	8C	      LDA     xfer_PlyWireChar
E415 A6	8D	      LDX     xfer_CpuWireChar
E417 86	8C	      STX     xfer_PlyWireChar
E419 85	8D	      STA     xfer_CpuWireChar
E41B A5	82	      LDA     xfer_PlyPulserChar
E41D A6	7D	      LDX     xfer_CpuPulserChar
E41F 86	82	      STX     xfer_PlyPulserChar
E421 85	7D	      STA     xfer_CpuPulserChar
E423 A5	7F	      LDA     xfer_PlyColor
E425 A6	87	      LDX     xfer_CpuColor
E427 86	7F	      STX     xfer_PlyColor
E429 85	87	      STA     xfer_CpuColor
E42B A5	81	      LDA     xfer_PlyY
E42D A6	85	      LDX     xfer_CpuY
E42F 86	81	      STX     xfer_PlyY
E431 85	85	      STA     xfer_CpuY
E433 A5	80	      LDA     xfer_nLeftPulsers
E435 A6	84	      LDX     xfer_nRightPulsers
E437 86	80	      STX     xfer_nLeftPulsers
E439 85	84	      STA     xfer_nRightPulsers
E43B A5	8E	      LDA     xfer_PlyX
E43D A6	86	      LDX     xfer_CpuX
E43F 86	8E	      STX     xfer_PlyX
E441 85	86	      STA     xfer_CpuX
E443 A5	7B	      LDA     xfer_DeltaX+1
E445 49	FF	      EOR     #$FF
E447 85	7B	      STA     xfer_DeltaX+1
E449 A5	7A	      LDA     xfer_DeltaX
E44B 49	FF	      EOR     #$FF
E44D 18		      CLC
E44E 69	01	      ADC     #1
E450 85	7A	      STA     xfer_DeltaX
E452 60		      RTS
E452	      ;	End of function	xfer_SwitchSides
E453	      ;	---------------	S U B R	O U T I	N E ---------------------------------------
E453	      xfer_DrawResult:			  ; SubGameSelectSide+1B3↑p
E453 A9	A3	      LDA     #$A3		  ; d9a3
E455 85	1E	      STA     dest2
E457 A9	D9	      LDA     #$D9
E459 85	1F	      STA     dest2+1
E45B 8A		      TXA
E45C A0	00	      LDY     #0
E45E 91	1E	      STA     (dest2),Y
E460 C8		      INY
E461 91	1E	      STA     (dest2),Y
E463 A0	28	      LDY     #40
E465 91	1E	      STA     (dest2),Y
E467 C8		      INY
E468 91	1E	      STA     (dest2),Y
E46A 85	8B	      STA     xfer_WinningColor
E46C 60		      RTS
E46C	      ;	End of function	xfer_DrawResult
E46D	      ;	---------------	S U B R	O U T I	N E ---------------------------------------
E46D	      xfer_DrawPulserCols:		  ; SubGameSelectSide+1B6↑p
E46D A6	88	      LDX     xfer_PlyLevel	  ; +3
E46F E8		      INX
E470 E8		      INX
E471 E8		      INX
E472 A4	83	      LDY     xfer_CpuLevel	  ; +4
E474 C8		      INY
E475 C8		      INY
E476 C8		      INY
E477 C8		      INY
E478 A5	7E	      LDA     xfer_LeftColor
E47A C5	7F	      CMP     xfer_PlyColor
E47C F0	07	      BEQ     _1
E47E 86	84	      STX     xfer_nRightPulsers
E480 84	80	      STY     xfer_nLeftPulsers
E482 4C	89 E4	      JMP     _2
E485	      _1:				  ; xfer_DrawPulserCols+F↑j
E485 86	80	      STX     xfer_nLeftPulsers
E487 84	84	      STY     xfer_nRightPulsers
E489	      _2:				  ; xfer_DrawPulserCols+15↑j
E489 A9	01	      LDA     #1
E48B 20	D3 E4	      JSR     xfer_GetLinePtr
E48E 20	E2 E3	      JSR     GetCRAMptr
E491 A9	0C	      LDA     #12		  ; line count
E493 85	20	      STA     tmp2
E495 A9	0D	      LDA     #13
E497 38		      SEC
E498 E5	80	      SBC     xfer_nLeftPulsers
E49A 85	0F	      STA     tmp1
E49C A9	0D	      LDA     #13
E49E 38		      SEC
E49F E5	84	      SBC     xfer_nRightPulsers
E4A1 85	10	      STA     currentIdx
E4A3	      _3:				  ; xfer_DrawPulserCols+63↓j
E4A3 A0	01	      LDY     #1		  ; left side pulsers
E4A5 A5	0F	      LDA     tmp1
E4A7 C5	20	      CMP     tmp2
E4A9 90	04	      BCC     _4
E4AB A9	F2	      LDA     #$F2		  ; red, invisible
E4AD D0	02	      BNE     _5
E4AF	      _4:				  ; xfer_DrawPulserCols+3C↑j
E4AF A5	7F	      LDA     xfer_PlyColor
E4B1	      _5:				  ; xfer_DrawPulserCols+40↑j
E4B1 91	1E	      STA     (dest2),Y
E4B3 A0	26	      LDY     #38		  ; right side pulsers
E4B5 A5	10	      LDA     currentIdx
E4B7 C5	20	      CMP     tmp2
E4B9 90	04	      BCC     _6
E4BB A9	F2	      LDA     #$F2
E4BD D0	02	      BNE     _7
E4BF	      _6:				  ; xfer_DrawPulserCols+4C↑j
E4BF A5	87	      LDA     xfer_CpuColor
E4C1	      _7:				  ; xfer_DrawPulserCols+50↑j
E4C1 91	1E	      STA     (dest2),Y
E4C3 18		      CLC
E4C4 A5	1E	      LDA     dest2
E4C6 69	28	      ADC     #40
E4C8 85	1E	      STA     dest2
E4CA 90	02	      BCC     _8
E4CC E6	1F	      INC     dest2+1
E4CE	      _8:				  ; xfer_DrawPulserCols+5D↑j
E4CE C6	20	      DEC     tmp2
E4D0 D0	D1	      BNE     _3
E4D2 60		      RTS
E4D2	      ;	End of function	xfer_DrawPulserCols
E4D3	      ;	---------------	S U B R	O U T I	N E ---------------------------------------
E4D3	      xfer_GetLinePtr:			  ; xfer_DrawPulserCols+1E↑p
E4D3 18		      CLC
E4D4 69	0B	      ADC     #11
E4D6 A8		      TAY
E4D7 B9	FB 0C	      LDA     LinePtr_hi,Y
E4DA 85	1D	      STA     dest+1
E4DC B9	14 0D	      LDA     LinePtr_lo,Y
E4DF 85	1C	      STA     dest
E4E1 20	E2 E3	      JSR     GetCRAMptr
E4E4 60		      RTS
E4E4	      ;	End of function	xfer_GetLinePtr
E4E5	      ;	---------------	S U B R	O U T I	N E ---------------------------------------
E4E5	      DoHighScore:			  ; j_DoHighScore↑j
E4E5 A9	28	      LDA     #$28
E4E7 8D	EB E6	      STA     Initials_txt+3
E4EA 8D	EC E6	      STA     Initials_txt+4
E4ED A2	00	      LDX     #0
E4EF	      _1:				  ; DoHighScore+16↓j
E4EF B5	21	      LDA     Score,X
E4F1 DD	0C E7	      CMP     HighScore,X
E4F4 90	07	      BCC     _2
E4F6 D0	17	      BNE     _high		  ; got	highscore
E4F8 E8		      INX
E4F9 E0	04	      CPX     #4
E4FB 90	F2	      BCC     _1
E4FD	      _2:				  ; DoHighScore+F↑j
E4FD A2	00	      LDX     #0
E4FF	      _3:				  ; DoHighScore+27↓j
E4FF B5	21	      LDA     Score,X
E501 DD	10 E7	      CMP     LowScore,X
E504 F0	03	      BEQ     _4
E506 90	3E	      BCC     _low		  ; got	lowscore
E508 60		      RTS
E509	      _4:				  ; DoHighScore+1F↑j
E509 E8		      INX
E50A E0	04	      CPX     #4
E50C 90	F1	      BCC     _3
E50E 60		      RTS
E50F	      _high:				  ; DoHighScore+11↑j
E50F A2	03	      LDX     #3
E511	      _6:				  ; DoHighScore+32↓j
E511 B5	21	      LDA     Score,X
E513 9D	0C E7	      STA     HighScore,X
E516 CA		      DEX
E517 10	F8	      BPL     _6
E519 A2	33	      LDX     #$33		  ; e733 - GreatScore_txt
E51B A0	E7	      LDY     #$E7
E51D 20	2E 0C	      JSR     DrawString
E520 A2	14	      LDX     #$14		  ; e714 - EnterInitials_txt
E522 A0	E7	      LDY     #$E7
E524 20	2E 0C	      JSR     DrawString
E527 20	36 E5	      JSR     _7
E52A A2	89	      LDX     #$89		  ; dd89
E52C A0	DD	      LDY     #$DD
E52E 86	1C	      STX     dest
E530 84	1D	      STY     dest+1
E532 20	AC E5	      JSR     UpdateTextScore
E535 60		      RTS
E536	      _7:				  ; DoHighScore+42↑p
E536						  ; DoHighScore+79↓p
E536 A2	00	      LDX     #0
E538 A2	00	      LDX     #0
E53A 86	10	      STX     currentIdx
E53C 20	6D E5	      JSR     GetInitial
E53F 20	6D E5	      JSR     GetInitial
E542 20	6D E5	      JSR     GetInitial
E545 60		      RTS
E546	      _low:				  ; DoHighScore+21↑j
E546 A2	03	      LDX     #3
E548	      _9:				  ; DoHighScore+69↓j
E548 B5	21	      LDA     Score,X
E54A 9D	10 E7	      STA     LowScore,X
E54D CA		      DEX
E54E 10	F8	      BPL     _9
E550 A2	42	      LDX     #$42		  ; e742 - LowestScore_txt
E552 A0	E7	      LDY     #$E7
E554 20	2E 0C	      JSR     DrawString
E557 A2	14	      LDX     #$14		  ; e714 - EnterInitials_txt
E559 A0	E7	      LDY     #$E7
E55B 20	2E 0C	      JSR     DrawString
E55E 20	36 E5	      JSR     _7
E561 A2	B4	      LDX     #$B4		  ; ddb4
E563 A0	DD	      LDY     #$DD
E565 86	1C	      STX     dest
E567 84	1D	      STY     dest+1
E569 20	AC E5	      JSR     UpdateTextScore
E56C 60		      RTS
E56C	      ;	End of function	DoHighScore
E56D	      ;	---------------	S U B R	O U T I	N E ---------------------------------------
E56D	      GetInitial:			  ; DoHighScore+57↑p
E56D						  ; DoHighScore+5A↑p
E56D						  ; DoHighScore+5D↑p
E56D A0	00	      LDY     #0
E56F 84	11	      STY     xfer_cpuSpriteX
E571	      _1:				  ; GetInitial+33↓j
E571 20	1A 09	      JSR     ReadJoystick
E574 A5	16	      LDA     joyYDir
E576 05	17	      ORA     joyXDir
E578 18		      CLC
E579 65	11	      ADC     xfer_cpuSpriteX
E57B 30	08	      BMI     _2
E57D C9	1B	      CMP     #$1B
E57F 90	06	      BCC     _3
E581 A9	00	      LDA     #0
E583 F0	02	      BEQ     _3
E585	      _2:				  ; GetInitial+E↑j
E585 A9	1A	      LDA     #$1A
E587	      _3:				  ; GetInitial+12↑j
E587						  ; GetInitial+16↑j
E587 85	11	      STA     xfer_cpuSpriteX
E589 A8		      TAY
E58A B9	F1 E6	      LDA     CapitalAlpha_t,Y
E58D A6	10	      LDX     currentIdx
E58F 9D	EA E6	      STA     Initials_txt+2,X
E592 A2	E8	      LDX     #$E8		  ; e6e8 - Initials_txt
E594 A0	E6	      LDY     #$E6
E596 20	2E 0C	      JSR     DrawString
E599 A0	40	      LDY     #$40
E59B 20	62 0B	      JSR     DelayScore
E59E A5	18	      LDA     joyFire
E5A0 D0	CF	      BNE     _1
E5A2	      _4:				  ; GetInitial+3A↓j
E5A2 20	1A 09	      JSR     ReadJoystick
E5A5 A5	18	      LDA     joyFire
E5A7 F0	F9	      BEQ     _4
E5A9 E6	10	      INC     currentIdx
E5AB 60		      RTS
E5AB	      ;	End of function	GetInitial
E5AC	      ;	---------------	S U B R	O U T I	N E ---------------------------------------
E5AC	      UpdateTextScore:			  ; DoHighScore+4D↑p
E5AC						  ; DoHighScore+84↑p
E5AC 78		      SEI
E5AD A5	01	      LDA     byte_0_1
E5AF 29	F0	      AND     #$F0
E5B1 09	04	      ORA     #4
E5B3 85	01	      STA     byte_0_1
E5B5 A0	0D	      LDY     #$D
E5B7 A2	02	      LDX     #2
E5B9	      _1:				  ; UpdateTextScore+14↓j
E5B9 BD	EA E6	      LDA     Initials_txt+2,X
E5BC 91	1C	      STA     (dest),Y
E5BE 88		      DEY
E5BF CA		      DEX
E5C0 10	F7	      BPL     _1
E5C2 A9	30	      LDA     #$30
E5C4 85	0F	      STA     tmp1
E5C6 A2	00	      LDX     #0
E5C8 A0	00	      LDY     #0
E5CA	      _2:				  ; UpdateTextScore+3D↓j
E5CA B5	21	      LDA     Score,X
E5CC 4A		      LSR     A
E5CD 4A		      LSR     A
E5CE 4A		      LSR     A
E5CF 4A		      LSR     A
E5D0 D0	23	      BNE     _5
E5D2 A5	0F	      LDA     tmp1
E5D4	      _3:				  ; UpdateTextScore+4F↓j
E5D4 91	1C	      STA     (dest),Y
E5D6 C8		      INY
E5D7 B5	21	      LDA     Score,X
E5D9 29	0F	      AND     #$F
E5DB D0	21	      BNE     _6
E5DD E0	03	      CPX     #3
E5DF F0	1D	      BEQ     _6
E5E1 A5	0F	      LDA     tmp1
E5E3	      _4:				  ; UpdateTextScore+58↓j
E5E3 91	1C	      STA     (dest),Y
E5E5 C8		      INY
E5E6 E8		      INX
E5E7 E0	04	      CPX     #4
E5E9 90	DF	      BCC     _2
E5EB A5	01	      LDA     byte_0_1
E5ED 29	F0	      AND     #$F0
E5EF 09	05	      ORA     #5
E5F1 85	01	      STA     byte_0_1
E5F3 58		      CLI
E5F4 60		      RTS
E5F5	      _5:				  ; UpdateTextScore+24↑j
E5F5 48		      PHA
E5F6 A9	00	      LDA     #0
E5F8 85	0F	      STA     tmp1
E5FA 68		      PLA
E5FB 4C	D4 E5	      JMP     _3
E5FE	      _6:				  ; UpdateTextScore+2F↑j
E5FE						  ; UpdateTextScore+33↑j
E5FE 48		      PHA
E5FF A9	00	      LDA     #0
E601 85	0F	      STA     tmp1
E603 68		      PLA
E604 4C	E3 E5	      JMP     _4
E604	      ;	End of function	UpdateTextScore
E607 59	E2    xferWireJmp:.WORD	xfer_PutAutoPulser ; xfer_PutRandom+15↑r
E607						  ; xfer_PutRandom+1B↑r
E609 62	E2	      .WORD xfer_PutTerminator
E60B 76	E2	      .WORD xfer_PutSwitcher
E60D 87	E2	      .WORD xfer_PutSplitter
E60F F4	E2	      .WORD xfer_PutJoiner
E611 58	E2	      .WORD xfer_PutNOP
E613 00	00 00+SubGameTopLines_dat:.BYTE	0, 0, 0, 0, 0, 0, 0, 0,	0, 0, 0, 0, 0, 0, 0, 0,	0, 0, 0, $FB
E613 00	00 00+					  ; SubGameSelectSide+27↑r
E613 00	00 00+	      .BYTE $FB, 0, 0, 0, 0, 0,	0, 0, 0, 0, 0, 0, 0, 0,	0, 0, 0, 0, 0, 0
E613 00	00 00+	      .BYTE 0, 0, 0, $F5, 0, 0,	0, 0, 0, 0, 0, 0, 0, 0,	0, 0, 0, 0, $D0, $F8
E613 00	00 00+	      .BYTE $F8, $D1, 0, 0, 0, 0, 0, 0,	0, 0, 0, 0, 0, 0, 0, 0,	$F5, 0,	0, 0
E613 00	00 00+	      .BYTE 0, 0, 0, $F6, $F1, $FD, 0, 0, 0, 0,	0, 0, 0, 0, 0, 0, 0, 0,	$D0, $FE
E613 00	FB FB+	      .BYTE $FE, $D1, 0, 0, 0, 0, 0, 0,	0, 0, 0, 0, 0, 0, $F3, $F2, $F6, 0, 0, 0
E68B 00	FD 00+SubGameLine_dat:.BYTE 0, $FD, 0, $F6, $F1, $F1, $F1, $F1,	$F1, $F1
E68B F6	F1 F1+					  ; SubGameSelectSide+40↑r
E68B F1	F1 F1+	      .BYTE $F1, $F1, $F1, $F1,	$F1, $F1, $F1, $F1, $F9, $F8
E68B F1	F1 F1+	      .BYTE $F8, $FA, $F2, $F2,	$F2, $F2, $F2, $F2, $F2, $F2
E68B F1	F1 F1+	      .BYTE $F2, $F2, $F2, $F2,	$F2, $F2, $F6, 0, $F3, 0
E6B3 00	00 00+SubGameBottomLine_dat:.BYTE 0, 0,	0, $F7,	0, 0, 0, 0, 0, 0
E6B3 F7	00 00+					  ; SubGameSelectSide+59↑r
E6B3 00	00 00+	      .BYTE 0, 0, 0, 0,	0, 0, 0, 0, 0, $FC
E6B3 00	00 00+	      .BYTE $FC, 0, 0, 0, 0, 0,	0, 0, 0, 0
E6B3 00	00 00+	      .BYTE 0, 0, 0, 0,	0, 0, $F7, 0, 0, 0
E6DB 02	02 3C+Color_txt:.BYTE 2, 2, $3C, $18, $15, $18,	$1E, $1B, $24, $30, 0, 0, $FF
E6DB 18	15 18+					  ; SubGameSelectSide+1CE↑w
E6DB 1E	1B 24+					  ; SubGameSelectSide+1D5↑w
E6DB 30	00 00+					  ; Colour?
E6E8 16	1F 30+Initials_txt:.BYTE $16, $1F, $30,	$30, $30, $30, $30, $30, $FF
E6E8 30	30 30+					  ; GetInitial+22↑w
E6E8 30	30 FF					  ; UpdateTextScore+D↑r
E6E8						  ; DoHighScore+2↑w
E6E8						  ; DoHighScore+5↑w
E6F1 3A	3B 3C+CapitalAlpha_t:.BYTE $3A,	$3B, $3C, $3D, $3E, $3F, $40, $41
E6F1 3D	3E 3F+					  ; GetInitial+1D↑r
E6F1 40	41 16+	      .BYTE $16, $43, $44, $45,	$46, $47, $48, $49
E6F1 43	44 45+	      .BYTE $4A, $4B, $4C, $4D,	$4E, $4F, $50, $51
E6F1 46	47 48+	      .BYTE $52, $53, $30
E70C 00	00 68+HighScore:.BYTE 0, 0, $68, 9	  ; DoHighScore+C↑r
E70C 09						  ; DoHighScore+2E↑w
E710 00	00 65+LowScore:.BYTE 0,	0, $65,	2	  ; DoHighScore+1C↑r
E710 02						  ; DoHighScore+65↑w
E714 16	01    EnterInitials_txt:.BYTE $16, 1
E716 49	15 0E+	      .BYTE $49, $15, $E, $A, $1C, $E, $30, $E,	$17, $1D, $E, $1B, $30,	$22, $18, $1E, $1B, $30
E716 0A	1C 0E+	      .BYTE $12, $17, $12, $1D,	$12, $A, $15, $1C, $30,	$2E, $FF
E733 0A	0D    GreatScore_txt:.BYTE $A, $D
E735 40	1B 0E+	      .BYTE $40, $1B, $E, $A, $1D, $30,	$4C, $C, $18, $1B, $E, $25, $FF
E742 0A	05    LowestScore_txt:.BYTE $A,	5
E744 45	18 54+	      .BYTE $45, $18, $54, $E, $1C, $1D, $30, $4C, $C, $18, $1B, $E, $30, $18, $F, $30,	$1D, $11
E744 0E	1C 1D+	      .BYTE $E,	$30, $3D, $A, $22, $25,	$FF
E75D FF	00 FF+	      .BYTE $FF, 0, $FF, $C8, $FF, 0, $FF, 0, $FF, 0, $C8, $C8,	$FF, 0,	$88, $FF, $FF, 0, $C8
E75D C8	FF 00+	      .BYTE 0, $C8, $C8, $FF, 0, $FF, 0, $C8, $C8, $FF,	$C8, $FF, $C8, $FF, $FF, $4F, $F0, 0, $60
E75D FF	00 FF+	      .BYTE $60, $F7, $FF, $FF,	$E0, $FF, 0, $FF, 0, 0,	0, $FF,	$20, $60, 0, $FF, 0, $FF, 0, $FF
E75D 00	C8 C8+	      .BYTE 0, $FF, 0, $EF, 0, $FF, $FF, $7F, $70, $FF,	$21, $FF, $FF, $FF, $60, $FF, 0, 0, 0
E75D FF	00 88+	      .BYTE 0, 0, 0, 0,	$FF, 0,	$48, 0,	$FF, 0,	$FF, 0,	$FF, $48, $FF, 0, $60, $60, $FF, 0, $FF
E75D FF	FF 00+	      .BYTE $FF, $FF, $60, $FF,	0, $FF,	0, $FF,	4, $6A,	$60, $FF, $60, $FF, 0, $62, $60, $60, $60
E75D C8	00 C8+	      .BYTE $FF, 0, $FF, 0, $FF, 0, $FF, 0, $FF, 0, $FF, 1, $FF, $6C, $60, 0, $FF, 0, $FF, 0, $FF
E75D C8	FF 00+	      .BYTE $60, $60, 0, $FF, $60, 0, 0, $FF, $60, $FF,	$60, $60, 0, $FF, 0, $F3, $60, $60, 0
E75D FF	00 C8+	      .BYTE $60, 0, $60, 0, 0, $B0
E800 00	00 00+Tiles:  .BYTE 0, 0, 0, 0,	0, 0, 0, 0, 0, 0, 0, 0,	0, 0, 0, 0
E800 00	00 00+	      .BYTE $3A, $DB, $CA, $39,	$20, $DE, $BC, $20, $20, $DE, $BC, $20,	$37, $DC, $CB, $38
E800 00	00 00+	      .BYTE $38, $20, $20, $37,	$C8, $BB, $BB, $C9, $D9, $DD, $DD, $DA,	$39, $20, $20, $3A
E800 00	00 00+	      .BYTE $27, $58, $58, $28,	$72, $2B, $2C, $74, $73, $2D, $2E, $75,	$29, $71, $71, $2A
E800 00	00 00+	      .BYTE $30, $30, $30, $30,	$D8, $D4, $D5, $D8, $D8, $D6, $D7, $D8,	$32, $32, $32, $32
E800 00	3A DB+	      .BYTE $2F, $D8, $D8, $31,	$2F, $D4, $D5, $31, $2F, $D6, $D7, $31,	$2F, $D8, $D8, $31
E800 CA	39 20+	      .BYTE $30, $30, $30, $38,	$D8, $D4, $D5, $50, $D8, $D6, $D7, $31,	$36, $D8, $D8, $31
E800 DE	BC 20+	      .BYTE $37, $30, $30, $30,	$2F, $D4, $D5, $D8, $2F, $D6, $D7, $D8,	$2F, $D8, $D8, $35
E800 20	DE BC+	      .BYTE $2F, $D8, $D8, $34,	$2F, $D4, $D5, $D8, $51, $D6, $D7, $D8,	$3A, $32, $32, $32
E800 20	37 DC+	      .BYTE $33, $D8, $D8, $31,	$D8, $D4, $D5, $31, $D8, $D6, $D7, $31,	$32, $32, $32, $39
E800 CB	38 38+	      .BYTE $33, $D8, $D8, $34,	$D8, $D4, $D5, $D8, $D8, $D6, $D7, $D8,	$32, $32, $32, $32
E800 20	20 37+	      .BYTE $33, $D8, $D8, $31,	$D8, $D4, $D5, $31, $D8, $D6, $D7, $31,	$36, $D8, $D8, $31
E800 C8	BB BB+	      .BYTE $30, $30, $30, $30,	$D8, $D4, $D5, $D8, $D8, $D6, $D7, $D8,	$36, $D8, $D8, $35
E800 C9	D9 DD+	      .BYTE $2F, $D8, $D8, $34,	$2F, $D4, $D5, $D8, $2F, $D6, $D7, $D8,	$2F, $D8, $D8, $35
E800 DD	DA 39+	      .BYTE $33, $D8, $D8, $34,	$D8, $D4, $D5, $D8, $D8, $D6, $D7, $D8,	$36, $D8, $D8, $35
E800 20	20 3A+	      .BYTE $37, $30, $30, $38,	$2F, $D4, $D5, $50, $51, $D6, $D7, $31,	$3A, $32, $32, $39
E800 27	58 58+	      .BYTE $A1, $A2, $A3, $A4,	$23, $24, $25, $26, $47, $42, $42, $3D,	$41, $3F, $41, $3F
E800 28	72 2B+	      .BYTE $47, $3D, $47, $3D,	$41, $42, $42, $3F, $54, $55, $56, $57,	$BF, $C0, $C1, $C2
E800 2C	74 73+	      .BYTE $C3, $5F, $47, $3D,	$C4, $60, $42, $3F, $C5, $61, $42, $3D,	$C6, $62, $41, $3F
E800 2D	2E 75+	      .BYTE $47, $3D, $43, $AA,	$41, $42, $44, $AB, $47, $42, $45, $AC,	$41, $3F, $46, $AD
E800 29	71 71+	      .BYTE 0, $4C, $4D, 0, $4F, $14, $14, $4E,	$4E, $14, $14, $4F, 0, $4D, $4C, 0
E800 2A	30 30+	      .BYTE $47, $3D, $47, $3D,	$41, 0,	0, $3F,	$47, 0,	0, $3D,	$41, $3F, $41, $3F
E800 30	30 D8+	      .BYTE $63, $64, $65, $66,	$CC, $CD, $CD, $CE, $B0, $16, $16, $CF,	$C7, $AF, $AF, $AE
E800 D4	D5 D8+	      .BYTE $B9, $BA, $BA, $BD,	$EB, $EC, $EC, $ED, $EE, $EF, $EF, $F0,	$39, $20, $20, $3A
E800 D8	D6 D7+	      .BYTE $47, $3D, $47, $3D,	$41, $67, $68, $3F, $47, $69, $6A, $3D,	$41, $3F, $41, $3F
E800 D8	32 32+	      .BYTE $47, $3D, $47, $3D,	$41, $3F, $41, $3F, $47, $3D, $47, $3D,	$41, $3F, $41, $3F
E800 32	32 2F+	      .BYTE $47, $3D, $47, $B4,	$41, 0,	$B2, $B3, $47, $B2, $B3, 0, $7E, $B3, 0, $35
E800 D8	D8 31+	      .BYTE $B5, $3D, $47, $3D,	$B8, $B7, 0, $3F, 0, $B8, $B7, $3D, $36, 0, $B8, $7F
E800 2F	D4 D5+	      .BYTE $37, $D2, $D2, $38,	$8E, $D3, $D3, $9E, $8F, $E8, $E8, $9F,	$3A, $E9, $E9, $39
E800 31	2F D6+	      .BYTE $37, $D2, $D2, $38,	$8E, $BE, $BE, $9E, $8F, $EA, $EA, $9F,	$3A, $E9, $E9, $39
E800 D7	31 2F+	      .BYTE $27, $58, $58, $28,	$72, $76, $77, $74, $73, $78, $79, $75,	$29, $71, $71, $2A
E800 D8	D8 31+	      .BYTE 0, 0, 0, 0,	0, 0, 0, 0, 0, 0, 0, 0,	0, 0, 0, 0
EA00 00	01 01+DCent_t:.BYTE 0, 1, 1, 2,	2, 2, 3, 3 ; DoCollision+FA↑r
EA00 02	02 02+					  ; KillDroid+F↑r
EA00 03	03 04+					  ; FinishTransfer1+B↑r
EA00 04	04 05+					  ; FinishTransfer1+42↑r
EA00 05	05 06+					  ; Disruptor+AA↑r
EA00 06	06 07+					  ; PrintDroidInfo+4A↑r
EA00 07	07 08+					  ; ShowRobotType+2↑r
EA00 08	08 09					  ; ShowRobotType+2D↑r
EA00						  ; DoFire+82↑r	DoFire+85↑r
EA00						  ; BuildDroidSprite+2↑r
EA00						  ; DoAlertAndAging+26↑r
EA00						  ; SubGameSelectSide+179↑r
EA00						  ; SubGameSelectSide+183↑r
EA00		      .BYTE 4, 4, 4, 5,	5, 5, 6, 6
EA00		      .BYTE 6, 7, 7, 7,	8, 8, 8, 9
EA18 00	00 00+	      .BYTE 0, 0, 0, 0,	0, 0, 0, 0
EA20 01	23 39+DNum_t: .BYTE 1, $23, $39, $47, $49, $96,	2, $29 ; ShowRobotType+8↑r
EA20 47	49 96+					  ; ShowRobotType+12↑r
EA20 02	29 20+					  ; BuildDroidSprite+37↑r
EA20 76	93 16+					  ; BuildDroidSprite+5F↑r
EA20 71	98 14+	      .BYTE $20, $76, $93, $16,	$71, $98, $14, $15
EA20 15	29 11+	      .BYTE $29, $11, $42, $51,	$21, $34, $83, $99
EA38 00	00 00+	      .BYTE 0, 0, 0, 0,	0, 0, 0, 0
EA40 04	01 02+DSpeed_t:.BYTE 4,	1, 2, 4, 2, 1, 8, 2 ; StartGame+16D↑r
EA40 04	02 01+					  ; BlowInto001+5F↑r
EA40 08	02 01+					  ; dMd0_droid+9C↑r
EA40 04	04 02+					  ; xferInitDroid+13↑r
EA40 02	02 01+	      .BYTE 1, 4, 4, 2,	2, 2, 1, 4
EA40 04	01 02+	      .BYTE 1, 2, 2, 2,	4, 8, 1, 4
EA58 00	00 00+	      .BYTE 0, 0, 0, 0,	0, 0, 0, 0
EA60 02	06 07+DColorTheme_t:.BYTE 2, 6,	7, 4, 6, 1, 8, 1 ; BuildIntroSprites+1D↑r
EA60 04	06 01+	      .BYTE 4, 5, 8, 1,	9, 5, 3, 6
EA60 08	01 04+	      .BYTE 8, 2, 9, 4,	3, 9, 8, 3
EA78 00	00 00+	      .BYTE 0, 0, 0, 0,	0, 0, 0, 0
EA80 00	00 00+DWeapon_t:.BYTE 0, 0, 0, 0, 0, 0,	0, 0 ; BlowInto001+6D↑r
EA80 00	00 00+					  ; xferInitDroid+E↑r
EA80 00	00 00+					  ; DoEnemyFire+5↑r
EA80 01	00 00+	      .BYTE 0, 1, 0, 0,	0, 0, 1, 1
EA80 00	00 01+	      .BYTE 2, 3, 3, 1,	2, 1, 1, 2
EA80 01	02 03+	      .BYTE 0, 0, 0, 0,	0, 0, 0, 0
EAA0 00	00 00+sndInstruments_t:.BYTE 0,	0, 0, 0, $10, $55, $F8,	$10
EAA0 00	10 55+					  ; StartInstrument+C↑r
EAA0 F8	10					  ; StartInstrument+1D↑r
EAA0						  ; StartInstrument+2A↑r
EAA0						  ; [0..6] = SID data (backwards!)
EAA0						  ; [7]	= AD duration
EAA8 00	00 00+	      .BYTE 0, 0, 0, 0,	$20, $55, $F8, $10
EAB0 00	00 00+	      .BYTE 0, 0, 0, 8,	$40, $55, $F8, $10
EAB8 00	00 00+	      .BYTE 0, 0, 0, 0,	$10, 0,	$56, $80
EAC0 00	00 00+	      .BYTE 0, 0, 0, 0,	$80, 0,	$CF, $FF
EAC8 00	00 00+	      .BYTE 0, 0, 0, 0,	$80, 0,	$FA, 8,	0
EAD1 00	00 00+	      .BYTE 0, 0, 0, $20, $55, $CD, $80
EAD8 00	00 00+	      .BYTE 0, 0, 0, 0,	$10, $55, $CD, $80
EAE0 00	00 00+	      .BYTE 0, 0, 0, 8,	$40, $55, $CD, $80
EAE8 00	00 00+	      .BYTE 0, 0, 0, 0,	$10, $33, $FC, $10
EAF0 00	00 00+	      .BYTE 0, 0, 0, 0,	$10, $80, $F0, $30
EAF8 00	00 00+	      .BYTE 0, 0, 0, 8,	$40, 0,	$F9, 2
EB00 66	00 67+DroidInfo_dat:.BYTE $66, 0, $67, 0, $68, 0, $69, 0, 0, $1B, $1A, $19, $4F, $32, $32, $32
EB00 00	68 00+	      .BYTE $A,	$50, 0,	$37, $FE, $2A, $51, $33, $52, $53, $61,	$54, $55, $A, $56, $3D
EB00 69	00 00+	      .BYTE $57, $58, $FE, $4F,	$59, $5A, $5B, $FF, 0, 0, 0, 0,	0, 0, 0, 0
EB00 1B	1A 19+	      .BYTE 0, 0, 0, 0,	0, 0, 0, 0, 0, 0, 0, 0,	0, 0, 0, 0
EB40 5E	00 5F+	      .BYTE $5E, 0, $5F, 0, $60, 0, 1, 1, $37, $55, $1E, $19, $19, $1F,	$23, $32
EB40 00	60 00+	      .BYTE $34, $35, 1, $A, $FE, $36, $37, $38, $39, $3A, $3B,	$2E, $3C, $3D, $3E, $3F
EB40 01	01 37+	      .BYTE $FF, 0, 0, 0, 0, 0,	0, 0, 0, 0, 0, 0, 0, 0,	0, 0
EB40 55	1E 19+	      .BYTE 0, 0, 0, 0,	0, 0, 0, 0, 0, 0, 0, 0,	0, 0, 0, 0
EB40 19	1F 23+	      .BYTE $6E, 0, $6D, 0, 1, 1, 1, 1,	$22, $3D, $1A, $19, $19, $1F, $32, $32
EB40 32	34 35+	      .BYTE $8A, $74, $75, $76,	$2E, $3E, $8B, $8C, $8D, $2C, $35, $FE,	$8E, $8C, $8F, $33
EB40 01	0A FE+	      .BYTE $43, $2E, $90, $35,	$FE, $91, $33, $92, $DC, $93, $FF, 0, 0, 0, 0, 0
EB40 36	37 38+	      .BYTE 0, 0, 0, 0,	0, 0, 0, 0, 0, 0, 0, 0,	0, 0, 0, 0
EB40 39	3A 3B+	      .BYTE $56, 0, $57, 0, $58, 0, 1, 1, $56, $4E, $1A, $31, $19, $1F,	$32, $32
EB40 2E	3C 3D+	      .BYTE $26, $28, 2, $A, $FE, $2B, $2C, $29, $2D, $2E, $2F,	$29, $1A, $30, $FF, 0
EB40 3E	3F FF+	      .BYTE 0, 0, 0, 0,	0, 0, 0, 0, 0, 0, 0, 0,	0, 0, 0, 0
EB40 00	00 00+	      .BYTE 0, 0, 0, 0,	0, 0, 0, 0, 0, 0, 0, 0,	0, 0, 0, 0
EB40 00	00 00+	      .BYTE $56, 0, $57, 0, $6A, 0, 1, 1, $63, $53, $25, $31, $19, $1F,	$32, $32
EB40 00	00 00+	      .BYTE $94, $5C, $2C, $29,	$1A, 2,	$A, $FF, 0, 0, 0, 0, 0,	0, 0, 0
EB40 00	00 00+	      .BYTE 0, 0, 0, 0,	0, 0, 0, 0, 0, 0, 0, 0,	0, 0, 0, 0
EB40 00	00 00+	      .BYTE 0, 0, 0, 0,	0, 0, 0, 0, 0, 0, 0, 0,	0, 0, 0, 0
EB40 00	00 00+	      .BYTE $74, 0, $53, 0, 1, 1, 1, 1,	$20, $2F, $1E, $31, $19, $1F, $32, $32
EB40 00	00 00+	      .BYTE $2A, $A, $33, $43, $95, $56, $96, $97, $FE,	$3D, $98, $33, $5B, $99, $29, $4E
EB40 00	00 00+	      .BYTE $FE, $4C, $74, $9A,	$53, $9B, $9C, $FF, 0, 0, 0, 0,	0, 0, 0, 0
EB40 00	00 00+	      .BYTE 0, 0, 0, 0,	0, 0, 0, 0, 0, 0, 0, 0,	0, 0, 0, 0
EB40 00	00 00+	      .BYTE $75, 0, $7A, 0, 1, 1, 1, 1,	7, $17,	$1A, $19, $19, $1F, $32, $32
EB40 00	6E 00+	      .BYTE $36, $37, $56, $9D,	$9E, $9F, $FE, $A0, $33, $5B, $99, $29,	$A1, $A2, $FF, 0
EB40 6D	00 01+	      .BYTE 0, 0, 0, 0,	0, 0, 0, 0, 0, 0, 0, 0,	0, 0, 0, 0
EB40 01	01 01+	      .BYTE 0, 0, 0, 0,	0, 0, 0, 0, 0, 0, 0, 0,	0, 0, 0, 0
EB40 22	3D 1A+	      .BYTE $7C, 0, $7B, 0, 1, 1, 1, 1,	7, $1F,	$1D, $19, $19, $1F, $32, $32
EB40 19	19 1F+	      .BYTE $A3, $A4, 3, $A, $FE, $8C, $1D, $A5, $A6, $99, $9E,	$3B, $FF, 0, 0,	0
EB40 32	32 8A+	      .BYTE 0, 0, 0, 0,	0, 0, 0, 0, 0, 0, 0, 0,	0, 0, 0, 0
EB40 74	75 76+	      .BYTE 0, 0, 0, 0,	0, 0, 0, 0, 0, 0, 0, 0,	0, 0, 0, 0
EB40 2E	3E 8B+	      .BYTE $56, 0, $76, 0, $53, 0, 1, 1, $41, $39, $1E, $31, $19, $1F,	$32, $32
EB40 8C	8D 2C+	      .BYTE $48, 4, $A,	$FE, $A7, $2E, $11, 4, $A8, $A9, $FF, 0, 0, 0, 0, 0
EB40 35	FE 8E+	      .BYTE 0, 0, 0, 0,	0, 0, 0, 0, 0, 0, 0, 0,	0, 0, 0, 0
EB40 8C	8F 33+	      .BYTE 0, 0, 0, 0,	0, 0, 0, 0, 0, 0, 0, 0,	0, 0, 0, 0
EB40 43	2E 90+	      .BYTE $75, 0, $76, 0, $58, 0, 1, 1, $32, $2A, $1A, $31, $4F, $1F,	$23, $32
EB40 35	FE 91+	      .BYTE $3F, 4, $A,	$FE, $77, $78, $AA, $AB, $2E, $AC, $AD,	$81, $2E, $29, $3F, $AE
EB40 33	92 DC+	      .BYTE $FE, $66, $3B, $4C,	$AF, $29, $B0, $B1, $59, $B2, $78, $3D,	$B3, $2C, $B4, $FF
EB40 93	FF 00+	      .BYTE 0, 0, 0, 0,	0, 0, 0, 0, 0, 0, 0, 0,	0, 0, 0, 0
EB40 00	00 00+	      .BYTE $75, 0, $86, 0, $85, 0, 1, 1, $48, $33, $1A, $31, $19, $1F,	$32, $32
EB40 00	00 00+	      .BYTE $E9, 4, $B,	$FE, $BA, $5C, $61, $AC, $8E, $E4, $E8,	$FF, 0,	0, 0, 0
EB40 00	00 00+	      .BYTE 0, 0, 0, 0,	0, 0, 0, 0, 0, 0, 0, 0,	0, 0, 0, 0
EB40 00	00 00+	      .BYTE 0, 0, 0, 0,	0, 0, 0, 0, 0, 0, 0, 0,	0, 0, 0, 0
EB40 00	00 00+	      .BYTE $6E, 0, $51, 0, $52, 0, 1, 1, $57, $4A, $1B, $31, $19, $1F,	$32, $32
EB40 00	00 00+	      .BYTE $A3, 5, $B,	$FE, $B5, $2E, $AC, $AD, $34, $A9, $B6,	$B7, $FE, $B8, $B9, $B2
EB40 00	00 56+	      .BYTE $FF, 0, 0, 0, 0, 0,	0, 0, 0, 0, 0, 0, 0, 0,	0, 0
EB40 00	57 00+	      .BYTE 0, 0, 0, 0,	0, 0, 0, 0, 0, 0, 0, 0,	0, 0, 0, 0
EB40 58	00 01+	      .BYTE $61, 0, $77, 0, $78, 0, $79, 0, $76, $3E, $1B, $31,	$19, $1F, $32, $32
EB40 01	56 4E+	      .BYTE $BA, 5, $B,	$FE, $B2, $78, $29, $3F, $FF, 0, 0, 0, 0, 0, 0,	0
EB40 1A	31 19+	      .BYTE 0, 0, 0, 0,	0, 0, 0, 0, 0, 0, 0, 0,	0, 0, 0, 0
EB40 1F	32 32+	      .BYTE 0, 0, 0, 0,	0, 0, 0, 0, 0, 0, 0, 0,	0, 0, 0, 0
EB40 26	28 02+	      .BYTE $89, 0, $8A, 0, $8B, 0, $8C, 0, $72, $5D, $1B, $31,	$19, $1F, $32, $32
EB40 0A	FE 2B+	      .BYTE $3D, $E2, $E3, $37,	$FE, $B5, $2E, $54, $29, $64, $99, $8E,	$E4, $FF, 0, 0
EB40 2C	29 2D+	      .BYTE 0, 0, 0, 0,	0, 0, 0, 0, 0, 0, 0, 0,	0, 0, 0, 0
EB40 2E	2F 29+	      .BYTE 0, 0, 0, 0,	0, 0, 0, 0, 0, 0, 0, 0,	0, 0, 0, 0
EB40 1A	30 FF+	      .BYTE $61, 0, $62, $63, $64, 0, $65, 0, $93, $79,	$1B, $31, $40, $1F, $22, $32
EB40 00	00 00+	      .BYTE $42, 8, 6, $B, $FE,	$43, $2E, $44, $45, $2C, $29, $3F, $46,	$47, $FE, $3D
EB40 00	00 00+	      .BYTE $48, $49, $4A, $37,	$FF, 0,	0, 0, 0, 0, 0, 0, 0, 0,	0, 0
EB40 00	00 00+	      .BYTE 0, 0, 0, 0,	0, 0, 0, 0, 0, 0, 0, 0,	0, 0, 0, 0
EB40 00	00 00+	      .BYTE $80, 0, $81, 0, 1, 1, 1, 1,	$20, $1D, $1A, $31, $4F, $1F, $23, $32
EB40 00	00 00+	      .BYTE $E3, 6, $B,	$FE, $B7, $E1, $4C, $74, $29, $EB, $EC,	$FE, $B4, $59, $DF, $BD
EB40 00	00 00+	      .BYTE $EA, $FF, 0, 0, 0, 0, 0, 0,	0, 0, 0, 0, 0, 0, 0, 0
EB40 00	00 00+	      .BYTE 0, 0, 0, 0,	0, 0, 0, 0, 0, 0, 0, 0,	0, 0, 0, 0
EB40 00	00 00+	      .BYTE $66, 0, $82, 0, 1, 1, 1, 1,	9, $3B,	$1E, $31, $4F, $1F, $22, $32
EB40 00	00 00+	      .BYTE $48, 6, $B,	$FE, $4F, $59, $4C, $4D, $29, $5A, $FE,	$B4, $59, $5B, $99, $3D
EB40 00	00 00+	      .BYTE $9E, $ED, $A2, $FE,	$DB, $F0, $77, $78, $E5, $EF, $99, $29,	$EE, $5C, $FF, 0
EB40 00	00 00+	      .BYTE 0, 0, 0, 0,	0, 0, 0, 0, 0, 0, 0, 0,	0, 0, 0, 0
EB40 56	00 57+	      .BYTE $59, 0, $5A, $5D, $5B, 0, $5C, 0, $93, $66,	$1B, $31, $41, $21, $24, $32
EB40 00	6A 00+	      .BYTE $27, $28, 7, $B, $FE, $41, $33, $4C, $4D, $29, $4E,	$FE, $2B, $2C, $29, $2D
EB40 01	01 63+	      .BYTE $38, $BB, $78, $29,	$BC, $FF, 0, 0,	0, 0, 0, 0, 0, 0, 0, 0
EB40 53	25 31+	      .BYTE 0, 0, 0, 0,	0, 0, 0, 0, 0, 0, 0, 0,	0, 0, 0, 0
EB40 19	1F 32+	      .BYTE $87, 0, $88, 0, $64, 0, $65, 0, $87, $8C, $1B, $31,	$41, $1F, $24, $32
EB40 32	94 5C+	      .BYTE $2A, $5C, $33, $29,	$2B, $95, $43, $74, $29, $BC, $FF, 0, 0, 0, 0, 0
EB40 2C	29 1A+	      .BYTE 0, 0, 0, 0,	0, 0, 0, 0, 0, 0, 0, 0,	0, 0, 0, 0
EB40 02	0A FF+	      .BYTE 0, 0, 0, 0,	0, 0, 0, 0, 0, 0, 0, 0,	0, 0, 0, 0
EB40 00	00 00+	      .BYTE $8D, 0, $8E, 0, $8F, 0, $90, 0, $93, $E3, $1B, $31,	$4F, $1F, $32, $32
EB40 00	00 00+	      .BYTE $BD, $27, $28, 7, $B, $FE, $B7, $3D, $F1, $F2, $F7,	$F6, $F3, $BB, $FE, $B4
EB40 00	00 00+	      .BYTE $59, $29, $39, $C3,	7, $F4,	$F5, $4C, $FF, 0, 0, 0,	0, 0, 0, 0
EB40 00	00 00+	      .BYTE 0, 0, 0, 0,	0, 0, 0, 0, 0, 0, 0, 0,	0, 0, 0, 0
EB40 00	00 00+	      .BYTE $6B, $6C, 1, 1, 1, 1, 1, 1,	0, $1C,	$1A, $31, $4F, $1F, $24, $23
EB40 00	00 00+	      .BYTE $3D, $BD, $BE, $1A,	$5D, $33, $77, $4D, $2A, $B, $FE, $91, $61, $BF, $29, $3F
EB40 00	00 00+	      .BYTE $53, $65, $47, $C0,	$C1, $C0, $C2, $74, $C3, $C4, $FF, 0, 0, 0, 0, 0
EB40 00	00 00+	      .BYTE 0, 0, 0, 0,	0, 0, 0, 0, 0, 0, 0, 0,	0, 0, 0, 0
EB40 00	00 00+	      .BYTE $83, 0, $84, 0, 1, 1, 1, 1,	$10, $22, $1A, $31, $4F, $1F, $24, $32
EB40 00	00 00+	      .BYTE $A3, $A4, $1A, 8, $B, $FE, $77, $78, $E5, $E6, $1A,	$5D, $FE, $2A, $B, $33
EB40 00	00 00+	      .BYTE $BD, $E7, $49, $33,	$4B, $BE, $FF, 0, 0, 0,	0, 0, 0, 0, 0, 0
EB40 00	00 00+	      .BYTE 0, 0, 0, 0,	0, 0, 0, 0, 0, 0, 0, 0,	0, 0, 0, 0
EB40 00	00 00+	      .BYTE $6F, 0, $70, $71, $72, 0, $73, 0, $62, $4F,	$1D, $31, $C5, $1F, $24, $32
EB40 00	74 00+	      .BYTE $2A, $B, $DA, $73, $46, $C6, $C7, $FE, $56,	$C8, $CA, $C9, $91, $CB, $CC, $CD
EB40 53	00 01+	      .BYTE $38, $CE, $CF, $FF,	0, 0, 0, 0, 0, 0, 0, 0,	0, 0, 0, 0
EB40 01	01 01+	      .BYTE 0, 0, 0, 0,	0, 0, 0, 0, 0, 0, 0, 0,	0, 0, 0, 0
EB40 20	2F 1E+	      .BYTE $7D, 0, $7E, 0, $7F, 0, $6B, $6C, $87, $A2,	$1A, $D8, $4F, $23, $24, $22
EB40 31	19 1F+	      .BYTE $D4, 9, $C,	$FE, $77, $78, $3D, $D5, $A4, $2C, $12,	$FE, $5B, $99, $3D, 8
EB40 32	32 2A+	      .BYTE $B,	$1A, $5D, $56, $D6, $FE, $D7, $29, 0, $37, $DB,	$4B, $54, $3D, $D8, $12
EB40 0A	33 43+	      .BYTE $56, $D9, $FF, 0, 0, 0, 0, 0, 0, 0,	0, 0, 0, 0, 0, 0
F100 49	89 25+lvPtr_lo:.BYTE $49, $89, $25, $5C, $6C, $5B, $5B,	$78
F100 5C	6C 5B+					  ; con_DeckInfo+17↑r
F100 5B	78 47+					  ; BuildLevel+E↑r
F100 F9	76 98+	      .BYTE $47, $F9, $76, $98,	$E5, $20, $AF, $CB ; f249 f289 f325 f35c
F100 E5	20 AF+					  ; f46c f55b f65b f778
F110 F2	F2 F3+lvPtr_hi:.BYTE $F2, $F2, $F3, $F3, $F4, $F5, $F6,	$F7
F110 F3	F4 F5+					  ; con_DeckInfo+1C↑r
F110 F6	F7 F8+					  ; BuildLevel+13↑r
F110 F8	F9 FA+	      .BYTE $F8, $F8, $F9, $FA,	$FB, $FD, $FD, $FE ; f847 f8f9 f976 fa98
F110 FB	FD FD+					  ; fbe5 fd20 fdaf fecb
F110 FE						  ;
F120 00	01 01+lift_DeckY:.BYTE 0, 1, 1,	2, 2, 3, 4, 5 ;	lift_HighlightDeck+7↑r
F120 02	02 03+	      .BYTE 6, 7, 3, 6,	9, 9, 8, 9
F130 05	0F 05+lift_DeckX:.BYTE 5, $F, 5, 3, $10, $12, $14, $16
F130 03	10 12+					  ; lift_HighlightDeck+12↑r
F130 14	16 16+	      .BYTE $16, $16, 9, 9, 9, $12, 0, 0
F140 01	01 01+lift_DeckHeight:.BYTE 1, 1, 1, 1,	1, 1, 1, 1
F140 01	01 01+					  ; lift_HighlightDeck+2↑r
F140 01	01 01+	      .BYTE 1, 1, 3, 3,	3, 2, 1, 1
F150 11	0F 08+lift_DeckWidth:.BYTE $11,	$F, 8, $D, $12,	$12, $12, $E
F150 0D	12 12+					  ; lift_HighlightDeck+1E↑r
F150 12	0E 0C+	      .BYTE $C,	8, $D, $D, $D, 4, $1A, $18
F160 00	04 01+deckColorScheme:.BYTE 0, 4, 1, 2,	3, 6, 2, 1 ; InitColors+1C↑r
F160 02	03 06+	      .BYTE 4, 0, 4, 3,	2, 5, 5, 4
F170 03	0C 03+deckNumDroids:.BYTE 3, 12, 3, 10,	9, 10, 9, 10 ; NextLevel+2F↑r
F170 0A	09 0A+	      .BYTE 7, 5, 20, 18, 16, 5, 8, 9 ;	actually +1 in table
F180 A9	49 25+SideView_dat:.BYTE $A9, $49, $25,	1, $D, $A9, $B,	0, $25,	$D, $A9, $2F, $26, $81,	6, 2
F180 01	0D A9+	      .BYTE $29, $29, $25, $81,	4, $26,	$81, 4,	2, $29,	$29, $25, $D, $A9, $25,	0
F180 0B	00 25+	      .BYTE 1, $26, $81, 9, $27, 0, $81, 3, $26, $81, 5, $25, 1, $27, $81, 4
F180 0D	A9 2F+	      .BYTE 2, $A9, $1E, $A8, 5, $26, $A8, 3, $25, $84,	7, 5, 0, 1, $26, $81
F180 26	81 06+	      .BYTE 5, $26, $81, 8, 2, $A9, $1C, $A8, 5, $26, $A8, 3, $26, $87,	8, 4
F180 02	29 29+	      .BYTE 5, $27, $25, $81, 4, $26, $81, $A, 2, $A9, $1A, $A8, 5, $26, $A8, 3
F180 25	81 04+	      .BYTE $26, $8A, $A, 1, $26, 0, $81, 3, $26, $81, 8, 2, $A9, $1C, $A8, 5
F180 26	81 04+	      .BYTE $26, $A8, 3, $26, $84, $B, $26, 0, $81, 3, $26, $81, 6, 2, $A9, $1E
F180 02	29 29+	      .BYTE $A8, 5, $26, $A8, 3, $26, $87, $B, $26, 0, $26, 1, 1, $27, 1, 1
F180 25	0D A9+	      .BYTE 2, $A9, $22, 0, $81, 4, $26, 1, 1, 2, $26, $8A, $B,	$26, 0,	$26
F180 25	00 01+	      .BYTE 1, 2, $A9, $26, 0, $81, 4, $27, 1, 1, 2, $26, $84, 7, 5, 3
F180 26	81 09+	      .BYTE 4, 4, $26, 0, $27, $A9, $31, $26, $87, 7, 8, 9, $A,	$A, $27, $A9
F180 27	00 81+	      .BYTE $33, $27, $8A, 7, $B, $A9, $C0, $A9, $C0
F249 80	CE 07+Deck0_dat:.BYTE $80, $CE,	7, $84,	4, 6, $80, $3A,	5, 3, $95, 3, 5, $80, $3A, 8
F249 84	04 06+	      .BYTE $84, 4, 9, $80, $3A, $80, $4A, 7, $84, 4, 6, $80, $3A, 5, $16, $95
F249 80	3A 05+	      .BYTE 3, 8, $84, 3, 6, $80, $36, 5, $12, $95, 6, 3, 5, $80, $36, 5
F249 03	95 03+	      .BYTE $95, 4, 7, $84, 3, 9, $80, $36, 8, $84, 4, 9, $80, $C0, $80, $C0
F289 80	04 07+Deck1_dat:.BYTE $80, 4, 7, $84, 7, $C, $84, 7, $C, 4, 4, 6, $80, $2C, 5, $95
F289 84	07 0C+	      .BYTE 7, 1, $95, 7, 1, $15, $13, 5, $80, $2C, 8, $84, 7, $B, $15,	7
F289 84	07 0C+	      .BYTE $84, 4, 2, $B, $15,	$15, $D, $84, 7, 6, $80, $2C, 5, $15, 5, $95
F289 04	04 06+	      .BYTE 5, 8, 4, 4,	$B, $95, 5, $10, $15, $D, $84, 3, 6, $80, $28, 5
F289 80	2C 05+	      .BYTE 3, 5, $95, 8, 1, $15, $15, 3, $95, 4, 1, $15, $15, $13, 5, $80
F289 95	07 01+	      .BYTE $28, $D, 4,	9, $95,	3, $18,	$95, 4,	5, $95,	5, $11,	$15, $D, $84
F289 95	07 01+	      .BYTE 3, 9, $80, $20, 7, $84, 7, $B, $16,	$12, $95, 7, $13, $D, $84, 7
F289 15	13 05+	      .BYTE 9, $80, $24, 5, $95, 7, 1, $95, 6, $11, $15, $11, $16, 5, $80, $2C
F289 80	2C 08+	      .BYTE 8, $84, 7, $A, $84,	$A, 9, $80, $4C, 7, $84, 4, 6, $80, $3A, 5
F289 84	07 0B+	      .BYTE 3, $95, 3, 5, $80, $3A, 8, $84, 4, 9, $80, $C0
F325 80	CC 07+Deck2_dat:.BYTE $80, $CC,	7, $84,	$14, 6,	$80, $2A, 5, $95, 7, $1E, $15, $1E, $15, $10
F325 84	14 06+	      .BYTE $95, 5, $14, $15, $14, 5, $80, $2A,	5, 3, $95, $13,	5, $80,	$2A, 5
F325 80	2A 05+	      .BYTE $95, 7, $1E, $15, $1E, $15,	$16, $95, 5, $14, $15, $14, 5, $80, $2A, 8
F325 95	07 1E+	      .BYTE $84, $14, 9, $80, $FF, $80,	$FF
F35C 80	06 07+Deck3_dat:.BYTE $80, 6, 7, $84, $B, $C, $84, $C, $C, $84,	7, 6, $80, $1E,	5, $1C
F35C 84	0B 0C+	      .BYTE $9D, 3, $95, 7, 1, $95, $C,	1, $95,	7, 5, $80, $1E,	5, $15,	$15
F35C 84	0C 0C+	      .BYTE $1C, $95, 8, $D, $84, $A, 6, $15, 5, $95, 7, 5, $80, $1E, 5, $95
F35C 84	07 06+	      .BYTE $B,	5, $15,	$15, $10, $95, 7, 5, $15, 5, $95, 7, 5,	$80, $1E, 5
F35C 80	1E 05+	      .BYTE $14, $95, $A, 5, $95, $A, 5, $15, 5, $95, 7, 5, $80, $1E, 8, $84
F35C 1C	9D 03+	      .BYTE 3, $C, $84,	3, 2, $84, 3, $B, $95, $A, 5, $15, 5, $95, 7, 5
F35C 95	07 01+	      .BYTE $80, $22, 5, $95, 7, 5, $95, $A, 5,	$15, 8,	$84, 6,	2, $B, $80
F35C 95	0C 01+	      .BYTE $22, 5, $95, 4, 3, $15, $15, 1, $95, 6, $16, $F, $15, $15, 1, $95
F35C 95	07 05+	      .BYTE 5, 3, $95, 3, 5, $80, $22, 5, $95, 7, 5, $95, $A, $D, 2, $84
F35C 80	1E 05+	      .BYTE 3, 6, $15, 7, 4, 4,	$B, $80, $1E, 7, $84, 3, $A, $84, 7, $B
F35C 15	15 1C+	      .BYTE $95, $A, 5,	$95, 4,	5, $15,	5, $15,	$15, 5,	$80, $1E, 5, $14, $95
F35C 95	08 0D+	      .BYTE 5, $1C, $1D, $1C, $15, $15,	5, $95,	$A, 5, $95, 4, 1, $15, 5, $15
F35C 84	0A 06+	      .BYTE $15, 5, $80, $1E, 5, $95, 7, $1C, $1C, $15,	$15, 5,	$95, 9,	$11, 5
F35C 15	05 95+	      .BYTE $95, 4, 5, $15, 5, $15, $15, 5, $80, $1E, 5, $95, 6, $1D, $95, 4
F35C 07	05 80+	      .BYTE $D,	$84, $A, $B, $95, 4, 5,	$15, 5,	$15, $15, 5, $80, $1E, 5, $95
F35C 1E	05 95+	      .BYTE $B,	1, $95,	$A, 1, $95, 4, 5, $15, 1, $15, $15, 5, $80, $1E, 8
F35C 0B	05 15+	      .BYTE $84, $B, $A, $84, $A, $A, $84, 4, $A, 4, $A, 4, 4, 9, $80, $C0
F46C 80	04 07+Deck4_dat:.BYTE $80, 4, 7, $84, $E, 6, $80, $30, 5, $95, $E, 5, $80, $30,	5, $95
F46C 84	0E 06+	      .BYTE 3, $F, $95,	4, $F, $95, 5, $D, 4, 4, $C, 4,	$C, $84, 6, 6
F46C 80	30 05+	      .BYTE $80, $24, 5, $95, $E, 5, $15, $15, 1, $15, 1, $95, 5, $10, 5, $80
F46C 95	0E 05+	      .BYTE $24, 5, $95, 3, 7, $84, 4, 6, $95, 5, 5, $15, $15, $D, 4, $B
F46C 80	30 05+	      .BYTE $95, 6, 5, $80, $24, 5, $95, 3, 5, $1C, $1D, $15, $1D, 5, $95, 5
F46C 95	03 0F+	      .BYTE 1, $15, $15, 5, 3, 5, $95, 6, $D, $84, 5, 6, $80, $1E, 5, $95
F46C 95	04 0F+	      .BYTE 3, 5, $95, 4, $D, 2, $84, 4, $A, 4,	4, 9, $15, 8, $84, 6
F46C 95	05 0D+	      .BYTE 9, $95, 5, $D, $84,	3, 6, $80, $1A,	5, $15,	$16, $15, 5, $15, $15
F46C 04	04 0C+	      .BYTE $18, $15, 1, $15, $15, 3, $95, $E, 3, $95, 5, 1, $15, $15, $14, 5
F46C 04	0C 84+	      .BYTE $80, $1A, 5, $95, 3, 5, $95, 4, $D,	2, $84,	4, $C, $84, $B,	6
F46C 06	06 80+	      .BYTE $95, 5, $D,	$84, 3,	9, $80,	$1A, 5,	$95, 3,	5, $95,	4, 5, $95
F46C 24	05 95+	      .BYTE 5, 5, $1E, $95, $A,	$D, $84, 5, 9, $80, $1E, 5, $95, 3, 8, $84
F46C 0E	05 15+	      .BYTE 4, 9, $95, 5, 1, $95, $B, 5, $80, $24, 5, $95, $E, 5, $11, $95
F46C 15	01 15+	      .BYTE $A,	5, $80,	$24, 5,	$95, 3,	$F, $95, 4, $F,	$95, 5,	$D, $84, $B
F46C 01	95 05+	      .BYTE 9, $80, $24, 5, $95, $E, 5,	$80, $30, 8, $84, $E, 9, $80, $C0
F55B 80	04 07+Deck5_dat:.BYTE $80, 4, 7, $84, 6, $C, 4,	6, $80,	$36, 5,	$95, 6,	1, $15,	$D
F55B 84	06 0C+	      .BYTE $84, 3, 6, $80, $32, 5, $95, 6, 5, $15, 5, $9C, 3, 8, 4, $C
F55B 04	06 80+	      .BYTE $84, 5, 6, $80, $2A, 5, $95, 5, $13, 5, $15, 1, $95, 4, $13, 5
F55B 36	05 95+	      .BYTE $12, $95, 4, 5, $80, $2A, 5, $95, 4, $11, $16, 5, $15, 5, $95, 4
F55B 06	01 15+	      .BYTE 7, $A, 6, $95, 4, 5, $80, $2A, 5, $95, 3, 7, 4, 4, 9, $15
F55B 0D	84 03+	      .BYTE 8, $84, 4, 9, 3, 8,	4, 4, 2, 4, $E,	$84, 7,	6, $80,	$22
F55B 06	80 32+	      .BYTE 5, $95, 3, 1, $95, $10, 1, $95, 7, $D, $84,	7, 6, $80, $1A,	$D
F55B 05	95 06+	      .BYTE 4, 4, $C, $A, 2, 4,	6, 3, 7, $84, 3, $C, $84, 7, $B, $95
F55B 05	15 05+	      .BYTE 3, $F, $95,	3, 1, $95, 6, $13, 5, $80, $1A,	5, $15,	$15, 5,	$95
F55B 9C	03 08+	      .BYTE 3, 5, $15, 5, $9C, 3, 5, $1C, $1D, $1D, $15, $15, $1C, $15,	5, $95
F55B 04	0C 84+	      .BYTE 7, $D, $84,	7, 9, $80, $1A,	5, $15,	$15, 5,	$14, $15, $14, 5, $15
F55B 05	06 80+	      .BYTE 5, $15, $15, $1C, 5, $95, 5, $1D, $15, $D, $84, 7, 9, $80, $22, 5
F55B 2A	05 95+	      .BYTE $15, $1C, 5, $95, 3, 5, $15, 1, $95, 3, 1, $95, 7, 5, $80, $2A
F55B 05	13 05+	      .BYTE 5, $15, $15, 8, $84, 3, $A,	2, $B, $95, 3, 5, $95, 3, $1C, $1D
F55B 15	01 95+	      .BYTE $15, $15, 5, $80, $2A, 5, $95, 8, 5, $9D, 3, $D, $84, 7, 9,	$80
F55B 04	13 05+	      .BYTE $2A, 5, $95, 8, $D,	$84, 3,	9, $80,	$32, 8,	$84, 8,	9, $80,	$C0
F65B 80	04 07+Deck6_dat:.BYTE $80, 4, 7, $84, 4, 6, $80, $3A, 5, $16, $10, $15,	$15, $D, $84, 3
F65B 84	04 06+	      .BYTE 6, $80, $36, 5, $12, $95, 3, 5, $90, 3, 8, 4, $C, $84, 9, 6
F65B 80	3A 05+	      .BYTE $80, $2A, 5, $95, 4, 1, $95, 5, 1, $95, 9, 5, $80, $2A, 5, $95
F65B 16	10 15+	      .BYTE 3, 7, $A, 4, 2, 4, 6, $15, 8, 6, $15, $15, $F, $15,	$15, $F
F65B 15	0D 84+	      .BYTE $15, $15, $D, $84, 7, 6, $80, $22, 5, $95, 3, 5, $95, 4, 5,	$15
F65B 03	06 80+	      .BYTE 3, 5, $95, 8, 1, $95, 7, $D, $84, 3, 6, $80, $1E, 5, $15, $15
F65B 36	05 12+	      .BYTE 7, 9, $95, 4, 5, $15, 7, $A, 4, 4, $C, $84,	3, $C, 4, $E
F65B 95	03 05+	      .BYTE 2, $84, 4, 6, $15, 1, $95, 3, $D, $84, 3, 6, $80, $1A, 5, $15
F65B 90	03 08+	      .BYTE $15, 5, 3, $95, 4, 5, $15, 5, $95, 3, 5, $10, $15, $15, 1, $14
F65B 04	0C 84+	      .BYTE 5, $95, 4, $16, 8, 4, $B, $95, 3, 1, $15, $15, $16,	5, $80,	$1A
F65B 09	06 80+	      .BYTE 5, $15, 7, $A, $84,	3, 2, 4, $B, $15, 5, $95, 3, 5,	$95, 3
F65B 2A	05 95+	      .BYTE $D,	4, $B, $95, 7, 1, $95, 3, $D, $84, 3, 9, $80, $1A, 5, $15
F65B 04	01 95+	      .BYTE 5, $95, 6, 5, $15, 5, $12, $15, $15, 5, $95, 3, 5, $15, 1, $95
F65B 05	01 95+	      .BYTE 6, $14, $D,	$84, 3,	9, $80,	$1E, 5,	$15, 5,	$95, 6,	5, $15,	$D
F65B 09	05 80+	      .BYTE 4, 4, 2, $A, 4, 4, 2, 9, $15, $D, $84, 7, 9, $80, $22, 5
F65B 2A	05 95+	      .BYTE $15, 5, $95, 6, 5, $15, 1, $95, 9, 5, $80, $2A, 5, $15, 8, 4
F65B 03	07 0A+	      .BYTE 4, 6, $11, $16, $11, $D, 4,	$A, $84, 9, 9, $80, $2A, 5, $95, 3
F65B 04	02 04+	      .BYTE 3, $D, $84,	3, 9, $80, $36,	8, $84,	4, 9, $80, $C0
F778 80	47 07+Deck7_dat:.BYTE $80, $47,	7, $84,	6, 6, $80, $38,	5, $95,	5, $13,	$D, $84, 9, 6
F778 84	06 06+	      .BYTE $80, $2E, 5, $95, 5, $16, 5, $14, $95, 5, $1D, $1C,	$14, 5,	$80, $2E
F778 80	38 05+	      .BYTE $D,	$84, 3,	$C, 2, 4, 9, $95, 9, $D, $84, 5, 6, $80, $28, 5
F778 95	05 13+	      .BYTE $95, 3, 1, $15, $15, 3, $95, 9, 5, $95, 4, $16, $D,	$84, 3,	6
F778 0D	84 09+	      .BYTE $80, $24, 5, $12, $15, $15,	5, $15,	7, $84,	8, 6, $15, 5, $95, 5
F778 06	80 2E+	      .BYTE 5, $95, 3, $D, $84,	3, 6, $80, $20,	5, $95,	3, 5, $15, 5, $14
F778 05	95 05+	      .BYTE $95, 7, 5, $15, 1, $95, 5, 1, $95, 3, 1, $15, $15, $13, 5, $80
F778 16	05 14+	      .BYTE $20, 5, $95, 3, 5, $15, 5, $18, $95, 6, $13, 5, $15, 5, $95, 5
F778 95	05 1D+	      .BYTE 5, $95, 3, $D, $84,	3, 9, $80, $20,	$D, $84, 3, $B,	$15, 8,	6
F778 1C	14 05+	      .BYTE $95, 7, 5, $15, 5, $95, 4, $11, $D,	$84, 3,	9, $80,	$24, 5,	$95
F778 80	2E 0D+	      .BYTE 3, 1, $15, $15, 8, 4, 4, 2,	$84, 4,	9, $15,	$D, $84, 5, 9
F778 84	03 0C+	      .BYTE $80, $28, 5, $95, 3, 8, 6, $95, $B,	5, $80,	$2E, 5,	$95, 4,	5
F778 02	04 09+	      .BYTE $16, 7, $84, 9, 9, $80, $2E, 8, $84, 4, $A,	4, 9, $80, $C0
F847 80	47 07+Deck8_dat:.BYTE $80, $47,	7, $84,	6, 6, $80, $38,	5, $95,	6, $D, $84, 7, 6, $80
F847 84	06 06+	      .BYTE $30, 5, $95, 6, 5, $14, $95, 5, $1E, 5, $80, $30, $D, $84, 3, $C
F847 80	38 05+	      .BYTE 2, 4, 9, $95, 7, $D, $84, 5, 6, $80, $2A, 5, $95, 3, 1, $15
F847 95	06 0D+	      .BYTE $15, 3, $95, 7, 1, $95, 5, $D, $84,	3, 6, $80, $26,	5, $95,	3
F847 84	07 06+	      .BYTE 5, $15, 7, $84, 8, $E, 2, $84, 3, 2, $B, $95, 3, 8,	$84, 3
F847 80	30 05+	      .BYTE 6, $80, $22, 5, $95, 3, 5, $15, 1, $95, 8, 5, $95, 5, 5, $95
F847 95	06 05+	      .BYTE 6, $13, 5, $80, $22, 5, $95, 3, 8, 4, $A, 6, $95, 7, 5, $95
F847 14	95 05+	      .BYTE 5, 1, $95, 3, 7, $84, 3, 9,	$80, $22, 5, $95, 4, $14, $10, 5
F847 1E	05 80+	      .BYTE $95, 7, 5, $95, 4, $16, $D,	$84, 3,	9, $80,	$26, 5,	$12, $95, 5
F847 30	0D 84+	      .BYTE 5, $95, 7, $D, $84,	5, 9, $80, $2A,	5, $95,	6, 5, $95, 7, 5
F847 03	0C 02+	      .BYTE $80, $30, 5, $16, $95, 5, $D, $84, 7, 9, $80, $30, 8, $84, 6, 9
F847 04	09 95+	      .BYTE $80, $C0
F8F9 80	8E 07+Deck9_dat:.BYTE $80, $8E,	7, $84,	6, 6, $80, $38,	5, $95,	5, $13,	$D, $84, 5, 6
F8F9 84	06 06+	      .BYTE $80, $32, 5, 3, $95, 4, 7, 9, $14, $95, 3, $14, 5, $80, $32, 5
F8F9 80	38 05+	      .BYTE $95, 5, 1, 3, $95, 5, $D, $84, 3, 6, $80, $2E, $D, 2, $84, 4
F8F9 95	05 13+	      .BYTE $A,	6, $95,	5, 5, $15, $15,	$14, 5,	$80, $2E, 5, $95, 6, 5,	$95
F8F9 0D	84 05+	      .BYTE 5, 1, $95, 3, 5, $80, $2E, 5, $95, 6, 5, $95, 5, 5,	$1E, $15
F8F9 06	80 32+	      .BYTE $15, 5, $80, $2E, 5, $95, 6, 5, $95, 5, $D,	$84, 3,	9, $80,	$2E
F8F9 05	03 95+	      .BYTE 5, $95, 6, 5, $14, $95, 3, $14, 5, $80, $32, 5, $16, $95, 3, $11
F8F9 04	07 09+	      .BYTE $15, $D, $84, 5, 9,	$80, $32, 8, $84, 6, 9,	$80, $FF
F976 80	06 07+DeckA_dat:.BYTE $80, 6, 7, $84, $D, $C, $84, $D, $C, $84,	4, 6, $80, $1E,	5, $16
F976 84	0D 0C+	      .BYTE $95, $C, 5,	$95, $D, 5, $95, 3, $1C, 5, $80, $1E, 5, $12, $95, $C
F976 84	0D 0C+	      .BYTE 5, $95, $D,	5, $15,	$9D, 3,	5, $80,	$1E, $D, 4, 6, $95, $B,	1
F976 84	04 06+	      .BYTE $15, $15, 7, $84, 7, 6, $15, $15, 5, $95, 4, 5, $80, $1E, 5, 3
F976 80	1E 05+	      .BYTE 1, $95, $B,	1, $15,	$15, 5,	$16, $14, $15, $14, $15, $14, $16, 5, $15
F976 16	95 0C+	      .BYTE $15, 5, $95, 4, 5, $80, $1E, $D, 4,	$A, 2, 2, 6, $95, 8, 5
F976 05	95 0D+	      .BYTE $15, $15, 1, $95, 7, 1, $15, $15, 1, $95, 4, 5, $80, $1E, 5, $95
F976 05	95 03+	      .BYTE 4, 5, $95, 8, 5, $15, $15, 1, $95, 7, 1, $15, $15, 5, $95, 4
F976 1C	05 80+	      .BYTE 5, $80, $1E, 5, $95, 4, 8, $84, 4, 2, 2, 4,	4, $E, 2, 2
F976 1E	05 12+	      .BYTE $A,	$84, 7,	$A, 4, 4, $E, $84, 3, 2, $B, $80, $1E, 5, $95, $D
F976 95	0C 05+	      .BYTE 5, $95, 4, $9C, 3, $1D, $95, 5, 5, $16, $95, 3, 5, $80, $1E, 5
F976 95	0D 05+	      .BYTE $95, $D, 5,	$95, $D, 1, $95, 4, 5, $80, $1E, 5, $95, $D, 1,	$95
F976 15	9D 03+	      .BYTE $D,	5, $95,	4, 5, $80, $1E,	5, $95,	4, $16,	$95, 3,	$14, $95, 4
F976 05	80 1E+	      .BYTE 1, $95, 4, $16, $95, 3, $14, $95, 4, 5, $95, 4, 5, $80, $1E, 5
F976 0D	04 06+	      .BYTE $95, 4, $F,	$95, 3,	$F, $95, 4, 5, $95, 4, $F, $95,	3, $F, $95
F976 95	0B 01+	      .BYTE 3, $1C, 5, $95, 4, 5, $80, $1E, 5, $95, $D,	5, $95,	$B, $1D, $1C
F976 15	15 07+	      .BYTE 5, $95, 4, 5, $80, $1E, 5, $95, $D,	5, $95,	$B, $1D, $1D, 5, $15
F976 84	07 06+	      .BYTE $11, $15, 3, 5, $80, $1E, 8, $84, $D, $A, $84, $D, $A, $84,	4, 9
F976 15	15 05+	      .BYTE $80, $40
FA98 80	06 07+DeckB_dat:.BYTE $80, 6, 7, $84, $20, 6, $80, $1E,	5, $95,	$20, 5,	$80, $1E, 5, $95
FA98 84	20 06+	      .BYTE $20, 5, $80, $1E, 5, $15, $15, 7, 2, 2, 4, $C, $84,	4, 2, 2
FA98 80	1E 05+	      .BYTE $C,	2, 2, $84, 5, $C, $84, 5, 2, 2,	6, $15,	$15, 5,	$80, $1E
FA98 95	20 05+	      .BYTE 5, 3, $11, 5, $95, 3, 5, $16, $95, 5, 5, $95, 5, $14, $16, 5
FA98 80	1E 05+	      .BYTE $14, $15, $15, $14,	$95, 3,	5, $15,	$15, 5,	$80, $1E, $D, 4, 4, 9
FA98 95	20 05+	      .BYTE $15, $15, $1D, 5, $95, 6, 5, $95, 6, $14, 5, $95, 7, 5, $15, $15
FA98 80	1E 05+	      .BYTE 5, $80, $1E, 5, $16, $18, $14, $95,	3, 5, $95, 6, 5, $95, 7, 5
FA98 15	15 07+	      .BYTE $95, 7, 5, $15, $15, 5, $80, $1E, 5, $95, 6, 5, $15, $15, $14, $F
FA98 02	02 04+	      .BYTE $15, $15, 5, $15, $15, $F, $95, 4, 5, $95, 4, $F, $15, $15,	5, $15
FA98 0C	84 04+	      .BYTE $15, 5, $80, $1E, 5, $15, $1C, $1D,	$95, 3,	5, $95,	6, 5, $15, $1D
FA98 02	02 0C+	      .BYTE $95, 5, 5, $15, $1C, $1C, $95, 4, 5, $15, $15, 5, $80, $1E,	5, $15
FA98 02	02 84+	      .BYTE $15, $1D, $95, 3, 5, $95, 6, 5, $15, $1D, $15, $15,	$1D, $15, $15, 5
FA98 05	0C 84+	      .BYTE $1C, $1D, $95, 5, 5, $15, $15, 5, $80, $1E,	5, $15,	$1D, $95, 4, 5
FA98 05	02 02+	      .BYTE $95, 6, 5, $95, 5, $1C, $15, 5, $95, 7, 5, $15, $15, 5, $80, $1E
FA98 06	15 15+	      .BYTE 5, $95, 6, 5, $95, 6, 5, $95, 3, $1C, $95, 3, 5, $95, 7, 5
FA98 05	80 1E+	      .BYTE $15, $15, 5, $80, $1E, 5, $15, $15,	$F, $95, 3, 5, $15, $15, $14, $F
FA98 05	03 11+	      .BYTE $15, $15, 5, $15, $15, $F, $95, 4, 5, $15, $1D, $15, $15, $F, $15, $15
FA98 05	95 03+	      .BYTE 5, $15, $15, 5, $80, $1E, 5, $95, 6, 1, $95, 6, 1, $95, 7, 1
FA98 05	16 95+	      .BYTE $95, 7, 5, $15, $15, 5, $80, $1E, 5, $95, 6, 1, $95, 6, 1, $95
FA98 05	05 95+	      .BYTE 7, 1, $95, 6, $16, 5, $11, 3, 5, $80, $1E, 8, $84, 6, $A, $84
FA98 05	14 16+	      .BYTE 6, $A, $84,	7, $A, $84, 7, $A, 4, 4, 9, $80, $C0
FBE5 80	0A 07+DeckC_dat:.BYTE $80, $A, 7, $84, 5, $C, $84, $12,	6, $80,	$26, 5,	$95, 5,	1, $95
FBE5 84	05 0C+	      .BYTE $12, 5, $80, $26, 5, $95, 5, 1, $95, 4, $1A, $17, $1B, $95,	$B, 5
FBE5 84	12 06+	      .BYTE $80, $26, 5, $15, $15, 7, 2, 4, $B,	$15, $15, $1A, 4, 9, $19, 8
FBE5 80	26 05+	      .BYTE 4, $1B, $95, 3, $1A, $17, $1B, $95,	3, 5, $80, $26,	5, 3, $15, 5
FBE5 95	05 01+	      .BYTE $15, $15, 5, $15, $15, 5, $10, $99,	3, $10,	5, $15,	$1A, 4,	9, $19
FBE5 95	12 05+	      .BYTE 8, 4, $1B, $15, 5, $80, $26, 5, $15, $15, 5, $15, $15, 5, $15, $15
FBE5 80	26 05+	      .BYTE 5, $99, 5, 5, $15, 5, $10, $99, 3, $10, 5, $15, 5, $80, $26, 5
FBE5 95	05 01+	      .BYTE $15, $15, 5, $16, $15, 5, $15, $15,	5, $99,	4, $16,	5, $15,	5, $99
FBE5 95	04 1A+	      .BYTE 5, 5, $15, 5, $80, $26, 5, $15, $15, $D, 4,	2, $B, $15, $15, 5
FBE5 17	1B 95+	      .BYTE $99, 5, 5, $15, 5, $99, 4, $16, 5, $15, 5, $80, $26, 5, $15, $15
FBE5 0B	05 80+	      .BYTE 5, $15, $15, 5, $15, $15, 5, $99, 5, 5, $15, 5, $99, 5, 5, $15
FBE5 26	05 15+	      .BYTE 5, $80, $26, 5, $15, $15, 5, $15, $15, 5, $15, $15,	5, $14,	$99, 3
FBE5 15	07 02+	      .BYTE $14, 5, $15, 5, $99, 5, 5, $15, 5, $80, $26, 5, $15, $15, 5, $15
FBE5 04	0B 15+	      .BYTE $15, 5, $15, $15, 8, $C, 4,	2, 4, $C, 9, $15, 5, $14, $99, 3
FBE5 15	1A 04+	      .BYTE $14, 5, $15, 5, $80, $26, 5, $15, $15, 5, $14, $11,	5, $95,	3, 5
FBE5 09	19 08+	      .BYTE $99, 3, 5, $15, $15, 8, $C,	4, 2, 4, $C, 9,	$15, 5,	$80, $26
FBE5 04	1B 95+	      .BYTE 5, $15, $15, 8, 4, 4, $B, $95, 3, 8, 4, 2, 4, 9, $95, 3
FBE5 03	1A 17+	      .BYTE 5, $99, 3, 5, $15, $15, 5, $80, $26, 5, $95, 5, 1, $95, $B,	8
FBE5 1B	95 03+	      .BYTE 4, 2, 4, 9,	$15, $15, 5, $80, $26, 5, $95, 5, 1, $95, $12, 5
FBE5 05	80 26+	      .BYTE $80, $26, 8, $84, 5, $A, $84, $12, 9, $80, $C0
FD20 80	12 07+DeckD_dat:.BYTE $80, $12,	7, $84,	8, 6, $80, $36,	5, $95,	8, 5, $80, $36,	5, $95
FD20 84	08 06+	      .BYTE 8, 5, $80, $36, 5, $15, $15, $1A, $17, $1B,	$95, 3,	5, $80,	$36, 5
FD20 80	36 05+	      .BYTE $15, 7, 9, $19, 8, 6, $15, $15, 5, $80, $36, 5, $15, 5, $10, $19
FD20 95	08 05+	      .BYTE $10, 5, $15, $15, 5, $80, $36, 5, $15, 5, $99, 3, 5, $15, $15, 5
FD20 80	36 05+	      .BYTE $80, $36, 5, $15, 5, $99, 3, 5, $15, $15, 5, $80, $36, 5, $15, 5
FD20 95	08 05+	      .BYTE $99, 3, 5, $15, $15, 5, $80, $36, 5, $15, 8, $C, 2,	$C, 9, $15
FD20 80	36 05+	      .BYTE $15, 5, $80, $36, 5, $15, $15, 5, $19, 5, $95, 3, 5, $80, $36, 5
FD20 15	15 1A+	      .BYTE $15, $15, 8, 2, 9, $15, $15, $13, 5, $80, $36, 5, $16, $95,	7, 5
FD20 17	1B 95+	      .BYTE $80, $36, 8, $84, 6, 6, 3, 5, $80, $3D, 8, 4, 9, $80, $C0
FDAF 80	0E 07+DeckE_dat:.BYTE $80, $E, 7, $84, $E, $C, $84, 5, 6, $80, $26, 7, $84, 3, $B, $95
FDAF 84	0E 0C+	      .BYTE $E,	5, $95,	5, 5, $80, 8, 7, $84, 4, 6, $80, $18, 5, $16, $10
FDAF 84	05 06+	      .BYTE $15, 5, $95, $E, 5,	$95, 5,	5, $80,	8, 5, 3, $95, 3, 5, $80
FDAF 80	26 07+	      .BYTE $18, 5, $95, 3, 5, $95, $E,	1, $95,	5, 5, $80, 8, $D, $84, 3
FDAF 84	03 0B+	      .BYTE 2, $E, $84,	3, 6, $80, $14,	5, $95,	3, 1, $95, $E, 5, $15, $15
FDAF 95	0E 05+	      .BYTE $F,	$15, $15, 5, $80, 8, 5,	$16, $95, 3, 5,	$95, 3,	5, $80,	$14
FDAF 95	05 05+	      .BYTE 8, $84, 3, $A, 4, $C, $84, 3, 6, $95, 7, $16, 5, $15, $15, $1D
FDAF 80	08 07+	      .BYTE $1C, $15, 5, $80, 8, 5, $95, 4, 1, $95, 3, 5, $80, $1A, 5, $95
FDAF 84	04 06+	      .BYTE 3, $D, 2, $84, 7, $B, $15, $15, $1C, $1C, $1E, 5, $80, 8, 5, $95
FDAF 80	18 05+	      .BYTE 4, 5, $95, 3, 5, $80, $1A, 5, $12, $15, $15, 1, $95, 6, 3, $15
FDAF 16	10 15+	      .BYTE 1, $15, $13, $F, $1D, $15, 5, $80, 8, 5, $95, 4, $D, $84, 3, 9
FDAF 05	95 0E+	      .BYTE $80, $1A, 5, $95, 3, $D, 2,	$84, 7,	$B, $95, 3, $1D, $15, 5, $80
FDAF 05	95 05+	      .BYTE 8, 5, $95, 4, 5, $80, $18, 7, $84, 3, $C, 4, $A, $84, 3, 9
FDAF 05	80 08+	      .BYTE $95, 7, $16, 5, $95, 5, 5, $80, 8, 8, $84, 4, 9, $80, $18, 5
FDAF 05	03 95+	      .BYTE $95, 3, 1, $95, $E,	5, $15,	$15, $F, $15, $15, 5, $80, $26,	5, $95
FDAF 03	05 80+	      .BYTE 3, 5, $95, $E, 1, $95, 5, 5, $80, $26, 5, $16, $11,	$15, 5,	$95
FDAF 18	05 95+	      .BYTE $E,	5, $95,	5, 5, $80, $26,	8, $84,	3, $B, $95, $E,	5, $95,	5
FDAF 03	05 95+	      .BYTE 5, $80, $2A, 8, $84, $E, $A, $84, 5, 9, $80, $C0
FECB 80	12 07+DeckF_dat:.BYTE $80, $12,	7, $84,	$E, $C,	4, 6, $80, $26,	7, $84,	7, $B, $95, $E
FECB 84	0E 0C+	      .BYTE 1, $15, 5, $80, 8, 7, 4, 4,	6, $80,	$1A, 5,	$95, 3,	$1D, $15
FECB 04	06 80+	      .BYTE $15, $16, 5, $95, 3, $F, $15, 7, $84, 3, $C, 2, $84, 3, $B,	$15
FECB 26	07 84+	      .BYTE 5, $80, 8, 5, 3, $15, 5, $80, $1A, 5, $95, 7, 1, $95, 5, 1
FECB 07	0B 95+	      .BYTE $15, $15, $10, 5, $95, 4, 5, $15, 5, $80, 8, 5, $15, $15, $D, 4
FECB 0E	01 15+	      .BYTE 6, $80, $18, 5, $11, $95, 6, 5, $95, 5, 5, $95, 3, 5, $95, 4
FECB 05	80 08+	      .BYTE 5, $15, 5, $80, 8, 5, $15, $15, 5, $14, 5, $80, $18, 8, $84, 7
FECB 07	04 04+	      .BYTE $A,	$84, 3,	6, $15,	5, $15,	$15, $14, 5, $95, 3, $13, 5, $15, 5
FECB 06	80 1A+	      .BYTE $80, 8, 5, $15, $15, 1, $15, 5, $80, $24, $D, 2, $A, 4, $C,	4
FECB 05	95 03+	      .BYTE $B,	$95, 4,	5, $15,	5, $80,	8, 5, $15, $15,	5, $14,	5, $80,	$24
FECB 1D	15 15+	      .BYTE 5, $15, $15, $14, 5, 3, 5, $95, 3, $16, 5, $15, 5, $80, 8, 5
FECB 16	05 95+	      .BYTE $15, $15, $D, 4, 9,	$80, $24, 5, $95, 3, 5,	$15, $D, $84, 4, $A
FECB 03	0F 15+	      .BYTE 2, $B, $80,	8, 5, $18, $16,	5, $80,	$1A, 7,	$84, $B, $B, $14, $15
FECB 07	84 03+	      .BYTE $16, 5, $15, 1, $95, 6, 5, $80, 8, 8, 4, 4,	9, $80,	$1A, 5
FECB 0C	02 84+	      .BYTE $15, $1D, $95, 9, $D, $84, 3, $A, 2, $E, 2,	$84, 5,	$B, $80, $26
FECB 03	0B 15+	      .BYTE 5, $9C, 3, $15, $15, $1D, $95, 5, 1, $95, 5, 5, $95, 6, 5, $80
FECB 05	80 08+	      .BYTE $26, 5, $95, $B, 5,	$15, $F, $15, $F, $15, 5, $95, 6, 5, $80, $26
FECB 05	03 15+	      .BYTE 8, $84, 7, 6, $16, $15, $11, 5, $95, 5, 5, $95, 5, $13, 5, $80
FECB 05	80 1A+	      .BYTE $2E, 8, $84, 3, $A,	$84, 5,	$A, $84, 6, 9, $80, $C0
FFF8 FF		      .BYTE  $FF ;
FFF9 00		      .BYTE    0 ;
FFFA FF	00    byte_0_FFFA:.BYTE	$FF, 0		  ; Restart0+32↑w Restart0+35↑w
FFFC F7	00    byte_0_FFFC:.BYTE	$F7, 0		  ; Restart0+28↑w Restart0+2B↑w
FFFE F7	F7    byte_0_FFFE:.BYTE	$F7, $F7	  ; Restart0+1E↑w TitleLoop+1B↑w
FFFE						  ; ShowTitle+19↑w Irq_254+21↑w
FFFE						  ; Irq_91+2F↑w	Irq_118+5B↑w
FFFE						  ; Irq_246+18↑w Restart0+21↑w
FFFE						  ; TitleLoop+1E↑w
FFFE						  ; ShowTitle+1C↑w Irq_254+26↑w
FFFE						  ; Irq_91+34↑w	Irq_118+60↑w
FFFE						  ; Irq_246+1D↑w
FFFE	      ;	end of 'ROM'
FFFE		      .END
